battery_id,cycle_index,operation_type,ambient_temperature_C,start_time,charge_cycle,duration_s,mean_voltage_V,max_voltage_V,mean_current_A,mean_charger_current_A,mean_charger_voltage_V,mean_temperature_C,max_temperature_C,discharge_cycle,capacity_Ah,state_of_health,min_voltage_V,Re_ohm,Rct_ohm
B0005,0,charge,24.0,2008-04-02 13:08:17,1.0,7597.875,4.187419504014827,4.2099486995035615,0.6434546691871927,0.6384524714828897,4.359486692015209,25.32407901830568,27.445134031590747,,,,,,
B0005,1,discharge,24.0,2008-04-02 15:25:41,,3690.234,3.5298286688693397,,-1.8187019641679727,,,32.572328114029,38.98218133148803,1.0,1.8564874208181574,0.9282437104090787,2.612467347907089,,
B0005,2,charge,24.0,2008-04-02 16:37:51,2.0,10516.0,4.058826443375249,4.213016370444398,0.9490426727251161,0.9417617021276596,4.430904255319149,26.635622628116085,29.34194895777482,,,,,,
B0005,3,discharge,24.0,2008-04-02 19:43:48,,3672.344,3.5373201277859714,,-1.8175598506612867,,,32.72523522519307,39.033397966787035,2.0,1.846327249719927,0.9231636248599635,2.587208728940726,,
B0005,4,charge,24.0,2008-04-02 20:55:40,3.0,10484.547,4.058138828852896,4.212788046609961,0.9505286974657304,0.9431141942369264,4.402618996798292,26.778175507896698,29.553300732538816,,,,,,
B0005,5,discharge,24.0,2008-04-03 00:01:06,,3651.641,3.5437367282719,,-1.8164865418840956,,,32.64286193755933,38.818796689817404,3.0,1.8353491942234077,0.9176745971117038,2.6519168938437794,,
B0005,6,charge,24.0,2008-04-03 01:12:38,4.0,10397.89,4.058904789088504,4.212924011950438,0.9523115206216739,0.9447352625937836,4.418978563772776,26.70320405781683,29.456340289732644,,,,,,
B0005,7,discharge,24.0,2008-04-03 04:16:37,,3631.563,3.5436661072601456,,-1.8255891938692528,,,32.51487646204882,38.7623045063458,4.0,1.8352625275821128,0.9176312637910564,2.592947964776547,,
B0005,8,charge,24.0,2008-04-03 05:27:49,5.0,10495.203,4.058329981003973,4.2128738833616,0.9477284862498987,0.9403607257203841,4.364055496264675,26.617004288392003,29.4813335075363,,,,,,
B0005,9,discharge,24.0,2008-04-03 08:33:25,,3629.172,3.5423432526672167,,-1.8261139590277586,,,32.38234901543077,38.66539257343368,5.0,1.8346455082120419,0.9173227541060209,2.547419651124539,,
B0005,10,charge,24.0,2008-04-03 09:44:35,6.0,10792.672,4.059785107501149,4.212763963219923,0.9326606943848299,0.9256123949579832,4.326279411764706,26.51849450408942,29.39582042914756,,,,,,
B0005,11,discharge,24.0,2008-04-03 12:55:10,,3652.281,3.5413347346347575,,-1.8168108743168803,,,32.43418218230641,38.75169504640032,6.0,1.8356616600675495,0.9178308300337747,2.5209480504077413,,
B0005,12,charge,24.0,2008-04-03 14:06:43,7.0,10789.985,4.058914241429766,4.213176751734383,0.9322724824266048,0.9251428571428572,4.287875,26.620706323978894,29.438424119486054,,,,,,
B0005,13,discharge,24.0,2008-04-03 17:17:16,,3650.828,3.5410250495075215,,-1.816791144707133,,,32.480416444757985,38.8207012322275,7.0,1.8351461429226603,0.9175730714613302,2.487927319492314,,
B0005,14,charge,24.0,2008-04-03 18:28:47,8.0,10127.562,4.053425643583468,4.212850577044761,0.9653291698755072,0.9578858695652174,4.4560641304347826,26.737918888901717,29.510810563981206,,,,,,
B0005,15,discharge,24.0,2008-04-03 21:28:14,,3572.453,3.554133296801584,,-1.8443412120754061,,,32.41046186109587,38.51713023385634,8.0,1.8257567905665537,0.9128783952832769,2.6652049047458775,,
B0005,16,charge,24.0,2008-04-03 22:38:27,9.0,10147.952999999994,4.055637707823975,4.213141772335243,0.9616213808811537,0.9542204125950055,4.4105298588490776,26.74145703066146,29.668813794471543,,,,,,
B0005,17,discharge,24.0,2008-04-04 01:38:15,,3550.594,3.5529355991467955,,-1.853972745505648,,,32.3461408313,38.526267904657,9.0,1.8247738529891333,0.9123869264945667,2.6038584726333673,,
B0005,18,charge,24.0,2008-04-04 02:48:06,10.0,10162.094,4.0551389874488235,4.212949842741421,0.9608152867945828,0.9531161780673181,4.418718783930511,26.7021703105932,29.779288735822295,,,,,,
B0005,19,discharge,24.0,2008-04-04 05:48:08,,3551.25,3.5512057319376997,,-1.8535899338510957,,,32.27679750791685,38.52698128472781,10.0,1.824613268496936,0.912306634248468,2.552853984885676,,
B0005,20,charge,24.0,2008-04-04 06:58:00,11.0,10119.375,4.054491573689291,4.2132271723869295,0.961954518108792,0.9543456521739131,4.4077847826086956,26.608132946993933,29.71100043300344,,,,,,
B0005,21,discharge,24.0,2008-04-04 09:57:19,,3530.25,3.549292319740949,,-1.863380178294828,,,32.15709350345252,38.54143406601644,11.0,1.8246195526864504,0.9123097763432252,2.4724483018527317,,
B0005,22,charge,24.0,2008-04-04 11:06:50,12.0,10013.235,4.0526146919932,4.212826399381091,0.9688176644385617,0.9611226725082148,4.446259583789704,26.63314786563377,29.79634895864274,,,,,,
B0005,23,charge,24.0,2008-04-04 15:05:59,13.0,9586.875,4.076087195502948,4.212863906558764,0.948479102987148,0.9409453734671126,4.453830546265329,27.033644494333256,30.37677905152779,,,,,,
B0005,24,discharge,24.0,2008-04-04 17:56:27,,3491.016,3.559759220648976,,-1.872968810287894,,,32.36407129853099,38.52197451768004,12.0,1.8142019357673917,0.9071009678836959,2.64956413267546,,
B0005,25,charge,24.0,2008-04-04 19:05:19,14.0,9952.359,4.054612747973269,4.212724851227894,0.9671176035785914,0.9594374999999999,4.433821271929825,26.870618187745674,30.05302011094364,,,,,,
B0005,26,discharge,24.0,2008-04-04 22:01:54,,3470.281,3.558081969139198,,-1.8826095043160833,,,32.3181954403762,38.582485834057856,13.0,1.8137521577549054,0.9068760788774527,2.5724981777366227,,
B0005,27,charge,24.0,2008-04-04 23:10:25,15.0,10758.031000000003,4.059265909682025,4.213057848582499,0.9281364622466176,0.9207749737118822,4.244855941114617,26.738987031481408,30.168468843680714,,,,,,
B0005,28,discharge,24.0,2008-04-05 02:20:26,,3470.0,3.555692244172496,,-1.882536787636365,,,32.15709029211502,38.520294134873915,14.0,1.8134404914735822,0.9067202457367911,2.5249886697730286,,
B0005,29,charge,24.0,2008-04-05 03:28:57,16.0,9921.75,4.053495431054621,4.213191057068328,0.9687280220511734,0.9609857299670691,4.435383095499452,26.692190227813647,30.06078601207466,,,,,,
B0005,30,discharge,24.0,2008-04-05 06:25:01,,3450.297,3.562746818017503,,-1.8817935155260215,,,32.04407000314609,38.21358592965045,15.0,1.8025980036306504,0.9012990018153252,2.694621861688723,,
B0005,31,charge,24.0,2008-04-05 07:33:12,17.0,10000.25,4.057009589497505,4.212768567166564,0.9622055340791629,0.9545514223194749,4.417856673960612,26.563313470921162,29.84105303532721,,,,,,
B0005,32,discharge,24.0,2008-04-05 10:30:32,,3429.407,3.5614521756489204,,-1.8921861285036712,,,31.931593674911532,38.1983618706913,16.0,1.80210690024615,0.901053450123075,2.64010141737067,,
B0005,33,charge,24.0,2008-04-05 11:38:22,18.0,9936.031,4.056509050138727,4.21291099996523,0.9646896474341132,0.9571701427003293,4.464809001097694,26.52595276450022,29.90236309006016,,,,,,
B0005,34,discharge,24.0,2008-04-05 14:34:41,,3409.484,3.5603420474985823,,-1.9027629207037406,,,31.941655359029298,38.31926916027133,17.0,1.802579500826209,0.9012897504131046,2.5739035098380962,,
B0005,35,charge,24.0,2008-04-05 15:42:11,19.0,9989.532,4.055991881873581,4.213175415157681,0.962272056961881,0.954698795180723,4.422258488499453,26.591676949772925,30.108307461804788,,,,,,
B0005,36,discharge,24.0,2008-04-05 18:39:25,,3390.422,3.5591189041401865,,-1.9133470605822436,,,31.965008645476725,38.4787542519308,18.0,1.8030683142834096,0.9015341571417048,2.4942396831720126,,
B0005,37,charge,24.0,2008-04-05 19:46:36,20.0,10158.782,4.056478346718693,4.212972694840331,0.9537153567418096,0.9463156182212581,4.377891540130152,26.645032205307864,30.32132377942574,,,,,,
B0005,38,discharge,24.0,2008-04-05 22:46:35,,3390.281,3.557886771846508,,-1.9131602105481538,,,31.966241678512723,38.54659017774874,19.0,1.8027776247196041,0.9013888123598021,2.4556793246645583,,
B0005,39,charge,24.0,2008-04-18 17:34:22,21.0,10289.312,4.079851333950047,4.212806303346363,0.9411642330468534,0.9334212218649518,4.407660235798499,25.663244609650953,29.01875034428269,,,,,,
B0005,40,impedance,24.0,2008-04-18 20:55:29,,,,,,,,,,,,,,0.04466870036616091,0.06945627304536996
B0005,41,discharge,24.0,2008-04-18 21:10:19,,3591.734,3.5520375235511907,,-1.8553455745575975,,,32.37143341978575,38.44749852224995,20.0,1.8470259949329193,0.9235129974664597,2.632142800798914,,
B0005,42,impedance,24.0,2008-04-18 22:39:16,,,,,,,,,,,,,,0.04668700162486933,0.07627474098530587
B0005,43,charge,24.0,2008-04-18 22:53:58,22.0,10283.077999999994,4.057903790387567,4.213442172806784,0.9612867786553304,0.9536472491909385,4.438400215749731,26.015018000119397,29.356471957843606,,,,,,
B0005,44,impedance,24.0,2008-04-19 02:14:27,,,,,,,,,,,,,,0.044843430573346096,0.0679720560130687
B0005,45,discharge,24.0,2008-04-19 02:29:09,,3552.297,3.5525668436897124,,-1.8746995273150975,,,32.70024990461686,38.992275791716615,21.0,1.847417311283644,0.923708655641822,2.5027764692056795,,
B0005,46,impedance,24.0,2008-04-19 03:57:24,,,,,,,,,,,,,,0.04619468955099375,0.07453388918437964
B0005,47,charge,24.0,2008-04-19 04:12:06,23.0,10281.39,4.056383883924776,4.212832102518414,0.963212383695507,0.9553798701298704,4.4329090909090905,26.09181445728815,29.32754285404437,,,,,,
B0005,48,impedance,24.0,2008-04-19 07:32:33,,,,,,,,,,,,,,0.04510114851143001,0.06852832896000328
B0005,49,discharge,24.0,2008-04-19 07:47:15,,3531.578,3.556794038327039,,-1.873827212788385,,,32.32266411829938,38.51424197364312,22.0,1.8361774213478947,0.9180887106739474,2.617507742871704,,
B0005,50,impedance,24.0,2008-04-19 09:15:10,,,,,,,,,,,,,,0.04599074473076839,0.07342664108773311
B0005,51,charge,24.0,2008-04-19 09:29:52,24.0,10081.797,4.058279288673889,4.212770290752828,0.9697506680439039,0.9619234135667397,4.443292122538293,25.709030057450274,28.938506516868497,,,,,,
B0005,52,impedance,24.0,2008-04-19 12:47:00,,,,,,,,,,,,,,0.044172075577171746,0.06804449516996176
B0005,53,discharge,24.0,2008-04-19 13:01:42,,3492.907,3.5614100044534203,,-1.883193546754683,,,31.98795810666763,38.165816144899125,23.0,1.8257807475776242,0.9128903737888121,2.694074478000972,,
B0005,54,impedance,24.0,2008-04-19 14:28:58,,,,,,,,,,,,,,0.0452171085992494,0.07464778408413367
B0005,55,charge,24.0,2008-04-19 14:43:41,25.0,10797.328,4.065739463308087,4.213276766831537,0.931056714150449,0.9236,4.299253684210527,25.473631563964574,28.754789972770777,,,,,,
B0005,56,impedance,24.0,2008-04-19 18:12:47,,,,,,,,,,,,,,0.043786628196075913,0.06845021227072765
B0005,57,discharge,24.0,2008-04-19 18:27:29,,3511.594,3.5566107947817986,,-1.873239184822504,,,31.894456524691385,38.16526203587147,24.0,1.8251136435078368,0.9125568217539184,2.6237674644021887,,
B0005,58,impedance,24.0,2008-04-19 19:55:05,,,,,,,,,,,,,,0.04490994541365791,0.07395687603254197
B0005,59,charge,24.0,2008-04-19 20:09:47,26.0,10099.218,4.0611501521821065,4.212690151499114,0.9648375330851495,0.9569312227074237,4.447651746724891,25.427401199812184,28.688602374299098,,,,,,
B0005,60,impedance,24.0,2008-04-19 23:27:13,,,,,,,,,,,,,,0.04463932198878524,0.0683410113732366
B0005,61,discharge,24.0,2008-04-19 23:41:55,,3431.9370000000054,3.5586742170266272,,-1.9139593751505897,,,31.78039681801023,38.27549578575718,25.0,1.8255815042203762,0.9127907521101881,2.5010798299873738,,
B0005,62,impedance,24.0,2008-04-20 01:08:11,,,,,,,,,,,,,,0.04717044086931744,0.07208112164479205
B0005,63,charge,24.0,2008-04-20 01:22:53,27.0,10078.719,4.060647477294544,4.212873191810286,0.9656310887431298,0.9577846994535518,4.455490710382514,25.37095530984966,28.633407089003214,,,,,,
B0005,64,impedance,24.0,2008-04-20 04:39:59,,,,,,,,,,,,,,0.043558785775475374,0.06868237655872211
B0005,65,discharge,24.0,2008-04-20 04:54:41,,3431.125,3.564103182686905,,-1.9030532722310995,,,31.688747146342205,37.982160799183106,26.0,1.8140311275083907,0.9070155637541953,2.6849988185249796,,
B0005,66,impedance,24.0,2008-04-20 06:20:57,,,,,,,,,,,,,,0.04648969708635643,0.07102909339339247
B0005,67,charge,24.0,2008-04-20 06:35:39,28.0,10617.375,4.067270138639281,4.213238259402031,0.9343625511181636,0.9267738853503185,4.321113588110404,25.273682170348483,28.589954117359028,,,,,,
B0005,68,impedance,24.0,2008-04-20 10:01:46,,,,,,,,,,,,,,0.04526547818261783,0.0681437253042456
B0005,69,discharge,24.0,2008-04-20 10:16:28,,3412.406,3.559588063594272,,-1.9134590742247914,,,31.596747992569153,38.11100191887773,27.0,1.8147691941158939,0.9073845970579469,2.547109116468133,,
B0005,70,impedance,24.0,2008-04-20 11:42:26,,,,,,,,,,,,,,0.0463622366817154,0.07193029860543036
B0005,71,charge,24.0,2008-04-20 11:57:08,29.0,10564.157,4.06627015738475,4.213312787594857,0.9378723891405097,0.9302843450479233,4.347584664536741,25.188122631656277,28.50176643400805,,,,,,
B0005,72,impedance,24.0,2008-04-20 15:22:22,,,,,,,,,,,,,,0.044483715777434665,0.06782555719716843
B0005,73,discharge,24.0,2008-04-20 15:37:05,,3410.688,3.556833231052199,,-1.913620909902553,,,31.565586498787077,38.18831137948753,28.0,1.813969388710352,0.906984694355176,2.471314764334132,,
B0005,74,impedance,24.0,2008-04-20 17:03:01,,,,,,,,,,,,,,0.04482791300205649,0.07288826952758304
B0005,75,charge,24.0,2008-04-20 17:17:44,30.0,10143.984,4.063497194671534,4.212902355486726,0.9583515841331876,0.9507788671023965,4.433454248366013,25.208644345593083,28.530897709955585,,,,,,
B0005,76,impedance,24.0,2008-04-20 20:35:56,,,,,,,,,,,,,,0.04441416485910045,0.06885805241213436
B0005,77,discharge,24.0,2008-04-20 20:50:38,,3410.718,3.5624410850948944,,-1.9025819745719061,,,31.59124667045208,37.998541119085836,29.0,1.802765665167823,0.9013828325839115,2.6613903306108773,,
B0005,78,impedance,24.0,2008-04-20 22:16:35,,,,,,,,,,,,,,0.04466450679894579,0.0727868237536811
B0005,79,charge,24.0,2008-04-20 22:31:18,31.0,10790.452999999994,4.070367166586395,4.212958241599311,0.923985399312232,0.9166269757639622,4.29054478398314,25.22309620072603,28.577658552419905,,,,,,
B0005,80,impedance,24.0,2008-04-21 02:00:19,,,,,,,,,,,,,,0.04453544590029642,0.06779434699116274
B0005,81,discharge,24.0,2008-04-21 02:15:02,,3392.719,3.5591407106855666,,-1.9130621638638965,,,31.603485399391182,38.194201649765226,30.0,1.804077040117352,0.902038520058676,2.541762355407921,,
B0005,82,impedance,24.0,2008-04-21 03:26:58,,,,,,,,,,,,,,0.04502135245555801,0.06940408185539676
B0005,83,charge,24.0,2008-04-21 17:51:26,32.0,10442.891,4.0705017213426595,4.213259231541884,0.9376239238395178,0.9302763018065887,4.357848034006377,25.60871637467594,28.9596644463361,,,,,,
B0005,84,charge,24.0,2008-04-22 14:15:41,33.0,1674.484,4.210968137972064,8.393141180564633,0.0073240257131663026,0.008161512027491408,0.14543298969072166,23.904181418379917,24.01713143780734,,,,,,
B0005,85,discharge,24.0,2008-04-22 15:33:49,,3470.672,3.5573161327793144,,-1.920618117118412,,,31.91556385491565,38.45796400011448,31.0,1.8518025516704486,0.9259012758352243,2.628919415830567,,
B0005,86,impedance,24.0,2008-04-22 16:33:03,,,,,,,,,,,,,,0.04610646564263781,0.07041083307756363
B0005,87,charge,24.0,2008-04-22 17:04:53,34.0,10113.656,4.130785490934083,4.209223108011576,0.6962458837408647,0.6908220825362121,4.23631675321126,25.487835720020833,28.988708015070493,,,,,,
B0005,88,impedance,24.0,2008-04-22 19:54:32,,,,,,,,,,,,,,0.04646251600050638,0.06993774302336724
B0005,89,discharge,24.0,2008-04-22 20:26:18,,3414.109,3.561870782772737,,-1.9298830859597569,,,32.081128118597164,38.49126351534004,32.0,1.8307038456739428,0.9153519228369714,2.6312552691827045,,
B0005,90,impedance,24.0,2008-04-22 21:24:34,,,,,,,,,,,,,,0.04766732499763113,0.06870142026856427
B0005,91,charge,24.0,2008-04-22 21:56:21,35.0,10137.89,4.1327876409997755,4.2088651384450735,0.6900210401744445,0.6842504091653028,4.251123840698308,25.536147530542536,29.096040691287843,,,,,,
B0005,92,impedance,24.0,2008-04-23 00:46:24,,,,,,,,,,,,,,0.04772385451119983,0.06950417544214327
B0005,93,discharge,24.0,2008-04-23 01:18:11,,3395.219,3.5617586337260088,,-1.9293005284805407,,,31.849792632896243,38.31473393357882,33.0,1.8199041089501267,0.9099520544750633,2.654880745360911,,
B0005,94,impedance,24.0,2008-04-23 02:16:08,,,,,,,,,,,,,,0.04786769518725868,0.06782851501053842
B0005,95,charge,24.0,2008-04-23 02:47:55,36.0,10651.657,4.137730987261442,4.208915856299548,0.652562076583841,0.6470267532467532,4.035221298701299,25.116393283510156,28.801172039065204,,,,,,
B0005,96,impedance,24.0,2008-04-23 05:46:32,,,,,,,,,,,,,,0.04694022963323793,0.069661211991841
B0005,97,discharge,24.0,2008-04-23 06:18:19,,3386.0,3.5597307651083123,,-1.923330987770314,,,31.465690433362017,37.861934640176806,34.0,1.8093079637028517,0.9046539818514259,2.6749688422803803,,
B0005,98,impedance,24.0,2008-04-23 07:16:07,,,,,,,,,,,,,,0.045613419083722975,0.0690386303340568
B0005,99,charge,24.0,2008-04-23 07:47:54,37.0,10032.485,4.135482199390235,4.209312403034285,0.6894028487761957,0.6836146839635661,4.3193171404913056,24.93654575305907,28.45707570576707,,,,,,
B0005,100,impedance,24.0,2008-04-23 10:36:13,,,,,,,,,,,,,,0.04702798243208013,0.07112946749607083
B0005,101,discharge,24.0,2008-04-23 11:08:00,,3368.187,3.5575937553540915,,-1.9284469980320087,,,31.40934895665031,37.90665575786083,35.0,1.80460990458052,0.90230495229026,2.6159705726789904,,
B0005,102,impedance,24.0,2008-04-23 12:05:30,,,,,,,,,,,,,,0.04672887233883059,0.06971129972921941
B0005,103,charge,24.0,2008-04-23 12:37:17,38.0,10574.297,4.139326441744096,4.209847565954341,0.6521290223116658,0.6467467923540193,4.092517151086672,25.09997200587896,28.65264667440442,,,,,,
B0005,104,impedance,24.0,2008-04-23 15:34:37,,,,,,,,,,,,,,0.047755380262671634,0.07167079612312527
B0005,105,discharge,24.0,2008-04-23 16:06:25,,3368.266,3.5597237883937995,,-1.9231439161693824,,,31.902247475518077,38.34003238560517,36.0,1.7993770651972192,0.8996885325986096,2.658447162110498,,
B0005,106,impedance,24.0,2008-04-23 17:03:55,,,,,,,,,,,,,,0.04691622519628201,0.06913343554751465
B0005,107,charge,24.0,2008-04-23 17:35:42,39.0,10461.735,4.138977878664847,4.208965362941993,0.6568967324675313,0.6513195767195767,4.08774708994709,25.238210571113736,28.898824039759212,,,,,,
B0005,108,impedance,24.0,2008-04-23 20:31:10,,,,,,,,,,,,,,0.047022939446838434,0.06976696183555635
B0005,109,discharge,24.0,2008-04-23 21:02:58,,3358.719,3.559061771422033,,-1.9170149640438081,,,31.649024294808623,38.0745950590744,37.0,1.7884432335370462,0.8942216167685231,2.6979426084271156,,
B0005,110,impedance,24.0,2008-04-23 22:00:19,,,,,,,,,,,,,,0.046604793185003,0.06852215228822905
B0005,111,charge,24.0,2008-04-23 22:32:06,40.0,9993.062000000005,4.1375438860840354,4.209292498751627,0.6848687577377983,0.6789608876560335,4.335140915395285,25.076721129383717,28.633513419804633,,,,,,
B0005,112,impedance,24.0,2008-04-24 01:19:46,,,,,,,,,,,,,,0.046245370477528074,0.0719248993978976
B0005,113,discharge,24.0,2008-04-24 01:51:33,,3339.5,3.557015527748059,,-1.922048805055383,,,31.48874626238971,38.07252758016199,38.0,1.7829230484252723,0.8914615242126361,2.6617272246516333,,
B0005,114,impedance,24.0,2008-04-24 02:48:35,,,,,,,,,,,,,,0.04683293993011124,0.06946896899621643
B0005,115,charge,24.0,2008-04-24 03:20:23,41.0,10602.281,4.142130778874384,4.209583847791707,0.6428013189320935,0.6371970726607423,4.076143491897543,24.785407292651822,28.473512860821305,,,,,,
B0005,116,impedance,24.0,2008-04-24 06:18:12,,,,,,,,,,,,,,0.04618610336751238,0.07193787056034481
B0005,117,discharge,24.0,2008-04-24 06:50:00,,3331.265,3.5562481933590964,,-1.9162302821549877,,,31.329995610092634,37.80133585100446,39.0,1.7730337158018288,0.8865168579009144,2.699288287625812,,
B0005,118,impedance,24.0,2008-04-24 07:46:53,,,,,,,,,,,,,,0.04624136663986422,0.06934916902797013
B0005,119,charge,24.0,2008-04-24 08:18:41,42.0,10667.969,4.143752782064051,4.209668023401793,0.6353957512752219,0.6301226930075384,4.06388718481934,24.684734315899224,28.25409621799234,,,,,,
B0005,120,impedance,24.0,2008-04-24 11:17:36,,,,,,,,,,,,,,0.04773737014313117,0.0703395836124857
B0005,121,discharge,24.0,2008-04-24 11:49:24,,3321.188,3.5532756526091784,,-1.9220800182578983,,,31.569551201845574,38.39873985476869,40.0,1.773037755078937,0.8865188775394685,2.6127932408838532,,
B0005,122,impedance,24.0,2008-04-24 12:46:08,,,,,,,,,,,,,,0.049427483436388156,0.0695498357572787
B0005,123,charge,24.0,2008-04-24 13:17:56,43.0,10504.781,4.142407348200686,4.209651256417474,0.644943392264159,0.639825019794141,4.100032990234891,25.22288378016189,28.7817612001126,,,,,,
B0005,124,impedance,24.0,2008-04-24 16:14:07,,,,,,,,,,,,,,0.04838334154876506,0.06973812701544792
B0005,125,discharge,24.0,2008-04-24 16:45:56,,3321.844,3.556266431640255,,-1.9162417890311958,,,32.111426258867944,38.74929237918251,41.0,1.7678721106662054,0.8839360553331027,2.6637064901468075,,
B0005,126,impedance,24.0,2008-04-24 17:42:40,,,,,,,,,,,,,,0.04747841688797767,0.06488297170955903
B0005,127,charge,24.0,2008-04-24 18:14:28,44.0,10246.781,4.140988175836148,4.208972610120855,0.6592412796626481,0.6538460497835498,4.192531385281385,25.651300573733486,29.239711164174615,,,,,,
B0005,128,impedance,24.0,2008-04-24 21:06:22,,,,,,,,,,,,,,0.048037510039299486,0.07012511424776673
B0005,129,discharge,24.0,2008-04-24 21:38:11,,3311.828,3.5563095420140822,,-1.9158809823517762,,,32.271676011112376,38.87275464755104,42.0,1.7623150704093087,0.8811575352046543,2.6668454289754746,,
B0005,130,impedance,24.0,2008-04-24 22:34:45,,,,,,,,,,,,,,0.047703621105183044,0.06859813037774799
B0005,131,charge,24.0,2008-04-24 23:06:34,45.0,10166.218999999997,4.141220239838989,4.208924563756907,0.6624066950520237,0.6568445171849427,4.210253682487725,25.56869332326285,29.20215112477588,,,,,,
B0005,132,impedance,24.0,2008-04-25 01:57:07,,,,,,,,,,,,,,0.048086960073381944,0.0697134641311117
B0005,133,discharge,24.0,2008-04-25 12:03:44,,3327.391,3.558950851054106,,-1.9114406265753041,,,31.842291659678658,38.503541429116005,43.0,1.7676172924938447,0.8838086462469223,2.684431051981017,,
B0005,134,charge,24.0,2008-04-25 17:02:35,46.0,10804.922,4.145471994664563,4.209761448406007,0.6261909523367005,0.6210964102564104,3.9844938461538466,25.077792180591818,28.994866075880225,,,,,,
B0005,135,discharge,24.0,2008-04-25 20:03:55,,3312.078,3.5534418211598053,,-1.9158166997544155,,,31.759815453754253,38.27009094548294,44.0,1.762668359743147,0.8813341798715735,2.645224362345869,,
B0005,136,impedance,24.0,2008-04-25 21:00:31,,,,,,,,,,,,,,0.04815104655957722,0.06772207819825936
B0005,137,charge,24.0,2008-04-25 21:32:20,47.0,10758.985,4.14506668505229,4.2099926286120235,0.6255590922646385,0.6203753219989695,3.99543019062339,24.88199584693937,28.689379753778315,,,,,,
B0005,138,impedance,24.0,2008-04-26 00:32:46,,,,,,,,,,,,,,0.04754728174038817,0.07318009891168203
B0005,139,discharge,24.0,2008-04-26 01:04:35,,3293.172,3.5510121537420285,,-1.9151304155635374,,,31.41911167391793,38.11684755251712,45.0,1.7517304870664143,0.8758652435332072,2.6603527244917,,
B0005,140,impedance,24.0,2008-04-26 02:00:52,,,,,,,,,,,,,,0.04759013382319219,0.06914272874669278
B0005,141,charge,24.0,2008-04-26 02:32:41,48.0,10317.515,4.1439383443857984,4.20985882694637,0.6488218351577303,0.6434511965582147,4.173030653401453,24.755786611089874,28.49879598287713,,,,,,
B0005,142,impedance,24.0,2008-04-26 05:25:46,,,,,,,,,,,,,,0.04764092098948851,0.07165247326552959
B0005,143,discharge,24.0,2008-04-26 05:57:35,,3275.328,3.551317608213948,,-1.9148485784393638,,,31.331626572312267,38.04152715355532,46.0,1.7418496047960008,0.8709248023980004,2.6926849789916263,,
B0005,144,impedance,24.0,2008-04-26 06:53:34,,,,,,,,,,,,,,0.04764024061757782,0.06898277923910441
B0005,145,charge,24.0,2008-04-26 07:25:23,49.0,10805.734,4.147603583681183,4.209887230778187,0.6152408363821585,0.6102474967907574,3.981580487804878,24.655846530387144,28.4799079867521,,,,,,
B0005,146,impedance,24.0,2008-04-26 10:26:36,,,,,,,,,,,,,,0.04842436953177311,0.07249983749010006
B0005,147,discharge,24.0,2008-04-26 10:58:25,,3265.016,3.549003180550162,,-1.9144128654409127,,,31.35934131425137,38.17980302242767,47.0,1.7360913511847138,0.8680456755923569,2.670544734728978,,
B0005,148,charge,24.0,2008-04-28 17:20:47,50.0,9946.391,4.144169219623314,4.208756826791167,0.6655584759744552,0.6599860529986052,4.219012831241284,25.34567237446073,29.03785527005412,,,,,,
B0005,149,discharge,24.0,2008-04-29 12:15:56,,3328.937,3.5597648340955175,,-1.9388813849818083,,,34.31088483888259,40.71218198711114,48.0,1.7936240148573608,0.8968120074286804,2.605158060541757,,
B0005,150,impedance,24.0,2008-04-29 13:12:54,,,,,,,,,,,,,,0.04893386185534073,0.06795990180113623
B0005,151,charge,24.0,2008-04-29 13:44:46,51.0,10063.547,4.131849671664145,4.209078075122493,0.6848433296419463,0.679104887424492,4.169603789126853,27.394756753879477,31.187717740405038,,,,,,
B0005,152,impedance,24.0,2008-04-29 16:33:38,,,,,,,,,,,,,,0.04943074564871873,0.0701407541984291
B0005,153,discharge,24.0,2008-04-29 17:05:27,,3329.266,3.5623454342368555,,-1.927509725704535,,,33.43585640373788,39.885261233152924,49.0,1.7831890223273275,0.8915945111636637,2.672012007453096,,
B0005,154,impedance,24.0,2008-04-29 18:02:21,,,,,,,,,,,,,,0.049323007176718225,0.06895642914528509
B0005,155,charge,24.0,2008-04-29 18:34:10,52.0,10376.172,4.137762150724724,4.208951335685938,0.6556671395283481,0.6501194029850746,4.035682036247335,26.62662742896046,30.582056460987562,,,,,,
B0005,156,impedance,24.0,2008-04-29 21:28:15,,,,,,,,,,,,,,0.04974822543014387,0.07112993844977841
B0005,157,discharge,24.0,2008-04-29 22:00:04,,3301.579,3.558336657621618,,-1.9267185977839403,,,32.66698125020078,39.18287352945846,50.0,1.7673642076278957,0.8836821038139479,2.674271233724938,,
B0005,158,impedance,24.0,2008-04-29 22:56:30,,,,,,,,,,,,,,0.04912202877042455,0.06890956847456893
B0005,159,charge,24.0,2008-04-29 23:28:20,53.0,9756.858999999997,4.136417646225786,4.208915493791651,0.6916168312082189,0.68565370422935,4.293933579335794,26.046549681443857,29.82743733628493,,,,,,
B0005,160,impedance,24.0,2008-04-30 02:12:05,,,,,,,,,,,,,,0.04988486594475391,0.07198302765125617
B0005,161,discharge,24.0,2008-04-30 02:43:55,,3283.563,3.554013138622869,,-1.9261308349663746,,,32.28423408691397,38.951564804030774,51.0,1.7570177850353066,0.8785088925176533,2.6309416727017187,,
B0005,162,impedance,24.0,2008-04-30 03:40:03,,,,,,,,,,,,,,0.047859449246718755,0.06977255608528674
B0005,163,charge,24.0,2008-04-30 04:11:53,54.0,10610.906,4.143293464486577,4.209049100025683,0.6328237481397364,0.6274013054830287,4.021474934725848,25.581948046823246,29.510756491862573,,,,,,
B0005,164,impedance,24.0,2008-04-30 07:09:52,,,,,,,,,,,,,,0.04921638093217895,0.07146374397937286
B0005,165,discharge,24.0,2008-04-30 07:41:42,,3275.125,3.552376095886298,,-1.9202346781375206,,,32.00739178780946,38.607510759873634,52.0,1.7468706179837907,0.8734353089918954,2.6629725743154204,,
B0005,166,impedance,24.0,2008-04-30 08:37:42,,,,,,,,,,,,,,0.04887229013423192,0.06876809153866811
B0005,167,charge,24.0,2008-04-30 09:09:32,55.0,9978.078,4.141204436224519,4.209569401740179,0.668387782555242,0.6628115619788773,4.255867426347971,25.49138644694599,29.242612704276365,,,,,,
B0005,168,impedance,24.0,2008-04-30 11:56:59,,,,,,,,,,,,,,0.04994593893656341,0.07088704261645878
B0005,169,discharge,24.0,2008-04-30 12:28:49,,3265.656,3.549618661283733,,-1.9201011498853633,,,32.06387071886056,38.920359903369054,53.0,1.7417172507457144,0.8708586253728572,2.612942119873717,,
B0005,170,impedance,24.0,2008-04-30 13:24:39,,,,,,,,,,,,,,0.048296439195350184,0.0673151471016695
B0005,171,charge,24.0,2008-04-30 13:56:29,56.0,10246.984,4.143218012656775,4.209622938017622,0.6491951599580638,0.6439580400649703,4.160121819166215,25.701157771778043,29.462118812271356,,,,,,
B0005,172,impedance,24.0,2008-04-30 16:48:25,,,,,,,,,,,,,,0.048969605147940264,0.07178168505217358
B0005,173,discharge,24.0,2008-04-30 17:20:16,,3266.093,3.54938103086703,,-1.9144278105456467,,,32.43754560319043,39.23273115358871,54.0,1.7364225056478186,0.8682112528239093,2.6157198442661476,,
B0005,174,impedance,24.0,2008-04-30 18:16:07,,,,,,,,,,,,,,0.04814709226602492,0.0684158918231915
B0005,175,charge,24.0,2008-04-30 18:47:57,57.0,10437.047,4.144865101412786,4.209081297803344,0.6352097009956666,0.629941270263088,4.083885197980336,25.613934369346374,29.50834432489215,,,,,,
B0005,176,impedance,24.0,2008-04-30 21:43:03,,,,,,,,,,,,,,0.05022937602514056,0.0718319241428618
B0005,177,discharge,24.0,2008-04-30 22:14:54,,3257.594,3.5472118680418956,,-1.908340706503589,,,32.16809876635083,38.964927068400804,55.0,1.7263217239235826,0.8631608619617913,2.6287695472774453,,
B0005,178,impedance,24.0,2008-04-30 23:10:36,,,,,,,,,,,,,,0.04845430020206581,0.06777935051052719
B0005,179,charge,24.0,2008-04-30 23:42:27,58.0,10805.827999999994,4.147948571482696,4.208974409503451,0.6090395837543103,0.6041029525032093,3.9309835686777923,25.46355915016756,29.374561267657022,,,,,,
B0005,180,impedance,24.0,2008-05-01 02:43:42,,,,,,,,,,,,,,0.04971526662508074,0.07139027154395669
B0005,181,discharge,24.0,2008-05-01 03:15:33,,3248.593,3.5467052098640246,,-1.902207182631691,,,32.05752645824972,38.83927283461771,56.0,1.7158065389330133,0.8579032694665066,2.6655106679421823,,
B0005,182,impedance,24.0,2008-05-01 04:11:07,,,,,,,,,,,,,,0.04868025293328389,0.06583444846364324
B0005,183,charge,24.0,2008-05-01 04:42:57,59.0,10805.375,4.149201403617409,4.209555035163918,0.6063799232898632,0.6015283842794761,3.964672232211662,25.33969655722996,29.242377848768914,,,,,,
B0005,184,impedance,24.0,2008-05-01 07:44:12,,,,,,,,,,,,,,0.04913216601843565,0.0724518691988788
B0005,185,discharge,24.0,2008-05-01 08:16:03,,3238.766,3.544629653883431,,-1.9020484449938713,,,31.975920928072714,38.82796377704433,57.0,1.710533351135192,0.855266675567596,2.650495153350403,,
B0005,186,impedance,24.0,2008-05-01 09:11:27,,,,,,,,,,,,,,0.049918728983506716,0.06876463309502395
B0005,187,charge,24.0,2008-05-01 09:43:18,60.0,10685.968,4.149406779823055,4.209137758018692,0.6108325931216375,0.6060384615384615,4.032169438669439,25.31525129117544,29.194410076554547,,,,,,
B0005,188,impedance,24.0,2008-05-01 12:42:34,,,,,,,,,,,,,,0.04920968322529824,0.07304025099509703
B0005,189,discharge,24.0,2008-05-01 13:14:24,,3240.14,3.5436291614253204,,-1.8964907679062355,,,32.21689335291319,39.14007944734004,58.0,1.706014499648521,0.8530072498242605,2.643236235233877,,
B0005,190,impedance,24.0,2008-05-01 14:09:50,,,,,,,,,,,,,,0.04943664953959982,0.06892300885560772
B0005,191,charge,24.0,2008-05-01 14:41:41,61.0,10588.64,4.149090663397314,4.209099895596076,0.6146512973678119,0.6099627589824286,4.041912929451875,25.828563716440225,29.65122582795794,,,,,,
B0005,192,impedance,24.0,2008-05-01 17:39:20,,,,,,,,,,,,,,0.04950631616559385,0.07251082944035009
B0005,193,discharge,24.0,2008-05-01 18:11:10,,3230.109,3.5444946147995258,,-1.895971437908019,,,32.55632993697177,39.349611598028886,59.0,1.7003110272642588,0.8501555136321294,2.656450207001938,,
B0005,194,impedance,24.0,2008-05-01 19:06:26,,,,,,,,,,,,,,0.04940333988784369,0.06864846238725138
B0005,195,charge,24.0,2008-05-01 19:38:17,62.0,10736.094,4.150424193061779,4.209853267385404,0.6043008559339099,0.5994996119016817,3.981759120310479,25.734607118644377,29.592983253559662,,,,,,
B0005,196,impedance,24.0,2008-05-01 22:38:24,,,,,,,,,,,,,,0.04865176277959679,0.07201762091170956
B0005,197,discharge,24.0,2008-05-01 23:10:15,,3229.7810000000027,3.5409201846556857,,-1.8899648799839277,,,32.40048085325998,39.29444535878087,60.0,1.6945798601797895,0.8472899300898947,2.626177688152069,,
B0005,198,impedance,24.0,2008-05-02 00:05:31,,,,,,,,,,,,,,0.04915501980244644,0.06913086863703587
B0005,199,charge,24.0,2008-05-02 00:37:22,63.0,9790.859,4.146085129079872,4.2096673235964825,0.661310694665889,0.6559226613591129,4.372941143019619,25.76108296721704,29.51162108922301,,,,,,
B0005,200,impedance,24.0,2008-05-02 03:21:43,,,,,,,,,,,,,,0.04916575568371288,0.07316993618002728
B0005,201,discharge,24.0,2008-05-02 03:53:34,,3212.469,3.541195668799061,,-1.8893703824420507,,,32.29371860868794,39.10487658009542,61.0,1.6849029086609286,0.8424514543304643,2.6582230344240045,,
B0005,202,impedance,24.0,2008-05-02 04:48:33,,,,,,,,,,,,,,0.04870161283727027,0.06859455507457586
B0005,203,charge,24.0,2008-05-02 05:20:24,64.0,10274.359,4.1499193977728535,4.209786575419923,0.6265507198651841,0.6214532646979138,4.210612571118939,25.571090931927195,29.367459158203413,,,,,,
B0005,204,impedance,24.0,2008-05-02 08:12:49,,,,,,,,,,,,,,0.04923427342088277,0.07277120733743579
B0005,205,discharge,24.0,2008-05-02 08:44:40,,3213.219,3.540671044783382,,-1.8776883243431417,,,32.136071448067796,39.0462609369598,62.0,1.6744741591159717,0.8372370795579859,2.695100237338448,,
B0005,206,impedance,24.0,2008-05-02 09:39:40,,,,,,,,,,,,,,0.04885677345766941,0.06871570767989431
B0005,207,charge,24.0,2008-05-02 10:11:31,65.0,10711.063,4.153218272900694,4.209876728572126,0.5961783460440804,0.5915188262788885,4.023898727603221,25.430453941726714,29.23737726861414,,,,,,
B0005,208,impedance,24.0,2008-05-02 13:11:13,,,,,,,,,,,,,,0.0505475864921389,0.07270866794574943
B0005,209,discharge,24.0,2008-05-02 13:43:05,,3203.578,3.5376048790268775,,-1.8831065986697755,,,32.38268549723498,39.398032192832,63.0,1.6745692479879102,0.8372846239939551,2.639091813583503,,
B0005,210,impedance,24.0,2008-05-02 14:37:55,,,,,,,,,,,,,,0.0506497585783765,0.06853536104799454
B0005,211,charge,24.0,2008-05-02 15:09:46,66.0,10806.015,4.153201426027839,4.209530517872284,0.5911635487881761,0.5864311454311455,3.9825876447876447,25.88337057270213,29.660660346177963,,,,,,
B0005,212,impedance,24.0,2008-05-02 18:11:03,,,,,,,,,,,,,,0.050118814742107526,0.07301041089661342
B0005,213,discharge,24.0,2008-05-02 19:07:48,,3195.125,3.538422485261741,,-1.876359921441716,,,32.30899951427637,39.10678394120843,64.0,1.663716375981405,0.8318581879907025,2.6857210282450983,,
B0005,214,charge,24.0,2008-05-02 20:28:25,67.0,10481.047,4.152014646554812,4.208914229782625,0.6076684839192972,0.6028371845949535,4.101189907038513,25.87474661521862,29.685994740308107,,,,,,
B0005,215,discharge,24.0,2008-05-02 23:24:17,,3195.3129999999946,3.53928626988912,,-1.8709550260104437,,,32.56636929496716,39.44448954135193,65.0,1.659013868748246,0.829506934374123,2.69017866510873,,
B0005,216,impedance,24.0,2008-05-03 00:18:59,,,,,,,,,,,,,,0.04913242687695094,0.0693303248319639
B0005,217,charge,24.0,2008-05-03 00:50:52,68.0,10153.36,4.151753271023818,4.20945720713541,0.6238567212454819,0.618925061762284,4.2752132857535,25.80758127668049,29.59730563243775,,,,,,
B0005,218,impedance,24.0,2008-05-03 03:41:16,,,,,,,,,,,,,,0.049792567319026114,0.07343650361620202
B0005,219,discharge,24.0,2008-05-03 04:13:08,,3186.297,3.533690170241391,,-1.8705599868289542,,,32.46542951751835,39.509602016775695,66.0,1.6538540573335014,0.8269270286667507,2.639895313359579,,
B0005,220,impedance,24.0,2008-05-03 05:07:41,,,,,,,,,,,,,,0.049633135916243465,0.06881429671018138
B0005,221,charge,24.0,2008-05-03 05:39:33,69.0,10662.468,4.1547198806162084,4.2089346821451405,0.5916282471450443,0.5868570681996342,4.049670237784166,25.5954074570814,29.46753663391266,,,,,,
B0005,222,impedance,24.0,2008-05-03 08:38:27,,,,,,,,,,,,,,0.049865378066600005,0.0732133898164959
B0005,223,discharge,24.0,2008-05-03 09:10:19,,3176.438,3.534367734544495,,-1.8640049795794804,,,32.347056454418095,39.334865362245324,67.0,1.642653782130131,0.8213268910650655,2.68991452927918,,
B0005,224,impedance,24.0,2008-05-03 10:04:43,,,,,,,,,,,,,,0.048921290356402275,0.06883931362761586
B0005,225,charge,24.0,2008-05-03 10:36:35,70.0,10494.625,4.154952006139018,4.209707468094477,0.5968690147321589,0.592143577494692,4.079358545647558,25.55053773186138,29.380338854228082,,,,,,
B0005,226,impedance,24.0,2008-05-03 13:32:41,,,,,,,,,,,,,,0.049811932785538866,0.07459618605206403
B0005,227,discharge,24.0,2008-05-03 14:04:34,,3167.593,3.5312941932103548,,-1.8636932149873204,,,32.371538940646154,39.43723270017243,68.0,1.6378578430223698,0.8189289215111849,2.65935818848874,,
B0005,228,impedance,24.0,2008-05-03 14:58:49,,,,,,,,,,,,,,0.04975125749803476,0.06863892419996058
B0005,229,charge,24.0,2008-05-03 15:30:41,71.0,10467.75,4.155379997866793,4.209731200087021,0.5972973992880868,0.5926027178257394,4.154835598188116,25.612623072192534,29.43349608540407,,,,,,
B0005,230,impedance,24.0,2008-05-03 18:26:20,,,,,,,,,,,,,,0.04850673488997184,0.07458309776342148
B0005,231,discharge,24.0,2008-05-03 18:58:13,,3167.719,3.5309134771684274,,-1.857820396301907,,,32.45549347979197,39.51375235624076,69.0,1.6327350407099108,0.8163675203549554,2.6657030585650423,,
B0005,232,impedance,24.0,2008-05-03 19:52:28,,,,,,,,,,,,,,0.04915918196298162,0.06906734479973246
B0005,233,charge,24.0,2008-05-03 20:24:21,72.0,9904.406,4.153316766159906,4.209073152424942,0.6292572025313986,0.624249014084507,4.390404788732394,25.748665763785176,29.478594943854127,,,,,,
B0005,234,impedance,24.0,2008-05-03 23:10:37,,,,,,,,,,,,,,0.050023074203339506,0.0736638387977965
B0005,235,discharge,24.0,2008-05-03 23:42:30,,3159.077999999994,3.5287226893409893,,-1.8572160981955346,,,32.50017194695606,39.60170302810528,70.0,1.6277528915533617,0.8138764457766808,2.642986759012803,,
B0005,236,impedance,24.0,2008-05-04 00:36:36,,,,,,,,,,,,,,0.04970808709656559,0.06830006146095657
B0005,237,charge,24.0,2008-05-04 01:08:29,73.0,10805.656,4.157897041005441,4.209596233803924,0.5745464300808845,0.5700363964894167,4.039383066597831,25.6042633567313,29.485508821517058,,,,,,
B0005,238,impedance,24.0,2008-05-04 04:09:47,,,,,,,,,,,,,,0.05020469043786587,0.07371885821597624
B0005,239,discharge,24.0,2008-05-04 04:41:40,,3148.829,3.52625493581969,,-1.8568340008006827,,,32.50100298369444,39.687463597582074,71.0,1.622125485521159,0.8110627427605795,2.6311169118893036,,
B0005,240,impedance,24.0,2008-05-04 05:35:36,,,,,,,,,,,,,,0.048950660803835325,0.06963267386152323
B0005,241,charge,24.0,2008-05-04 06:07:29,74.0,10777.328,4.158301579574542,4.209613645729595,0.5742692502982739,0.5696691690396065,4.057552161532488,25.594290723516522,29.46840138001844,,,,,,
B0005,242,impedance,24.0,2008-05-04 09:08:18,,,,,,,,,,,,,,0.04975857340773159,0.07465617760875586
B0005,243,discharge,24.0,2008-05-04 09:40:11,,3149.094,3.528684324337005,,-1.8448886500218815,,,32.4728927422438,39.53535075538898,72.0,1.6113256603765849,0.8056628301882924,2.696157404617167,,
B0005,244,impedance,24.0,2008-05-04 10:34:08,,,,,,,,,,,,,,0.049808396255372756,0.06902298762939403
B0005,245,charge,24.0,2008-05-04 11:06:02,75.0,10745.86,4.159047289093139,4.209728406741538,0.5719762498110235,0.56728538042067,4.043841859257336,25.571898601563962,29.445806473811558,,,,,,
B0005,246,impedance,24.0,2008-05-04 14:06:20,,,,,,,,,,,,,,0.04968675503783295,0.07355425821939737
B0005,247,discharge,24.0,2008-05-04 14:38:13,,3140.547,3.525556939424901,,-1.8444180038305806,,,32.50480154634882,39.6502371632164,73.0,1.6065631397488385,0.8032815698744192,2.6667596238241567,,
B0005,248,impedance,24.0,2008-05-04 15:32:01,,,,,,,,,,,,,,0.05059411389974348,0.06858328460478416
B0005,249,charge,24.0,2008-05-04 16:03:55,76.0,10806.781,4.159718967989124,4.208850308126176,0.5667429941903227,0.5624285714285714,4.033983983466804,25.578913233960286,29.461354450795127,,,,,,
B0005,250,impedance,24.0,2008-05-04 19:05:14,,,,,,,,,,,,,,0.04995005707049774,0.0746229428074614
B0005,251,discharge,24.0,2008-05-04 19:37:07,,3131.625,3.5226805646793737,,-1.8438790389835118,,,32.51218336210202,39.69929058154853,74.0,1.6015142233917594,0.8007571116958797,2.6403185448373043,,
B0005,252,impedance,24.0,2008-05-04 20:30:47,,,,,,,,,,,,,,0.04984421041201089,0.07014070107890119
B0005,253,charge,24.0,2008-05-04 21:02:41,77.0,10806.593999999997,4.160264481810484,4.209548533406234,0.5656098440223737,0.5609700180925304,4.065181959162575,25.533341503049385,29.419371934150707,,,,,,
B0005,254,impedance,24.0,2008-05-05 00:04:00,,,,,,,,,,,,,,0.050282564251258356,0.07360391142336822
B0005,255,discharge,24.0,2008-05-05 00:35:53,,3121.907,3.524673458789008,,-1.83711254029409,,,32.45692821941515,39.56076309770468,75.0,1.590369231400328,0.795184615700164,2.69892986372897,,
B0005,256,impedance,24.0,2008-05-05 01:29:24,,,,,,,,,,,,,,0.05006270229203594,0.06979118038789997
B0005,257,charge,24.0,2008-05-05 02:01:17,78.0,10429.547,4.159689082589737,4.209155099660752,0.5820893376953541,0.5771745308310993,4.219894369973191,25.528501101408498,29.36719581714494,,,,,,
B0005,258,impedance,24.0,2008-05-05 04:56:20,,,,,,,,,,,,,,0.04992007781904663,0.074642062777058
B0005,259,discharge,24.0,2008-05-05 05:28:13,,3122.125,3.5213155754526824,,-1.8315957075983758,,,32.447059186431154,39.63708096307912,76.0,1.5857889968242211,0.7928944984121106,2.6682466504352993,,
B0005,260,impedance,24.0,2008-05-05 06:21:44,,,,,,,,,,,,,,0.04921445916482306,0.06990836301107425
B0005,261,charge,24.0,2008-05-05 06:53:38,79.0,10807.094,4.161677857625895,4.208909520868368,0.5593668610796283,0.5547715985514744,4.05894257630626,25.343485567182306,29.297103402943527,,,,,,
B0005,262,impedance,24.0,2008-05-05 09:54:58,,,,,,,,,,,,,,0.05007996435013632,0.07547710929281527
B0005,263,discharge,24.0,2008-05-05 11:41:31,,3121.672,3.51803386486462,,-1.8311195242792309,,,32.32889654966259,39.43977047692484,77.0,1.5849430707374117,0.7924715353687058,2.6479207279724903,,
B0005,264,charge,24.0,2008-05-05 17:40:16,80.0,10719.016,4.162950996258241,4.209146036373753,0.5624551525691622,0.5578635533524655,4.122405687451083,25.74425872850638,29.548289844330217,,,,,,
B0005,265,discharge,24.0,2008-05-05 20:40:08,,3120.86,3.5236841955396794,,-1.8432799764914718,,,32.84488475360107,39.839022256254516,78.0,1.5955263892495937,0.7977631946247968,2.6741633856529066,,
B0005,266,impedance,24.0,2008-05-05 21:33:38,,,,,,,,,,,,,,0.054692185026359336,0.07464599360022733
B0005,267,charge,24.0,2008-05-05 22:05:32,81.0,10806.437000000005,4.161013971943199,4.210057230429361,0.5627679624873888,0.5580069785474283,4.053202636340139,25.595338590346493,29.561095605794584,,,,,,
B0005,268,impedance,24.0,2008-05-06 01:06:52,,,,,,,,,,,,,,0.05487320211540928,0.07934403644117197
B0005,269,discharge,24.0,2008-05-06 01:38:46,,3103.828,3.519146638240668,,-1.829798505957538,,,32.31731555011648,39.41794949618613,79.0,1.5747301747801037,0.7873650873900518,2.6892528956736257,,
B0005,270,impedance,24.0,2008-05-06 02:31:59,,,,,,,,,,,,,,0.05415675281078651,0.07505843667743599
B0005,271,charge,24.0,2008-05-06 03:03:53,82.0,10805.265,4.1629084383191435,4.209716534256135,0.5562210579029739,0.5516765924391507,4.097984722941481,25.09978697110705,29.019647107560132,,,,,,
B0005,272,impedance,24.0,2008-05-06 06:05:11,,,,,,,,,,,,,,0.055240499862766274,0.08002359358228964
B0005,273,discharge,24.0,2008-05-06 06:37:06,,3095.094,3.516233648608237,,-1.8236746835609148,,,32.06376130177751,39.262781682151214,80.0,1.5649019950937946,0.7824509975468973,2.688809122993162,,
B0005,274,impedance,24.0,2008-05-06 07:30:10,,,,,,,,,,,,,,0.054542809780562286,0.07592379199991395
B0005,275,charge,24.0,2008-05-06 08:02:05,83.0,10208.062,4.161556080063684,4.209586501290089,0.5854608883421437,0.5807631073291244,4.355230304693935,25.10980717855015,28.88550118608269,,,,,,
B0005,276,impedance,24.0,2008-05-06 10:53:26,,,,,,,,,,,,,,0.055080368328742545,0.08045008161921993
B0005,277,discharge,24.0,2008-05-06 11:25:21,,3095.781,3.514773138461639,,-1.8176720770210877,,,32.21997626855924,39.47237839941986,81.0,1.5597659473370362,0.7798829736685181,2.6743555987897745,,
B0005,278,impedance,24.0,2008-05-06 12:18:26,,,,,,,,,,,,,,0.053398671864258646,0.07562889610038578
B0005,279,charge,24.0,2008-05-06 12:50:20,84.0,10807.219,4.163963297107284,4.2090401069219165,0.5499619432864398,0.5457891737891738,4.108718725718726,25.371319727334306,29.195907400785313,,,,,,
B0005,280,impedance,24.0,2008-05-06 15:51:41,,,,,,,,,,,,,,0.05484578494342528,0.08099527914390654
B0005,281,discharge,24.0,2008-05-06 16:23:36,,3094.328,3.5132992979150073,,-1.8179238657973993,,,32.7120225448885,40.037541469513684,82.0,1.5594815668184234,0.7797407834092117,2.6430294964336345,,
B0005,282,impedance,24.0,2008-05-06 17:16:40,,,,,,,,,,,,,,0.055453259476974714,0.0748392292244765
B0005,283,charge,24.0,2008-05-06 17:48:34,85.0,10805.906,4.163591474928629,4.209243624615146,0.5500855345895314,0.5458922837907819,4.088835059554635,25.937420351426873,29.781642735382384,,,,,,
B0005,284,impedance,24.0,2008-05-06 20:49:54,,,,,,,,,,,,,,0.05808949268604193,0.07900611376190819
B0005,285,discharge,24.0,2008-05-06 21:21:49,,3086.531,3.514484830704665,,-1.817160673909645,,,32.945022147355694,40.142730162011574,83.0,1.55468935359061,0.777344676795305,2.6584858447131823,,
B0005,286,impedance,24.0,2008-05-06 22:14:45,,,,,,,,,,,,,,0.05703849864055661,0.07445419405660497
B0005,287,charge,24.0,2008-05-06 22:46:40,86.0,10655.937000000005,4.1634038590427345,4.209412194077453,0.5559954002248091,0.5516203363110878,4.143748554913294,25.854633339319907,29.71020972616952,,,,,,
B0005,288,impedance,24.0,2008-05-07 01:45:30,,,,,,,,,,,,,,0.05639999430512618,0.08181491967012575
B0005,289,discharge,24.0,2008-05-07 02:17:25,,3085.625,3.5109677353595243,,-1.8110297241968543,,,32.857549597381336,40.1165626728546,84.0,1.5488741079890418,0.7744370539945209,2.629782173759164,,
B0005,290,impedance,24.0,2008-05-07 03:10:20,,,,,,,,,,,,,,0.056951772502699796,0.07706935596260868
B0005,291,charge,24.0,2008-05-07 03:42:15,87.0,10117.172,4.161977850610306,4.208856368304407,0.5846599146768487,0.579867479900194,4.398621846409759,25.787542115810904,29.58766933151088,,,,,,
B0005,292,impedance,24.0,2008-05-07 06:32:06,,,,,,,,,,,,,,0.057159147914507935,0.08086696623694065
B0005,293,discharge,24.0,2008-05-07 07:04:02,,3067.203,3.5109358749578012,,-1.8094435644526072,,,32.629663328789654,39.87503330866132,85.0,1.538236598942558,0.769118299471279,2.6622967647315545,,
B0005,294,impedance,24.0,2008-05-07 07:56:39,,,,,,,,,,,,,,0.05595864562729926,0.07609569637070202
B0005,295,charge,24.0,2008-05-07 08:28:34,88.0,10805.86,4.165623166892737,4.2096723781735434,0.5423706529012249,0.5379463313456053,4.107607985480944,25.344864067680145,29.26425769721006,,,,,,
B0005,296,impedance,24.0,2008-05-07 11:29:54,,,,,,,,,,,,,,0.056998793862942924,0.08250100764416027
B0005,297,discharge,24.0,2008-05-07 12:01:49,,3058.157,3.509393098217416,,-1.8026537331443495,,,32.379859014262976,39.61961987024145,86.0,1.527914258251028,0.763957129125514,2.682380966742509,,
B0005,298,impedance,24.0,2008-05-07 12:54:18,,,,,,,,,,,,,,0.05699010907560385,0.07648289029638874
B0005,299,charge,24.0,2008-05-07 13:26:13,89.0,10806.328,4.166393374523762,4.209166908560572,0.5391223880182359,0.5347697692507131,4.094905885403163,25.2776605000605,29.166832065867634,,,,,,
B0005,300,impedance,24.0,2008-05-07 16:27:34,,,,,,,,,,,,,,0.05791594677751306,0.08175057083151278
B0005,301,discharge,24.0,2008-05-07 16:59:29,,3058.812,3.5066782411556563,,-1.8031542757366414,,,32.68215852457039,40.067324667444815,87.0,1.5285252629756445,0.7642626314878223,2.6401894768922713,,
B0005,302,impedance,24.0,2008-05-07 17:51:59,,,,,,,,,,,,,,0.057000769180639774,0.07741124519885696
B0005,303,charge,24.0,2008-05-07 18:23:54,90.0,10744.828,4.165957512196699,4.208895457764258,0.5425796127463848,0.5380967910253065,4.154475867466736,25.790973204291312,29.64168246762455,,,,,,
B0005,304,impedance,24.0,2008-05-07 21:24:14,,,,,,,,,,,,,,0.0585831887959693,0.08269416457353587
B0005,305,discharge,24.0,2008-05-07 21:56:09,,3058.578,3.5109885623008092,,-1.7965666438696486,,,32.99387423636739,40.24716716520102,88.0,1.522647325284378,0.761323662642189,2.693769409137257,,
B0005,306,impedance,24.0,2008-05-07 22:48:38,,,,,,,,,,,,,,0.05728256542976495,0.07692027721215688
B0005,307,charge,24.0,2008-05-07 23:20:34,91.0,10804.797000000006,4.166355420900779,4.209632701272167,0.5374246335843941,0.5330619974059663,4.126739818417639,25.936121509912226,29.84083319742673,,,,,,
B0005,308,impedance,24.0,2008-05-08 02:21:54,,,,,,,,,,,,,,0.05684411239635824,0.082272625759776
B0005,309,discharge,24.0,2008-05-08 02:53:49,,3049.328,3.510305462695178,,-1.7959771394311956,,,33.04539707211165,40.30253125568348,89.0,1.5174859938489869,0.7587429969244934,2.695787450704935,,
B0005,310,impedance,24.0,2008-05-08 03:46:09,,,,,,,,,,,,,,0.0589529203196688,0.07735170203997428
B0005,311,impedance,24.0,2008-05-09 11:53:10,,,,,,,,,,,,,,0.05667203462955093,0.08291573296417665
B0005,312,discharge,24.0,2008-05-09 12:25:07,,3177.219,3.5222215314850214,,-1.822916991757235,,,32.856295641052824,40.09418103142496,90.0,1.605818899130659,0.8029094495653295,2.6920548172137724,,
B0005,313,impedance,24.0,2008-05-09 13:19:35,,,,,,,,,,,,,,0.058223361510524915,0.07615092115486195
B0005,314,charge,24.0,2008-05-09 17:26:51,92.0,10802.578,4.165583011785556,4.209028477452613,0.5455321253346221,0.5413309166235111,4.076266960124288,25.891013405303514,29.683647277202674,,,,,,
B0005,315,discharge,24.0,2008-05-09 20:28:09,,3082.937,3.5163492154331264,,-1.8294275689587538,,,33.33950238056361,40.52238496316615,91.0,1.5638491446744425,0.7819245723372212,2.629071246219689,,
B0005,316,impedance,24.0,2008-05-09 21:21:03,,,,,,,,,,,,,,0.057798377106990255,0.07518971733166918
B0005,317,charge,24.0,2008-05-09 21:53:00,93.0,10544.452999999994,4.161450485098774,4.209763047586473,0.5659145930808275,0.5612735223959714,4.135919957593427,26.42800153627129,30.299187661483778,,,,,,
B0005,318,impedance,24.0,2008-05-10 00:49:59,,,,,,,,,,,,,,0.05869361561103209,0.08099673983388944
B0005,319,discharge,24.0,2008-05-10 01:21:56,,3074.266,3.5134397623234963,,-1.816317296828028,,,33.35156485472646,40.56886357314186,92.0,1.5480915247767786,0.7740457623883893,2.631343871050918,,
B0005,320,impedance,24.0,2008-05-10 02:14:42,,,,,,,,,,,,,,0.0581005359089264,0.07604639902387582
B0005,321,charge,24.0,2008-05-10 02:46:38,94.0,10701.125,4.163428705620306,4.208874914689389,0.5517468859825273,0.5472458845048341,4.102669192579044,26.21556986443908,30.159651359558897,,,,,,
B0005,322,impedance,24.0,2008-05-10 05:46:15,,,,,,,,,,,,,,0.05687355099054793,0.08079234772463807
B0005,323,discharge,24.0,2008-05-10 06:18:12,,3066.0,3.515137522009075,,-1.8033689952639713,,,33.147486361012966,40.27804845768325,93.0,1.5323755631868592,0.7661877815934296,2.6983970036642315,,
B0005,324,impedance,24.0,2008-05-10 07:10:49,,,,,,,,,,,,,,0.057819391216989646,0.07620792252066097
B0005,325,charge,24.0,2008-05-10 07:42:46,95.0,10805.813,4.165103475733391,4.209803512518001,0.5403687480973645,0.5359596273291926,4.041686076604555,25.960695609651008,29.922619314028488,,,,,,
B0005,326,impedance,24.0,2008-05-10 10:44:07,,,,,,,,,,,,,,0.058401226760293384,0.0816166339541188
B0005,327,discharge,24.0,2008-05-10 11:16:04,,3056.437,3.50830390643132,,-1.802670753119494,,,33.007275861749356,40.2921849196155,94.0,1.5269528268489705,0.7634764134244852,2.6338485871981514,,
B0005,328,impedance,24.0,2008-05-10 12:08:32,,,,,,,,,,,,,,0.05729597585562558,0.07603115808018222
B0005,329,charge,24.0,2008-05-10 12:40:29,96.0,10693.438,4.1653575923861625,4.208872213190271,0.5445908373365941,0.5401351847000263,4.12750144092219,25.838168915840225,29.789042272226812,,,,,,
B0005,330,impedance,24.0,2008-05-10 15:39:59,,,,,,,,,,,,,,0.05713926164978321,0.08203042743610463
B0005,331,discharge,24.0,2008-05-10 16:11:56,,3048.219,3.509190808443004,,-1.7958941337499832,,,32.91990812745461,40.184384347174266,95.0,1.5169573017136326,0.7584786508568163,2.671566207861818,,
B0005,332,impedance,24.0,2008-05-10 17:04:16,,,,,,,,,,,,,,0.057011915661303356,0.07793753101024108
B0005,333,charge,24.0,2008-05-10 17:36:13,97.0,10708.406,4.166173127483916,4.209853693640944,0.5398317988996301,0.5354824699110413,4.104102302459445,25.811823765569297,29.7396171935254,,,,,,
B0005,334,impedance,24.0,2008-05-10 20:35:57,,,,,,,,,,,,,,0.056846750542401,0.08430934905296765
B0005,335,discharge,24.0,2008-05-10 21:07:54,,3039.218,3.5068097579555353,,-1.795344963527795,,,32.99903328622305,40.320066232195046,96.0,1.5118975960142693,0.7559487980071347,2.6540810507928123,,
B0005,336,impedance,24.0,2008-05-10 22:00:05,,,,,,,,,,,,,,0.05739160457574554,0.07732083011265528
B0005,337,charge,24.0,2008-05-10 22:32:02,98.0,10805.297000000006,4.166879439346124,4.2088630113100365,0.5333558181112956,0.5290904848327717,4.095446460980036,25.866599042915986,29.817451931587808,,,,,,
B0005,338,impedance,24.0,2008-05-11 01:33:24,,,,,,,,,,,,,,0.05971458306876328,0.08128077873787101
B0005,339,discharge,24.0,2008-05-11 02:05:21,,3039.047,3.50609090727422,,-1.7893518988259454,,,33.03772281691292,40.336505612651585,97.0,1.5065638960681105,0.7532819480340552,2.656849703962618,,
B0005,340,impedance,24.0,2008-05-11 02:57:32,,,,,,,,,,,,,,0.05669401159445664,0.07756322518442982
B0005,341,charge,24.0,2008-05-11 03:29:30,99.0,10363.61,4.16582569935258,4.208838075023042,0.5543234174406872,0.549844883595019,4.258237953438008,25.932238529516265,29.804974649979396,,,,,,
B0005,342,impedance,24.0,2008-05-11 06:23:30,,,,,,,,,,,,,,0.057876489486257204,0.0827621596207595
B0005,343,discharge,24.0,2008-05-11 06:55:27,,3030.375,3.5037157727265953,,-1.7883879159763685,,,33.07740307192613,40.43267631588412,98.0,1.5015453526671363,0.7507726763335681,2.6363048614501152,,
B0005,344,impedance,24.0,2008-05-11 07:47:30,,,,,,,,,,,,,,0.05711363659055292,0.07889973426640497
B0005,345,charge,24.0,2008-05-11 08:19:27,100.0,10805.094,4.16768143102544,4.209529411772671,0.5293894058764592,0.525063796680498,4.094283195020747,25.8627841242131,29.81518660623584,,,,,,
B0005,346,impedance,24.0,2008-05-11 11:20:49,,,,,,,,,,,,,,0.057106052592570886,0.08389339159553517
B0005,347,discharge,24.0,2008-05-11 11:52:47,,3021.0,3.5067479961367156,,-1.7815447770741009,,,33.05467981523988,40.314538591575015,99.0,1.4908444050400238,0.7454222025200119,2.69951692300468,,
B0005,348,impedance,24.0,2008-05-11 12:44:40,,,,,,,,,,,,,,0.058410674041032944,0.07787942798165798
B0005,349,charge,24.0,2008-05-11 13:16:38,101.0,10805.5,4.168396588809721,4.209662720393985,0.5259649128373239,0.5216301583181936,4.100922917207371,25.876664410701412,29.836684573126362,,,,,,
B0005,350,impedance,24.0,2008-05-11 16:18:00,,,,,,,,,,,,,,0.05832440115222774,0.0823356083860003
B0005,351,discharge,24.0,2008-05-11 16:49:58,,3021.75,3.5058813026542324,,-1.7753115642966961,,,33.11570360624461,40.386661855917744,100.0,1.485868384561201,0.7429341922806005,2.698216006032282,,
B0005,352,impedance,24.0,2008-05-11 17:41:53,,,,,,,,,,,,,,0.057206589538471034,0.07814181670188959
B0005,353,charge,24.0,2008-05-11 18:13:51,102.0,10806.844,4.168735204362698,4.209010138135633,0.5239037468586069,0.5196781728523229,4.0973143005450305,25.90081245653995,29.863474041359538,,,,,,
B0005,354,impedance,24.0,2008-05-11 21:15:14,,,,,,,,,,,,,,0.05853988727737317,0.08259957408588693
B0005,355,discharge,24.0,2008-05-11 21:47:12,,3012.265,3.504168333530808,,-1.7742377662318358,,,33.12942148982364,40.43384612547835,101.0,1.480413677976106,0.740206838988053,2.6911707598773864,,
B0005,356,impedance,24.0,2008-05-11 22:38:57,,,,,,,,,,,,,,0.0568695950036647,0.07851971117292988
B0005,357,charge,24.0,2008-05-11 23:10:55,103.0,10367.906000000003,4.167738533245543,4.209286321889628,0.5448665166311562,0.5403393824485374,4.276134615384616,25.961139619102717,29.847879865816882,,,,,,
B0005,358,impedance,24.0,2008-05-12 02:05:00,,,,,,,,,,,,,,0.057610002271573896,0.08361769407052744
B0005,359,discharge,24.0,2008-05-12 02:36:58,,3002.641,3.5030568931470634,,-1.773860289771637,,,33.130681310493344,40.44479269068758,102.0,1.4752095869031632,0.7376047934515816,2.690162319231471,,
B0005,360,impedance,24.0,2008-05-12 03:28:34,,,,,,,,,,,,,,0.05758927754908643,0.07858483851402417
B0005,361,charge,24.0,2008-05-12 04:00:32,104.0,10806.719,4.169622465731045,4.20906168640711,0.5200245527389034,0.5157510384215991,4.123149273104881,25.847581583069786,29.817445053015998,,,,,,
B0005,362,impedance,24.0,2008-05-12 12:24:36,,,,,,,,,,,,,,0.05687744083786221,0.08453629957179691
B0005,363,discharge,24.0,2008-05-12 12:56:34,,3012.0,3.4982324882487936,,-1.7809702419814517,,,33.20069210329718,40.58499656066617,103.0,1.4859035988304024,0.7429517994152012,2.6355034454892072,,
B0005,364,impedance,24.0,2008-05-12 13:48:19,,,,,,,,,,,,,,0.05841225795718409,0.07816622903600336
B0005,365,charge,24.0,2008-05-12 16:11:11,105.0,10043.172,4.1683659306021825,4.209837365677117,0.5639413599870164,0.5595791829882485,4.456461387800784,26.343040591685405,30.0408863638767,,,,,,
B0005,366,discharge,24.0,2008-05-12 18:59:59,,3020.11,3.5065859365661325,,-1.7879098523188452,,,33.78697527817091,40.99869158762305,104.0,1.4960918298136696,0.7480459149068348,2.6594753656507684,,
B0005,367,impedance,24.0,2008-05-12 19:51:52,,,,,,,,,,,,,,0.058982855797460765,0.07840869791471827
B0005,368,charge,24.0,2008-05-12 20:23:51,106.0,10569.812,4.16712940529248,4.2098269996566815,0.5404870941917305,0.5361667992574914,4.224972951471758,26.57680877670008,30.484119019984476,,,,,,
B0005,369,impedance,24.0,2008-05-12 23:21:19,,,,,,,,,,,,,,0.06019789084807145,0.08377346645248043
B0005,370,discharge,24.0,2008-05-12 23:53:17,,3002.172000000006,3.501457140697961,,-1.780229415660985,,,33.673365085761986,40.997807625227495,105.0,1.4808005946928984,0.7404002973464492,2.644554999824577,,
B0005,371,impedance,24.0,2008-05-13 00:44:53,,,,,,,,,,,,,,0.05843281496253658,0.07878612106344238
B0005,372,charge,24.0,2008-05-13 01:16:51,107.0,9917.203,4.165918636441142,4.209674359299608,0.5700675452978637,0.5653293684508638,4.457684791843671,26.497126053434993,30.320993292587357,,,,,,
B0005,373,impedance,24.0,2008-05-13 04:03:26,,,,,,,,,,,,,,0.05988352416265757,0.08361156763608181
B0005,374,discharge,24.0,2008-05-13 04:35:25,,2992.703,3.501658387162809,,-1.7731015168894209,,,33.535818118317145,40.84213757482493,106.0,1.4697543268466824,0.7348771634233412,2.6719601666204564,,
B0005,375,impedance,24.0,2008-05-13 05:26:51,,,,,,,,,,,,,,0.06081675929565647,0.08038388778322308
B0005,376,charge,24.0,2008-05-13 05:58:50,108.0,10317.406,4.167385475237739,4.209167062707327,0.5366016791657899,0.532303841991342,3.8823024891774893,26.23246228056812,30.154996545118347,,,,,,
B0005,377,impedance,24.0,2008-05-13 08:52:05,,,,,,,,,,,,,,0.058875120497055886,0.08370562422038381
B0005,378,discharge,24.0,2008-05-13 09:24:04,,2964.468,3.4966186408455298,,-1.7705879947441516,,,33.32269982188509,40.69012464267011,107.0,1.4539012274845928,0.7269506137422964,2.6598211033173382,,
B0005,379,impedance,24.0,2008-05-13 10:15:02,,,,,,,,,,,,,,0.058641305762534054,0.07856327599613487
B0005,380,charge,24.0,2008-05-13 10:47:01,109.0,10806.109,4.1703511098068216,4.208855011933893,0.5156965790545791,0.5115959491041288,4.10059257335757,26.000979471677365,29.97682928823835,,,,,,
B0005,381,impedance,24.0,2008-05-13 13:48:25,,,,,,,,,,,,,,0.05844518592952695,0.0843513765148262
B0005,382,discharge,24.0,2008-05-13 14:20:24,,2983.375,3.4991645719433246,,-1.7600629827474803,,,33.346230327490304,40.69938049882204,108.0,1.4541462067235693,0.7270731033617847,2.688360455508818,,
B0005,383,impedance,24.0,2008-05-13 15:11:42,,,,,,,,,,,,,,0.05925711282693887,0.08002743252583437
B0005,384,charge,24.0,2008-05-13 15:43:41,110.0,10041.921,4.1685257209213695,4.2093630515127325,0.5519868280845809,0.5477166853303471,4.401309350503919,26.304406677546186,30.08507492258316,,,,,,
B0005,385,impedance,24.0,2008-05-13 18:32:21,,,,,,,,,,,,,,0.06055121054997781,0.08328051476741821
B0005,386,discharge,24.0,2008-05-13 19:04:20,,2975.297,3.496080777360074,,-1.765575132998529,,,33.64948900485925,41.06026204078849,109.0,1.455023751906683,0.7275118759533415,2.6376728619288525,,
B0005,387,impedance,24.0,2008-05-13 19:55:29,,,,,,,,,,,,,,0.05877801771423867,0.07918337546950212
B0005,388,charge,24.0,2008-05-13 20:27:29,111.0,10719.281,4.170374029841988,4.2099281798934305,0.5161189019622676,0.5120536368393511,4.083587388801675,26.488314685413716,30.388201652887467,,,,,,
B0005,389,impedance,24.0,2008-05-13 23:27:26,,,,,,,,,,,,,,0.05995025589217596,0.0831904359131708
B0005,390,discharge,24.0,2008-05-13 23:59:26,,2974.9850000000006,3.4959014526387993,,-1.7588271887545277,,,33.79269513542102,41.19696040482682,110.0,1.449042163761236,0.724521081880618,2.645120521151077,,
B0005,391,impedance,24.0,2008-05-14 00:50:35,,,,,,,,,,,,,,0.05835227769750316,0.07964710418735362
B0005,392,charge,24.0,2008-05-14 01:22:34,112.0,10804.719,4.171060912120711,4.209625447385018,0.5108698391293734,0.5067459740259741,4.10397974025974,26.360634597576503,30.35093185395905,,,,,,
B0005,393,impedance,24.0,2008-05-14 04:23:57,,,,,,,,,,,,,,0.05956501303684226,0.08487011380929321
B0005,394,discharge,24.0,2008-05-14 04:55:57,,2966.25,3.49758697990267,,-1.7516428147438297,,,33.52446663707275,40.84446688602949,111.0,1.4386709371480566,0.7193354685740283,2.698012437629632,,
B0005,395,impedance,24.0,2008-05-14 05:46:58,,,,,,,,,,,,,,0.058938187317504366,0.07953792065559018
B0005,396,charge,24.0,2008-05-14 06:18:57,113.0,10805.687,4.172102471144396,4.209994497945742,0.5067976189540666,0.5027429833679833,4.112068607068608,26.01371119236736,29.97632430805407,,,,,,
B0005,397,impedance,24.0,2008-05-14 09:20:22,,,,,,,,,,,,,,0.059853349010250065,0.08473917663733575
B0005,398,discharge,24.0,2008-05-14 09:52:22,,2956.359,3.4956989619989507,,-1.7513097768253418,,,33.39042251934235,40.764203830749366,112.0,1.433445432156979,0.7167227160784895,2.6928942772989077,,
B0005,399,impedance,24.0,2008-05-14 10:43:12,,,,,,,,,,,,,,0.0584896827626018,0.07964370546866237
B0005,400,charge,24.0,2008-05-14 11:15:12,114.0,10011.406,4.169895005190017,4.209645673539432,0.5457592973240515,0.5414852403710992,4.4114138318807985,26.297723923750286,30.072488379955132,,,,,,
B0005,401,impedance,24.0,2008-05-14 14:03:22,,,,,,,,,,,,,,0.05874548029308314,0.08711721350349075
B0005,402,discharge,24.0,2008-05-14 14:35:22,,2956.344,3.492875380810072,,-1.7511840784846122,,,33.67370212742761,41.11212504270441,113.0,1.4333958900838095,0.7166979450419048,2.6483923655058113,,
B0005,403,impedance,24.0,2008-05-14 15:26:13,,,,,,,,,,,,,,0.06134060755888107,0.07733665024296885
B0005,404,charge,24.0,2008-05-14 15:58:13,115.0,10806.625,4.172224402561897,4.2095192868246425,0.5045087206649608,0.5006261366588723,4.103768511301637,26.460055536819574,30.336671946542243,,,,,,
B0005,405,impedance,24.0,2008-05-14 18:59:38,,,,,,,,,,,,,,0.06083767084489383,0.08490902777488013
B0005,406,discharge,24.0,2008-05-14 19:31:39,,2956.406,3.49551076423368,,-1.7446206812145286,,,33.91080564765892,41.27256611507568,114.0,1.42806487344776,0.71403243672388,2.6832134764261997,,
B0005,407,impedance,24.0,2008-05-14 20:22:30,,,,,,,,,,,,,,0.05834271794334396,0.07994246159333938
B0005,408,charge,24.0,2008-05-14 20:54:30,116.0,10805.563,4.172390702305611,4.209686875098169,0.5033829401421354,0.49924122693007544,4.111454380036392,26.522125341707824,30.483128850170555,,,,,,
B0005,409,impedance,24.0,2008-05-14 23:55:55,,,,,,,,,,,,,,0.05993762786815949,0.08479950183605617
B0005,410,discharge,24.0,2008-05-15 00:27:55,,2947.266,3.4942333590450834,,-1.7436362428649814,,,33.7850680599871,41.15574924454392,115.0,1.4229203181741186,0.7114601590870593,2.684960445221862,,
B0005,411,impedance,24.0,2008-05-15 01:18:37,,,,,,,,,,,,,,0.05979534226516758,0.07964682734703848
B0005,412,charge,24.0,2008-05-15 01:50:38,117.0,10807.219,4.17292540089804,4.209097023225327,0.5011750295574352,0.49696177847113887,4.109927717108684,26.304507189511508,30.274856346189882,,,,,,
B0005,413,impedance,24.0,2008-05-15 04:52:04,,,,,,,,,,,,,,0.05959588691816853,0.08518775171680287
B0005,414,discharge,24.0,2008-05-15 05:24:04,,2937.984,3.491197414255986,,-1.7425325036061032,,,33.61126807392732,41.03237216951879,116.0,1.417429032731308,0.708714516365654,2.669922120529456,,
B0005,415,impedance,24.0,2008-05-15 06:14:38,,,,,,,,,,,,,,0.05920398197966059,0.08007181105183933
B0005,416,charge,24.0,2008-05-15 06:46:38,118.0,10805.547,4.173506980483201,4.20966048778739,0.4996699404165846,0.49543429612282075,4.128014311735623,26.033862750089828,30.035870598156723,,,,,,
B0005,417,impedance,24.0,2008-05-15 09:48:03,,,,,,,,,,,,,,0.058400743519397356,0.08632938236969102
B0005,418,discharge,24.0,2008-05-15 10:20:03,,2929.125,3.4889094081576237,,-1.7419837011363046,,,33.45598581472246,40.937269906716935,117.0,1.412409228794446,0.706204614397223,2.664105530655056,,
B0005,419,impedance,24.0,2008-05-15 11:10:28,,,,,,,,,,,,,,0.06134389439332634,0.07989290542746168
B0005,420,charge,24.0,2008-05-15 11:42:28,119.0,10510.453,4.173120289801623,4.209800153781022,0.5119592557446062,0.5078736278447121,4.249806157965194,26.173877726061654,30.03736523711485,,,,,,
B0005,421,impedance,24.0,2008-05-15 14:38:58,,,,,,,,,,,,,,0.06260506440345279,0.08502111899525971
B0005,422,discharge,24.0,2008-05-15 15:10:59,,2928.454,3.487376295811431,,-1.7421680980861822,,,33.723267448788484,41.240704611971786,118.0,1.412578792940193,0.7062893964700965,2.634098605983684,,
B0005,423,impedance,24.0,2008-05-15 16:01:23,,,,,,,,,,,,,,0.05881986188457543,0.07914854798469835
B0005,424,charge,24.0,2008-05-15 16:33:24,120.0,10202.781,4.171960284239058,4.208986473959438,0.5275401796076259,0.523431253451132,4.349462175593595,26.58087845459433,30.351591057822837,,,,,,
B0005,425,impedance,24.0,2008-05-15 19:24:46,,,,,,,,,,,,,,0.06115195391732467,0.08485577620272611
B0005,426,discharge,24.0,2008-05-15 19:56:47,,2929.375,3.491994243745711,,-1.735841378420618,,,34.050076369857344,41.43649987692296,119.0,1.4075983731469897,0.7037991865734948,2.68378702970616,,
B0005,427,impedance,24.0,2008-05-15 20:47:12,,,,,,,,,,,,,,0.060462461899175826,0.08092668356466791
B0005,428,charge,24.0,2008-05-15 21:19:13,121.0,10140.858999999997,4.171902834988741,4.2094113854487585,0.5295981797881324,0.5251160466407551,4.393865352581899,26.844678208638005,30.67648939138071,,,,,,
B0005,429,impedance,24.0,2008-05-16 00:09:33,,,,,,,,,,,,,,0.059630601199984506,0.0850345675980089
B0005,430,discharge,24.0,2008-05-16 16:54:59,,2946.031,3.491585878898649,,-1.7567879869499758,,,33.889346908026745,41.16703904201915,120.0,1.4333920485221476,0.7166960242610738,2.660031949282934,,
B0005,431,charge,24.0,2008-05-16 18:43:58,122.0,10340.672,4.1712738901121105,4.209579923728784,0.5301690858655698,0.5258811854268624,4.307977977161501,26.650851656256684,30.448107672298725,,,,,,
B0005,432,discharge,24.0,2008-05-16 21:37:39,,2955.438,3.495576227046425,,-1.7573176114092575,,,34.067648550088656,41.36216559728765,121.0,1.4382550176792908,0.7191275088396454,2.650011641082063,,
B0005,433,impedance,24.0,2008-05-16 22:28:31,,,,,,,,,,,,,,0.06160738568225919,0.08020127504914304
B0005,434,charge,24.0,2008-05-16 23:00:32,123.0,10700.062999999995,4.171468491878122,4.208897768601187,0.5117506163543526,0.5074434531618998,4.158792705326687,26.644530238931335,30.60906521554531,,,,,,
B0005,435,impedance,24.0,2008-05-17 02:00:12,,,,,,,,,,,,,,0.060986669920577066,0.08583976882422588
B0005,436,discharge,24.0,2008-05-17 02:32:13,,2937.625,3.4938988589692483,,-1.7427628393326555,,,33.75168100943646,41.02198772703674,122.0,1.4173547174485526,0.7086773587242763,2.6936969083341418,,
B0005,437,impedance,24.0,2008-05-17 03:22:47,,,,,,,,,,,,,,0.060802701783849895,0.08185255727094856
B0005,438,charge,24.0,2008-05-17 03:54:49,124.0,10628.938,4.172802234100528,4.208949896486924,0.5081028567646714,0.5037741935483872,4.197024061343205,26.22137188976638,30.19378282488405,,,,,,
B0005,439,impedance,24.0,2008-05-17 06:53:18,,,,,,,,,,,,,,0.06100425704109886,0.08588436114872877
B0005,440,discharge,24.0,2008-05-17 07:25:19,,2929.078,3.49159162968384,,-1.7352637407600366,,,33.46482299584788,40.78818812957494,123.0,1.406981663677643,0.7034908318388216,2.697073130067154,,
B0005,441,impedance,24.0,2008-05-17 08:15:45,,,,,,,,,,,,,,0.06147075614169803,0.08170752156365965
B0005,442,charge,24.0,2008-05-17 08:47:46,125.0,10807.109,4.174124314497429,4.209016148652449,0.49584719215020134,0.49164845173041893,4.130865209471767,25.981908446070978,29.935657831042917,,,,,,
B0005,443,impedance,24.0,2008-05-17 11:49:14,,,,,,,,,,,,,,0.06232914782727364,0.08822161138920462
B0005,444,discharge,24.0,2008-05-17 12:21:15,,2918.375,3.4885729299834787,,-1.7344350518111926,,,33.40210697922146,40.81506138506309,124.0,1.4012037783587625,0.7006018891793813,2.6806995515145213,,
B0005,445,impedance,24.0,2008-05-17 13:11:30,,,,,,,,,,,,,,0.062141039518508724,0.08177099146255969
B0005,446,charge,24.0,2008-05-17 13:43:32,126.0,10722.515,4.174346392804098,4.209823901420775,0.4976780837881712,0.49345132511151923,4.155512988716873,25.957258610228184,29.8881671331284,,,,,,
B0005,447,impedance,24.0,2008-05-17 16:43:35,,,,,,,,,,,,,,0.061502762788551504,0.0872699062901812
B0005,448,discharge,24.0,2008-05-17 17:15:37,,2919.812,3.4869021151089825,,-1.7280392046289716,,,33.410688917712235,40.858374219876424,125.0,1.3967008232726328,0.6983504116363164,2.6695398084864568,,
B0005,449,impedance,24.0,2008-05-17 18:05:53,,,,,,,,,,,,,,0.059631149799839814,0.08257600572707498
B0005,450,charge,24.0,2008-05-17 18:37:55,127.0,10772.969,4.17489016638359,4.209170290922202,0.49302618507032236,0.4887713987473904,4.14220276617954,25.910664889466272,29.861095412731405,,,,,,
B0005,451,impedance,24.0,2008-05-17 21:38:49,,,,,,,,,,,,,,0.06141907994833745,0.08720378292525818
B0005,452,discharge,24.0,2008-05-17 22:10:51,,2900.422,3.4855485210036417,,-1.7326888725308258,,,33.38984948261314,40.839876773287166,126.0,1.391284788852726,0.695642394426363,2.671695307817951,,
B0005,453,impedance,24.0,2008-05-17 23:00:48,,,,,,,,,,,,,,0.061083512551729904,0.08239994758407483
B0005,454,charge,24.0,2008-05-17 23:32:50,128.0,10745.718999999997,4.17500186209585,4.209747743387126,0.4924938743507686,0.4882366492146597,4.102971727748692,25.915316403584885,29.859618167527618,,,,,,
B0005,455,impedance,24.0,2008-05-18 02:33:17,,,,,,,,,,,,,,0.06121665145307191,0.0872819262712242
B0005,456,discharge,24.0,2008-05-18 03:05:19,,2901.375,3.4838912547260388,,-1.7260735249920125,,,33.3700433438796,40.85376069244676,127.0,1.3862287677978349,0.6931143838989174,2.661289185949965,,
B0005,457,impedance,24.0,2008-05-18 03:55:17,,,,,,,,,,,,,,0.06148387399714281,0.08269579716686087
B0005,458,charge,24.0,2008-05-18 04:27:19,129.0,10807.094,4.175515479681168,4.209894860161395,0.4881521312448845,0.48392918510804483,4.09529679770893,25.80295172183165,29.76623045605718,,,,,,
B0005,459,impedance,24.0,2008-05-18 07:28:48,,,,,,,,,,,,,,0.062704070176938,0.08679111809854424
B0005,460,discharge,24.0,2008-05-18 08:00:50,,2901.187,3.483198941484065,,-1.7195393742714093,,,33.27215987470977,40.74795214258888,128.0,1.3804366761974138,0.6902183380987069,2.667817533540102,,
B0005,461,impedance,24.0,2008-05-18 08:50:48,,,,,,,,,,,,,,0.0617088861822979,0.08329169748855401
B0005,462,charge,24.0,2008-05-18 09:22:51,130.0,10113.641,4.174292387595526,4.2090419862189705,0.5207295046813237,0.5161040446304045,4.402655509065551,25.798431586046714,29.659062062043006,,,,,,
B0005,463,impedance,24.0,2008-05-18 12:12:46,,,,,,,,,,,,,,0.06172613583587411,0.0883779260119075
B0005,464,discharge,24.0,2008-05-18 12:44:48,,2891.64,3.4836274447098883,,-1.7185829844462923,,,33.222444215660225,40.68794001196382,129.0,1.3752364150256224,0.6876182075128112,2.684008069130594,,
B0005,465,impedance,24.0,2008-05-18 13:34:37,,,,,,,,,,,,,,0.06088889899741356,0.08311038310685015
B0005,466,charge,24.0,2008-05-18 14:06:39,131.0,10585.812,4.175643593578711,4.2091512370452655,0.49324912975351554,0.48902472089314203,4.093889154704945,25.716243739071537,29.636312800311195,,,,,,
B0005,467,impedance,24.0,2008-05-18 17:04:27,,,,,,,,,,,,,,0.06185223703499693,0.08697922184678317
B0005,468,discharge,24.0,2008-05-18 17:36:29,,2882.906,3.480172442538601,,-1.717672415155695,,,33.26207748383125,40.7810749453613,130.0,1.3705128024895008,0.6852564012447504,2.6585256208771644,,
B0005,469,impedance,24.0,2008-05-18 18:26:10,,,,,,,,,,,,,,0.06106743458543022,0.08375435203587812
B0005,470,charge,24.0,2008-05-18 18:58:12,132.0,10806.562,4.176577322242164,4.2089344930633095,0.483727693040275,0.4795045608548346,4.151890539483972,25.721597233349875,29.674942267630755,,,,,,
B0005,471,impedance,24.0,2008-05-18 21:59:40,,,,,,,,,,,,,,0.06310358102659182,0.08852234569242505
B0005,472,discharge,24.0,2008-05-18 22:31:45,,2883.265,3.478452148610975,,-1.7177080769362936,,,33.312029905516525,40.88159339768709,131.0,1.3705085566270399,0.6852542783135199,2.6372250579822927,,
B0005,473,impedance,24.0,2008-05-18 23:21:28,,,,,,,,,,,,,,0.06084445004689351,0.08308225537417147
B0005,474,charge,24.0,2008-05-18 23:53:33,133.0,10805.281000000003,4.176790229876768,4.20956126773023,0.4824487275661897,0.47825247782994257,4.135507042253521,25.681959267638916,29.66255999018432,,,,,,
B0005,475,impedance,24.0,2008-05-19 02:55:02,,,,,,,,,,,,,,0.06228746060457266,0.08923087570947913
B0005,476,discharge,24.0,2008-05-19 03:27:07,,2882.969,3.4785782556105507,,-1.7109669363015376,,,33.25287943255863,40.81191473576834,132.0,1.3647355108681518,0.6823677554340759,2.6514257735606432,,
B0005,477,impedance,24.0,2008-05-19 04:16:50,,,,,,,,,,,,,,0.06351594916063175,0.08411816433198452
B0005,478,charge,24.0,2008-05-19 04:48:55,134.0,10733.391,4.176985790150989,4.209087989190457,0.48404447233967585,0.4797389705882353,4.1695995273109245,25.624925482393323,29.574918567388586,,,,,,
B0005,479,impedance,24.0,2008-05-19 07:49:12,,,,,,,,,,,,,,0.06270549893166993,0.08838724457648714
B0005,480,discharge,24.0,2008-05-19 15:34:33,,2891.656,3.4825195584604582,,-1.7184206130755166,,,33.745054045019884,41.11793533148924,133.0,1.375392016895762,0.687696008447881,2.676384659108382,,
B0005,481,charge,24.0,2008-05-19 17:58:12,135.0,10805.547,4.177987238970751,4.2096620077990865,0.48598493306923507,0.4815535853976532,4.239882659713168,26.214209031070983,30.038979775800122,,,,,,
B0005,482,discharge,24.0,2008-05-19 20:59:48,,2901.25,3.4886823636752826,,-1.7260471943596487,,,33.88841975386692,41.248795355864885,134.0,1.3861115151535393,0.6930557575767696,2.6949138502817815,,
B0005,483,charge,24.0,2008-05-19 22:08:37,136.0,10751.266000000003,4.173973017733684,4.20979896478687,0.49112574705055223,0.48664853556485355,4.109578713389122,26.418135656045987,30.44925709999368,,,,,,
B0005,484,discharge,24.0,2008-05-20 01:16:42,,2891.703,3.4858502383832755,,-1.712021613408506,,,33.7353756996425,41.16242984455477,135.0,1.3698500035838939,0.6849250017919469,2.6973343716306273,,
B0005,485,impedance,24.0,2008-05-20 02:06:32,,,,,,,,,,,,,,0.05609876336075707,0.0751803131352498
B0005,486,charge,24.0,2008-05-20 02:38:35,137.0,10805.625,4.17659968208389,4.209588279991649,0.48297491868712317,0.4784580510682648,4.1276052631578946,26.041050682309145,30.051459766235475,,,,,,
B0005,487,impedance,24.0,2008-05-20 05:40:03,,,,,,,,,,,,,,0.053286381622558374,0.08156856568421471
B0005,488,discharge,24.0,2008-05-20 06:12:06,,2883.016,3.478794177297151,,-1.711022510206629,,,33.59131052719714,41.16437554618679,136.0,1.3647827949260758,0.6823913974630379,2.642540259937964,,
B0005,489,impedance,24.0,2008-05-20 07:01:47,,,,,,,,,,,,,,0.05438777538615831,0.07604192318654494
B0005,490,charge,24.0,2008-05-20 07:33:50,138.0,10806.672,4.177020484618747,4.208963727299078,0.4810830469866139,0.4764467918622848,4.151132237871675,25.78429991090836,29.83228995796081,,,,,,
B0005,491,impedance,24.0,2008-05-20 10:35:19,,,,,,,,,,,,,,0.05293147474045376,0.08275693411495888
B0005,492,discharge,24.0,2008-05-20 11:07:23,,2873.453,3.4812826020756744,,-1.703421414006958,,,33.32366688599416,40.864216180205034,137.0,1.3543220466259964,0.6771610233129982,2.699226257883075,,
B0005,493,impedance,24.0,2008-05-20 11:56:55,,,,,,,,,,,,,,0.054476476622608364,0.07673140547029404
B0005,494,charge,24.0,2008-05-20 12:28:58,139.0,10502.453,4.176949472748766,4.209722877884705,0.4910575899778839,0.4867044295302013,4.2358547651006715,25.89460433493637,29.749204122508385,,,,,,
B0005,495,impedance,24.0,2008-05-20 15:25:23,,,,,,,,,,,,,,0.05588929297745871,0.08226321054006082
B0005,496,discharge,24.0,2008-05-20 15:57:27,,2874.031,3.480352041587074,,-1.703574708739156,,,33.691961507697364,41.25434553511566,138.0,1.3546417018378962,0.6773208509189481,2.676480329780849,,
B0005,497,impedance,24.0,2008-05-20 16:46:59,,,,,,,,,,,,,,0.05599607903184257,0.07651440849093617
B0005,498,charge,24.0,2008-05-20 17:19:03,140.0,10689.219,4.177167687873663,4.209676059278413,0.4824992021317717,0.478214078565779,4.156157395201688,26.21291162607548,30.125015931862148,,,,,,
B0005,499,impedance,24.0,2008-05-20 20:18:35,,,,,,,,,,,,,,0.05841778368115902,0.08029809490533976
B0005,500,discharge,24.0,2008-05-20 20:50:39,,2874.234,3.4781127815565127,,-1.7034912994217157,,,33.887639684793655,41.45023191903855,139.0,1.3547039213192407,0.6773519606596203,2.642142168479886,,
B0005,501,impedance,24.0,2008-05-20 21:40:11,,,,,,,,,,,,,,0.052279965818119264,0.07486615123258515
B0005,502,charge,24.0,2008-05-20 22:12:15,141.0,10436.453999999998,4.176615170009566,4.209570995056534,0.4948718422742959,0.4902,4.277740810810811,26.189195744166067,30.142009338201902,,,,,,
B0005,503,impedance,24.0,2008-05-21 01:07:35,,,,,,,,,,,,,,0.056411433170262516,0.0819223123309917
B0005,504,discharge,24.0,2008-05-21 01:39:38,,2864.984,3.4765867130506125,,-1.7023383270190764,,,33.67308060941856,41.27708509224051,140.0,1.349314997503458,0.674657498751729,2.644725254926797,,
B0005,505,impedance,24.0,2008-05-21 02:29:02,,,,,,,,,,,,,,0.05350804531294866,0.07610419438082021
B0005,506,charge,24.0,2008-05-21 03:01:06,142.0,10193.25,4.176632324656065,4.209447384056193,0.5046731629853417,0.49989387642006095,4.398357439733998,25.925635492800915,29.843375053160454,,,,,,
B0005,507,impedance,24.0,2008-05-21 05:52:23,,,,,,,,,,,,,,0.05568015964086863,0.08177399086572994
B0005,508,discharge,24.0,2008-05-21 06:24:27,,2855.093,3.4733769291841643,,-1.7014238498912502,,,33.411988203265814,41.064605154983276,141.0,1.3441891937970554,0.6720945968985277,2.632270655366611,,
B0005,509,impedance,24.0,2008-05-21 07:13:41,,,,,,,,,,,,,,0.053892806183993766,0.07778309560578801
B0005,510,charge,24.0,2008-05-21 07:45:45,143.0,10733.703,4.178482558143892,4.208946514436026,0.47658965552649,0.4722402102496715,4.199393429697767,25.56161801380306,29.564480083595075,,,,,,
B0005,511,impedance,24.0,2008-05-21 10:46:01,,,,,,,,,,,,,,0.056210257603528525,0.08328067168438782
B0005,512,discharge,24.0,2008-05-21 11:18:06,,2855.625,3.4726366397371127,,-1.6950436046971957,,,33.29926524979532,40.99284868101728,142.0,1.3389913790695755,0.6694956895347878,2.6391006118876117,,
B0005,513,impedance,24.0,2008-05-21 12:07:20,,,,,,,,,,,,,,0.05500261254176024,0.0770552542641119
B0005,514,charge,24.0,2008-05-21 12:39:25,144.0,10647.812,4.178606107587668,4.2097116328585535,0.4783950731989409,0.4742599364069952,4.2239342872284045,25.662187990962515,29.574314879183014,,,,,,
B0005,515,impedance,24.0,2008-05-21 15:38:16,,,,,,,,,,,,,,0.05579452141186236,0.0829501208969064
B0005,516,discharge,24.0,2008-05-21 16:10:21,,2855.594,3.473439372740961,,-1.695057731610264,,,33.59980731390034,41.29040553417739,143.0,1.3389145230206971,0.6694572615103486,2.637841830893275,,
B0005,517,impedance,24.0,2008-05-21 16:59:36,,,,,,,,,,,,,,0.055477936916064945,0.07700167355105111
B0005,518,charge,24.0,2008-05-21 17:31:40,145.0,10621.235,4.178293208291327,4.208975288401353,0.48013952405225957,0.4757909139213603,4.224223432518597,25.980230716549915,29.926917344820954,,,,,,
B0005,519,impedance,24.0,2008-05-21 20:30:05,,,,,,,,,,,,,,0.057799714665998925,0.08190303229216056
B0005,520,discharge,24.0,2008-05-21 21:02:09,,2847.437,3.4754777099091454,,-1.6937809113323188,,,33.61961195858585,41.22740227746052,144.0,1.3340066759761655,0.6670033379880828,2.668286095904868,,
B0005,521,impedance,24.0,2008-05-21 21:51:16,,,,,,,,,,,,,,0.055131598162180676,0.07705565644815345
B0005,522,charge,24.0,2008-05-21 22:23:21,146.0,9969.577999999994,4.1770810163384215,4.20900687681348,0.5091449035270569,0.5044433106575964,4.3966079931972795,25.8806869522218,29.766294155994522,,,,,,
B0005,523,impedance,24.0,2008-05-22 01:10:54,,,,,,,,,,,,,,0.05577529472858128,0.08294674118422612
B0005,524,discharge,24.0,2008-05-22 01:42:59,,2847.36,3.4722884821666766,,-1.6869434054016965,,,33.3945201718652,41.04619550953222,145.0,1.3286444309174914,0.6643222154587457,2.6490198126838553,,
B0005,525,impedance,24.0,2008-05-22 02:32:06,,,,,,,,,,,,,,0.05581143896033036,0.07655193817591452
B0005,526,charge,24.0,2008-05-22 03:04:11,147.0,10501.094,4.1790092292724275,4.209687609257486,0.4825845214419318,0.478092816787732,4.280150928167878,25.489728914515275,29.462747298392184,,,,,,
B0005,527,impedance,24.0,2008-05-22 06:00:35,,,,,,,,,,,,,,0.056559391313402284,0.08237490117893426
B0005,528,discharge,24.0,2008-05-22 06:32:40,,2837.328,3.471373665098864,,-1.6860649112944592,,,33.16734508187535,40.85874389007758,146.0,1.3231708992276219,0.6615854496138109,2.664058512378051,,
B0005,529,impedance,24.0,2008-05-22 07:21:37,,,,,,,,,,,,,,0.05517339070760031,0.07730223904611441
B0005,530,charge,24.0,2008-05-22 07:53:42,148.0,10570.735,4.179651289471171,4.209245312367315,0.47672479393770617,0.47242261427425825,4.268967923015237,25.273691508203626,29.271930927566483,,,,,,
B0005,531,impedance,24.0,2008-05-22 10:51:17,,,,,,,,,,,,,,0.05334424687864744,0.08448562230827522
B0005,532,discharge,24.0,2008-05-22 11:23:22,,2837.281,3.4726160162875095,,-1.6795829780331424,,,33.10962161613893,40.79196924883506,147.0,1.3181691588445197,0.6590845794222598,2.6883611693898826,,
B0005,533,impedance,24.0,2008-05-22 12:12:19,,,,,,,,,,,,,,0.05620338276580351,0.07843574895859332
B0005,534,charge,24.0,2008-05-22 12:44:24,149.0,10804.765,4.180323596506419,4.209279196868547,0.464030392449307,0.46008335510844006,4.158064541416254,25.44947305264886,29.36355715804258,,,,,,
B0005,535,impedance,24.0,2008-05-22 15:45:53,,,,,,,,,,,,,,0.056262478978249195,0.0830662312193171
B0005,536,discharge,24.0,2008-05-22 16:17:58,,2838.515,3.4738146874457896,,-1.679793840292355,,,33.46501751186519,41.14127834456325,148.0,1.3184664436640334,0.6592332218320167,2.6869753836302124,,
B0005,537,impedance,24.0,2008-05-22 17:06:57,,,,,,,,,,,,,,0.054122848764169285,0.07853439066990606
B0005,538,charge,24.0,2008-05-22 17:39:02,150.0,10037.5,4.178397414005577,4.209621674026962,0.5004880344037268,0.4960439684329201,4.433005073280722,25.781794240772307,29.66310389082133,,,,,,
B0005,539,impedance,24.0,2008-05-22 20:27:44,,,,,,,,,,,,,,0.05339424998746291,0.08335635527903888
B0005,540,discharge,24.0,2008-05-22 20:59:50,,2828.328,3.4701426486639693,,-1.6851739865098712,,,33.4426191014044,41.14429319149828,149.0,1.318293040102702,0.659146520051351,2.6507536817766586,,
B0005,541,impedance,24.0,2008-05-22 21:48:39,,,,,,,,,,,,,,0.05545823824882687,0.07866069372174239
B0005,542,charge,24.0,2008-05-22 22:20:44,151.0,10555.125,4.179704118943526,4.209303699708371,0.475078474309667,0.470983409151726,4.237402997056463,25.68864253357384,29.609551859753193,,,,,,
B0005,543,impedance,24.0,2008-05-23 11:41:10,,,,,,,,,,,,,,0.05854525235071128,0.08836885185980756
B0005,544,discharge,24.0,2008-05-23 12:13:16,,2838.265,3.467523652225441,,-1.6863812036302581,,,33.037928170775885,40.66184230912503,150.0,1.323872422244268,0.661936211122134,2.6646322789106516,,
B0005,545,impedance,24.0,2008-05-23 13:02:15,,,,,,,,,,,,,,0.057849417299627566,0.08078773867849699
B0005,546,charge,24.0,2008-05-23 17:12:57,152.0,10807.328,4.183127253755657,4.209605959425042,0.4667767313325743,0.4627296519235802,4.362189479193928,25.5473433758295,29.24035466838343,,,,,,
B0005,547,discharge,24.0,2008-05-23 20:14:29,,2864.547,3.4767525840839255,,-1.715777469309528,,,33.4949493613756,41.046694544970684,151.0,1.3601216766554785,0.6800608383277392,2.6400211837268666,,
B0005,548,impedance,24.0,2008-05-23 21:03:54,,,,,,,,,,,,,,0.05861499608457943,0.0815465143150512
B0005,549,charge,24.0,2008-05-23 21:36:00,153.0,10790.062999999995,4.177677029642593,4.2088907582184145,0.4809565353388997,0.4768461337513062,4.222864158829676,25.858105200686058,29.82861578831074,,,,,,
B0005,550,impedance,24.0,2008-05-24 00:37:15,,,,,,,,,,,,,,0.06142385686894261,0.08496390395839584
B0005,551,discharge,24.0,2008-05-24 01:09:21,,2846.39,3.4758956827369127,,-1.7007216920098716,,,33.491363029025784,41.0462053156659,152.0,1.3395306867947354,0.6697653433973677,2.674198661305034,,
B0005,552,impedance,24.0,2008-05-24 01:58:28,,,,,,,,,,,,,,0.05514590684509453,0.08131922130895523
B0005,553,charge,24.0,2008-05-24 02:30:34,154.0,10574.641,4.178254104663735,4.2096990171081545,0.48250664989891084,0.47825946666666663,4.2160850666666665,25.762271564177254,29.749012593536026,,,,,,
B0005,554,impedance,24.0,2008-05-24 05:28:14,,,,,,,,,,,,,,0.05952338030179974,0.08720833121299235
B0005,555,discharge,24.0,2008-05-24 06:00:20,,2837.969,3.475812179626641,,-1.6928138295817332,,,33.329808599922345,40.868302643225604,153.0,1.3290286565120697,0.6645143282560348,2.696427051131168,,
B0005,556,impedance,24.0,2008-05-24 06:49:19,,,,,,,,,,,,,,0.060395218506932496,0.08118649064632041
B0005,557,charge,24.0,2008-05-24 07:21:25,155.0,10074.109,4.1777864501467326,4.208965703024872,0.5029299771656236,0.4985470109458322,4.427703620544484,25.665322106933754,29.560275150643996,,,,,,
B0005,558,impedance,24.0,2008-05-24 10:10:44,,,,,,,,,,,,,,0.05926159085880675,0.08777868669454861
B0005,559,discharge,24.0,2008-05-24 10:42:50,,2838.156,3.4746554404904435,,-1.6861104874993165,,,33.27302769298771,40.85283588259973,154.0,1.3236741274998955,0.6618370637499478,2.6928340297696836,,
B0005,560,impedance,24.0,2008-05-24 11:31:49,,,,,,,,,,,,,,0.05837332151817875,0.08168688613354813
B0005,561,charge,24.0,2008-05-24 12:03:55,156.0,10423.047,4.179042925040038,4.209701588831816,0.4830613994014529,0.47879566395663953,4.257939024390244,25.533014977562825,29.475615420352657,,,,,,
B0005,562,impedance,24.0,2008-05-24 14:59:04,,,,,,,,,,,,,,0.05952378458944331,0.08843007755224046
B0005,563,discharge,24.0,2008-05-24 15:31:10,,2829.843,3.472301781313945,,-1.685043785043406,,,33.229879126701434,40.85270645265791,155.0,1.318633896753293,0.6593169483766465,2.681747855329962,,
B0005,564,impedance,24.0,2008-05-24 16:20:01,,,,,,,,,,,,,,0.058915317530095296,0.08242888973447615
B0005,565,charge,24.0,2008-05-24 16:52:07,157.0,10534.046,4.1796653012106955,4.209653239010418,0.47627891863461846,0.4721345844504022,4.221377747989276,25.460985558962392,29.414812446477324,,,,,,
B0005,566,impedance,24.0,2008-05-24 19:49:07,,,,,,,,,,,,,,0.05967664811705819,0.08584374973711092
B0005,567,discharge,24.0,2008-05-24 20:21:13,,2829.625,3.4729305773503527,,-1.678524839793589,,,33.20860833999321,40.8263251809212,156.0,1.3134751321324272,0.6567375660662136,2.696791414385091,,
B0005,568,impedance,24.0,2008-05-24 21:10:04,,,,,,,,,,,,,,0.05679308055986898,0.08277241951062583
B0005,569,charge,24.0,2008-05-24 21:42:10,158.0,10266.812000000005,4.179397929492487,4.2089086808202625,0.48753508913297783,0.48325709561862773,4.363574538440342,25.497401087996412,29.395124167825006,,,,,,
B0005,570,impedance,24.0,2008-05-25 00:34:43,,,,,,,,,,,,,,0.05975988463048883,0.08662483639594361
B0005,571,discharge,24.0,2008-05-25 01:06:49,,2819.437,3.4696192030612285,,-1.6839115230941766,,,33.236115055926255,40.90308836809665,157.0,1.3132020634442203,0.6566010317221102,2.664695973142795,,
B0005,572,impedance,24.0,2008-05-25 01:55:30,,,,,,,,,,,,,,0.061548802456462645,0.08166650115809095
B0005,573,charge,24.0,2008-05-25 02:27:37,159.0,10568.109,4.1801193410650805,4.209046572142359,0.4722817576490998,0.46812219251336895,4.217568181818182,25.448154568524693,29.410028325661973,,,,,,
B0005,574,impedance,24.0,2008-05-25 05:25:11,,,,,,,,,,,,,,0.05950259165745283,0.08636882918668189
B0005,575,discharge,24.0,2008-05-25 05:57:17,,2819.579,3.470018470757559,,-1.6773783325850857,,,33.18660088296571,40.84337405460518,158.0,1.3077959946944353,0.6538979973472177,2.679191623358613,,
B0005,576,impedance,24.0,2008-05-25 06:45:59,,,,,,,,,,,,,,0.05815785715365463,0.08076638409033879
B0005,577,charge,24.0,2008-05-25 07:18:06,160.0,10798.344,4.180905341006991,4.209046904080791,0.4601208745029174,0.45617468619246865,4.127400104602511,25.331277760037743,29.31427764174688,,,,,,
B0005,578,impedance,24.0,2008-05-25 10:19:30,,,,,,,,,,,,,,0.05955598055289399,0.08821831541627395
B0005,579,discharge,24.0,2008-05-25 10:51:37,,2810.672,3.470762691935287,,-1.676425373206175,,,33.174058099115534,40.81792110626284,159.0,1.3030329186405918,0.6515164593202959,2.699983457940659,,
B0005,580,impedance,24.0,2008-05-25 11:40:09,,,,,,,,,,,,,,0.05998242374388253,0.08040837607181418
B0005,581,charge,24.0,2008-05-25 12:12:16,161.0,10279.047,4.180026342503464,4.209068843248563,0.48226181054869705,0.47802916895982395,4.303129884424877,25.474169291837303,29.362572362769285,,,,,,
B0005,582,impedance,24.0,2008-05-25 15:05:01,,,,,,,,,,,,,,0.05949136479118529,0.08873029794077426
B0005,583,discharge,24.0,2008-05-25 15:37:08,,2811.485,3.468111467035994,,-1.67627880896028,,,33.253984518546055,40.946993847659506,160.0,1.3033573559038205,0.6516786779519103,2.666300786624286,,
B0005,584,impedance,24.0,2008-05-25 16:25:42,,,,,,,,,,,,,,0.06032121649663735,0.080340961111739
B0005,585,charge,24.0,2008-05-25 16:57:49,162.0,10299.39,4.180051194279357,4.209469599722886,0.4817078695645897,0.4775008241758242,4.3242414835164835,25.517578140682183,29.411970172612595,,,,,,
B0005,586,impedance,24.0,2008-05-25 19:50:54,,,,,,,,,,,,,,0.06052114924707915,0.08753623977970666
B0005,587,discharge,24.0,2008-05-25 20:23:04,,2802.422,3.4648625780221494,,-1.6817992883033976,,,33.3198093248819,41.074938058306316,161.0,1.3034100438655642,0.6517050219327821,2.6308501373847837,,
B0005,588,impedance,24.0,2008-05-25 21:11:31,,,,,,,,,,,,,,0.05960681398165175,0.08219508357127864
B0005,589,charge,24.0,2008-05-25 21:43:40,163.0,10543.077999999994,4.180646937833196,4.20895331166291,0.47029194969752847,0.4662045088566827,4.241817498658079,25.507755071863212,29.44296145322608,,,,,,
B0005,590,impedance,24.0,2008-05-26 00:40:52,,,,,,,,,,,,,,0.05982677899726283,0.08853801860235527
B0005,591,discharge,24.0,2008-05-26 01:13:02,,2801.625,3.467864133752208,,-1.6750812261110137,,,33.33765795318198,41.02476444658572,162.0,1.2978870806495706,0.6489435403247853,2.673348140468748,,
B0005,592,impedance,24.0,2008-05-26 02:01:29,,,,,,,,,,,,,,0.061154671315268125,0.0812995137183745
B0005,593,charge,24.0,2008-05-26 02:33:39,164.0,10430.109,4.180771276246327,4.2096978774496145,0.47308079044000406,0.4692754409769336,4.305479511533243,25.501142838576612,29.42301028796411,,,,,,
B0005,594,impedance,24.0,2008-05-26 05:28:58,,,,,,,,,,,,,,0.057944393691446945,0.08890519876854222
B0005,595,discharge,24.0,2008-05-26 06:01:08,,2802.031,3.464021404592563,,-1.675366426273468,,,33.29076744042025,41.06214198725253,163.0,1.2980735056918902,0.6490367528459451,2.632763831012711,,
B0005,596,impedance,24.0,2008-05-26 06:49:35,,,,,,,,,,,,,,0.05499483450370441,0.08325251281361706
B0005,597,charge,24.0,2008-05-26 07:21:44,165.0,10154.094,4.1803289001653905,4.208913317260355,0.4851420945408185,0.48122259321090705,4.429645242070117,25.47614046458346,29.346694244289665,,,,,,
B0005,598,impedance,24.0,2008-05-26 10:12:28,,,,,,,,,,,,,,0.06175931225184275,0.0847212726764891
B0005,599,discharge,24.0,2008-05-26 10:44:38,,2793.39,3.4664623858156745,,-1.6744879201095209,,,33.27568841807217,40.98366325567302,164.0,1.293463613844243,0.6467318069221215,2.6687371180046218,,
B0005,600,impedance,24.0,2008-05-26 11:32:56,,,,,,,,,,,,,,0.058456129317427746,0.08270193673891646
B0005,601,charge,24.0,2008-05-26 12:05:07,166.0,10316.906,4.18089241375241,4.209819008906641,0.47651105486530104,0.472509195717815,4.333941806203678,25.50648704649774,29.392476256063365,,,,,,
B0005,602,impedance,24.0,2008-05-26 14:58:33,,,,,,,,,,,,,,0.05898908039586478,0.08573621892771217
B0005,603,discharge,24.0,2008-05-26 15:30:43,,2793.39,3.46850906693551,,-1.6674467270234996,,,33.32067807371405,40.98234242711097,165.0,1.288003392619118,0.644001696309559,2.696396337945361,,
B0005,604,impedance,24.0,2008-05-26 16:19:02,,,,,,,,,,,,,,0.05880084419395591,0.08236983437565949
B0005,605,charge,24.0,2008-05-26 16:51:13,167.0,10571.39,4.181591749623686,4.209558826223893,0.46321750047156923,0.4593193254817987,4.252484743040686,25.517452651606238,29.451852683469095,,,,,,
B0005,606,impedance,24.0,2008-05-26 19:48:54,,,,,,,,,,,,,,0.05763029720163586,0.08742389347930328
B0005,607,discharge,24.0,2008-05-26 20:21:04,,2792.485,3.466806213058136,,-1.6674702882406252,,,33.37314972896719,41.06375085817118,166.0,1.2874525221379407,0.6437262610689704,2.6794834862925194,,
B0005,608,impedance,24.0,2008-05-26 21:09:22,,,,,,,,,,,,,,0.05898388938334406,0.08252211755101288
B0005,609,charge,24.0,2008-05-26 21:41:33,168.0,9892.375,4.180124598026874,4.209585024954352,0.4939321363212388,0.48972880870561286,4.423386311569302,25.664855251476258,29.48700718737772,,,,,,
B0005,610,impedance,24.0,2008-05-27 00:27:55,,,,,,,,,,,,,,0.057823749393303175,0.08975687046479841
B0005,611,discharge,24.0,2008-05-27 15:52:41,,2802.016,3.471070722008039,,-1.6888978346592105,,,33.71351889594897,41.047029587744966,167.0,1.3090153642307354,0.6545076821153677,2.6787137407179737,,
B0005,612,charge,24.0,2008-05-27 17:53:59,169.0,10212.234,4.180701556427969,4.2097142451021625,0.48985729035199777,0.4860638179800222,4.431493618201998,25.433646971948875,29.072715879630877,,,,,,
B0005,613,discharge,24.0,2008-05-27 20:45:42,,2820.39,3.475472204020004,,-1.6979281889133206,,,33.86531768239223,41.051007697556734,168.0,1.3250793286429356,0.6625396643214678,2.655378369801326,,
B0005,614,impedance,24.0,2008-05-27 21:34:28,,,,,,,,,,,,,,0.05003573195803179,0.07479234613687553
B0005,615,charge,24.0,2008-05-28 11:09:42,170.0,12.656000000000002,2.8846037057332743,4.985136965640462,-0.0009532872533643702,-0.0008,2.8478000000000003,23.380012214093995,23.386983256936325,,,,,,
B0006,0,charge,24.0,2008-04-02 13:08:17,1.0,7597.875,4.178545536777291,4.204084967565013,0.6797346123174812,0.6771634980988593,4.356475285171102,25.318868966701046,27.35587045298397,,,,,,
B0006,1,discharge,24.0,2008-04-02 15:25:41,,3690.234,3.556946061827572,,-1.990533350635129,,,32.142777859921516,39.16298653238707,1.0,2.035337591005598,1.017668795502799,2.4757677568281857,,
B0006,2,charge,24.0,2008-04-02 16:37:51,2.0,10516.0,4.0402737940086615,4.207016122080002,0.9988238278422329,0.9946617021276596,4.386374468085106,27.09775038276125,31.874973194517526,,,,,,
B0006,3,discharge,24.0,2008-04-02 19:43:48,,3672.344,3.56147580138708,,-1.990277542145709,,,32.29307515705474,39.2462026826329,2.0,2.0251402460314116,1.0125701230157058,2.35152551190002,,
B0006,4,charge,24.0,2008-04-02 20:55:40,3.0,10484.547,4.038932794121953,4.207290616886043,1.001249154853667,0.9970021344717183,4.42559658484525,27.243309503530377,32.149172607204065,,,,,,
B0006,5,discharge,24.0,2008-04-03 00:01:06,,3651.641,3.5667524696413215,,-1.9899467848963859,,,32.24414709253608,38.999202460252846,3.0,2.013326371345464,1.006663185672732,2.4404797151065436,,
B0006,6,charge,24.0,2008-04-03 01:12:38,4.0,10397.89,4.041573195545713,4.2067161669272375,1.0020170134935378,0.997667738478028,4.463773847802787,27.173138796303842,32.01707420321111,,,,,,
B0006,7,discharge,24.0,2008-04-03 04:16:37,,3631.563,3.5687953371516272,,-1.9896009282099438,,,32.14711742429942,38.843627771866515,4.0,2.0132846655407413,1.0066423327703706,2.4791558539003917,,
B0006,8,charge,24.0,2008-04-03 05:27:49,5.0,10495.203,4.044519343833571,4.207282925709644,0.9944556109904055,0.990042689434365,4.521508004268943,27.058181783567154,31.921070464263895,,,,,,
B0006,9,discharge,24.0,2008-04-03 08:33:25,,3629.172,3.563970503289941,,-1.9895483606575701,,,32.06687277315468,38.97798888258284,5.0,2.000528337624771,1.0002641688123854,2.280187848173442,,
B0006,10,charge,24.0,2008-04-03 09:44:35,6.0,10792.672,4.047097190632797,4.206904703786746,0.9793026142533058,0.9751922268907565,4.5174747899159655,27.010664589975644,32.03240226041504,,,,,,
B0006,11,discharge,24.0,2008-04-03 12:55:10,,3652.281,3.5735512387791406,,-1.9901040351037365,,,32.03447836207717,38.83989920742278,6.0,2.0138990759931645,1.0069495379965823,2.4392842568466446,,
B0006,12,charge,24.0,2008-04-03 14:06:43,7.0,10789.985,4.049439686105663,4.206930372632538,0.9753626814919587,0.9713918067226892,4.517212184873949,27.092063790042364,32.00263278190103,,,,,,
B0006,13,discharge,24.0,2008-04-03 17:17:16,,3650.828,3.5711391343785897,,-1.9900886222380372,,,32.11157496697372,39.04610837498471,7.0,2.013101105626967,1.0065505528134835,2.2812068449406446,,
B0006,14,charge,24.0,2008-04-03 18:28:47,8.0,10127.562,4.042873827434288,4.207160698723091,1.0069463747004401,1.0027695652173914,4.402735869565217,27.295000789108386,32.2043613029437,,,,,,
B0006,15,discharge,24.0,2008-04-03 21:28:14,,3572.453,3.5681507462163036,,-1.9891170520197212,,,32.112576242471775,38.87507521022778,8.0,1.9687898262728398,0.9843949131364199,2.366410527029613,,
B0006,16,charge,24.0,2008-04-03 22:38:27,9.0,10147.952999999994,4.044418810558217,4.207043942482234,1.0030931855410699,0.9989826275787189,4.343343105320304,27.231094729512908,32.08909051113987,,,,,,
B0006,17,discharge,24.0,2008-04-04 01:38:15,,3550.594,3.5692834155812436,,-1.9892116643905464,,,32.03566207329278,38.7260539826455,9.0,1.9681661764334244,0.9840830882167122,2.436020049578708,,
B0006,18,charge,24.0,2008-04-04 02:48:06,10.0,10162.094,4.046394243580996,4.2067449161458885,0.9990995986808431,0.9951357220412596,4.3751954397394135,27.153987730434693,31.997731444743632,,,,,,
B0006,19,discharge,24.0,2008-04-04 05:48:08,,3551.25,3.563388513484579,,-1.989191243247005,,,31.99527968872302,38.98629728904917,10.0,1.9572307917560536,0.9786153958780268,2.1864377487643725,,
B0006,20,charge,24.0,2008-04-04 06:58:00,11.0,10119.375,4.047522733576512,4.20701033665878,1.0009096025947493,0.9967391304347826,4.413079347826088,27.145539720170813,32.16534007453746,,,,,,
B0006,21,discharge,24.0,2008-04-04 09:57:19,,3530.25,3.566658719765511,,-1.9891317699701738,,,31.874127571841353,38.65978861919643,11.0,1.9455991514129352,0.9727995757064676,2.3406023605912454,,
B0006,22,charge,24.0,2008-04-04 11:06:50,12.0,10013.235,4.0473136788819035,4.206923833684555,1.0032423236761796,0.9991533406352684,4.367774370208106,27.105127508769446,31.93681506588346,,,,,,
B0006,23,charge,24.0,2008-04-04 15:05:59,13.0,9586.875,4.085066306035491,4.204804954593547,0.9460815685793387,0.9425139353400223,4.403257525083612,27.100618830315568,30.352216278441432,,,,,,
B0006,24,discharge,24.0,2008-04-04 17:56:27,,3491.016,3.5687035970122842,,-1.9887805507702212,,,32.120959708576166,38.84979195732924,12.0,1.9347505044841131,0.9673752522420566,2.4263021374140443,,
B0006,25,charge,24.0,2008-04-04 19:05:19,14.0,9952.359,4.051166664155547,4.2069602632522045,0.9991850155707778,0.9951502192982458,4.525565789473684,27.346430051525438,32.18060237026164,,,,,,
B0006,26,discharge,24.0,2008-04-04 22:01:54,,3470.281,3.569207084156356,,-1.9887320866401275,,,32.11021168908644,38.75128344015104,13.0,1.9232799539368028,0.9616399769684014,2.4753697700007034,,
B0006,27,charge,24.0,2008-04-04 23:10:25,15.0,10758.031000000003,4.058254218359525,4.206292828423885,0.9570804534580898,0.9531850683491062,4.51682334384858,27.13044941257913,32.076511477048484,,,,,,
B0006,28,discharge,24.0,2008-04-05 02:20:26,,3470.0,3.5659271296109383,,-1.9887200290368634,,,31.989061278918154,38.76853764058789,14.0,1.911889930948487,0.9559449654742435,2.342364523655007,,
B0006,29,charge,24.0,2008-04-05 03:28:57,16.0,9921.75,4.052641062554042,4.206565620992792,0.996111327563789,0.9920658616904502,4.441450054884741,27.16494621497475,32.07848903390586,,,,,,
B0006,30,discharge,24.0,2008-04-05 06:25:01,,3450.297,3.5612417270649486,,-1.9887874042287874,,,31.878814448635442,38.84686112344348,15.0,1.9010667141979305,0.9505333570989652,2.188400081882664,,
B0006,31,charge,24.0,2008-04-05 07:33:12,17.0,10000.25,4.054775482005672,4.2066154337879675,0.9898858302355602,0.9859573304157551,4.35914113785558,27.122265060515833,32.105341901779,,,,,,
B0006,32,discharge,24.0,2008-04-05 10:30:32,,3429.407,3.557881987836072,,-1.9885910895930397,,,31.767450711024402,38.865889781652804,16.0,1.8891989948061458,0.9445994974030729,2.1206980945954057,,
B0006,33,charge,24.0,2008-04-05 11:38:22,18.0,9936.031,4.057168542660257,4.206175319196726,0.9915567197284344,0.9876081229418223,4.477003293084523,27.091186922536306,32.085857911982885,,,,,,
B0006,34,discharge,24.0,2008-04-05 14:34:41,,3409.484,3.56282437243777,,-1.9884892463229662,,,31.78991634963658,38.647578733807656,17.0,1.878278372248849,0.9391391861244245,2.369981457799298,,
B0006,35,charge,24.0,2008-04-05 15:42:11,19.0,9989.532,4.057851780907196,4.205939141240403,0.9838409640545818,0.9799058050383351,4.451852135815991,27.064754224863968,31.9088312502423,,,,,,
B0006,36,discharge,24.0,2008-04-05 18:39:25,,3390.422,3.5591953280168633,,-1.9883474274444874,,,31.82883467218067,38.79218188173866,18.0,1.8675697161520206,0.9337848580760103,2.247991649924625,,
B0006,37,charge,24.0,2008-04-05 19:46:36,20.0,10158.782,4.060600437907517,4.206072421466277,0.9733033796140876,0.96936442516269,4.52763557483731,27.096833265509154,32.042697066607694,,,,,,
B0006,38,discharge,24.0,2008-04-05 22:46:35,,3390.281,3.5580906165580983,,-1.9774549866256104,,,31.890449470827843,38.77022223929529,19.0,1.8675892574453767,0.9337946287226884,2.4115317107898875,,
B0006,39,charge,24.0,2008-04-18 17:34:22,21.0,10289.312,4.080872787384854,4.205991716092305,0.9594710456638,0.9551907824222938,4.203546623794212,25.621036972906786,28.597753861232963,,,,,,
B0006,40,impedance,24.0,2008-04-18 20:55:29,,,,,,,,,,,,,,0.06123359021000344,0.0785415394665875
B0006,41,discharge,24.0,2008-04-18 21:10:19,,3591.734,3.565899462157853,,-1.9892347833261184,,,31.51177053595285,37.54320599748628,20.0,1.979626548250818,0.989813274125409,2.2033558468593775,,
B0006,42,impedance,24.0,2008-04-18 22:39:16,,,,,,,,,,,,,,0.06561684946388616,0.0886832084583472
B0006,43,charge,24.0,2008-04-18 22:53:58,22.0,10283.077999999994,4.045174541374003,4.2067372007029835,1.0002208792099214,0.9960388349514564,4.420058252427185,26.018916084630686,28.999939091310562,,,,,,
B0006,44,impedance,24.0,2008-04-19 02:14:27,,,,,,,,,,,,,,0.06062991544979002,0.07802409378290423
B0006,45,discharge,24.0,2008-04-19 02:29:09,,3552.297,3.570814209348872,,-1.9890474874073771,,,31.874488497680712,37.90362577530197,21.0,1.9575499080884022,0.9787749540442011,2.35887751155593,,
B0006,46,impedance,24.0,2008-04-19 03:57:24,,,,,,,,,,,,,,0.0626250732462495,0.08533725531470857
B0006,47,charge,24.0,2008-04-19 04:12:06,23.0,10281.39,4.051548873709219,4.206267337538965,0.9960569215894778,0.9913419913419916,4.530025974025975,26.11363000720855,28.954767078368718,,,,,,
B0006,48,impedance,24.0,2008-04-19 07:32:33,,,,,,,,,,,,,,0.0608598716542857,0.07840240203025303
B0006,49,discharge,24.0,2008-04-19 07:47:15,,3531.578,3.5666817833633124,,-1.988682950523383,,,31.53911453638972,37.6701605139887,22.0,1.9458150170787551,0.9729075085393776,2.218672914041916,,
B0006,50,impedance,24.0,2008-04-19 09:15:10,,,,,,,,,,,,,,0.062249571082343746,0.08440849663820382
B0006,51,charge,24.0,2008-04-19 09:29:52,24.0,10081.797,4.054876346836675,4.207142843027727,1.001375175349596,0.9965109409190372,4.522310722100657,25.760828939548123,28.573880662844978,,,,,,
B0006,52,impedance,24.0,2008-04-19 12:47:00,,,,,,,,,,,,,,0.06006450818180178,0.07807093382204865
B0006,53,discharge,24.0,2008-04-19 13:01:42,,3492.907,3.5668392745025836,,-1.9885447318884866,,,31.220866832188786,37.34166959188387,23.0,1.9242461121680094,0.9621230560840047,2.339723057947995,,
B0006,54,impedance,24.0,2008-04-19 14:28:58,,,,,,,,,,,,,,0.062201023860373954,0.08437084638397113
B0006,55,charge,24.0,2008-04-19 14:43:41,25.0,10797.328,4.0652768150256735,4.206429877497038,0.9596250760722719,0.9550978947368421,4.528101052631579,25.50924394673222,28.35410437907863,,,,,,
B0006,56,impedance,24.0,2008-04-19 18:12:47,,,,,,,,,,,,,,0.05913130853407464,0.07795570757873038
B0006,57,discharge,24.0,2008-04-19 18:27:29,,3511.594,3.571051969392875,,-1.9885639445355097,,,31.119005145018026,37.28979017254232,24.0,1.9459811331421641,0.9729905665710821,2.3997508208942735,,
B0006,58,impedance,24.0,2008-04-19 19:55:05,,,,,,,,,,,,,,0.06207350175489952,0.0838418603746595
B0006,59,charge,24.0,2008-04-19 20:09:47,26.0,10099.218,4.063843033634871,4.206921564718665,0.987788647953209,0.9832358078602621,4.526179039301311,25.50074158941563,28.29238390325409,,,,,,
B0006,60,impedance,24.0,2008-04-19 23:27:13,,,,,,,,,,,,,,0.06059698754511872,0.07938182566133384
B0006,61,discharge,24.0,2008-04-19 23:41:55,,3431.9370000000054,3.5666308474029793,,-1.9880563928902786,,,31.033244078156734,37.16794481484507,25.0,1.901407930553079,0.9507039652765396,2.491410879472442,,
B0006,62,impedance,24.0,2008-04-20 01:08:11,,,,,,,,,,,,,,0.06200595535926761,0.08243346882486241
B0006,63,charge,24.0,2008-04-20 01:22:53,27.0,10078.719,4.066132819284077,4.204812324834961,0.9825181788426087,0.9778404371584701,4.365275409836065,25.44745403999636,28.21188042033004,,,,,,
B0006,64,impedance,24.0,2008-04-20 04:39:59,,,,,,,,,,,,,,0.0604355089729667,0.07949409294266127
B0006,65,discharge,24.0,2008-04-20 04:54:41,,3431.125,3.5527392240854914,,-1.9772969675547487,,,31.001249222460967,37.51577848501052,26.0,1.878674213680085,0.9393371068400425,2.1387303309558976,,
B0006,66,impedance,24.0,2008-04-20 06:20:57,,,,,,,,,,,,,,0.06251817310661875,0.08413790663872997
B0006,67,charge,24.0,2008-04-20 06:35:39,28.0,10617.375,4.0717924890729655,4.206162698014965,0.9547502569896177,0.9501443736730362,4.531429936305733,25.351655963419258,28.181745758886848,,,,,,
B0006,68,impedance,24.0,2008-04-20 10:01:46,,,,,,,,,,,,,,0.0598822703747387,0.07871218357298479
B0006,69,discharge,24.0,2008-04-20 10:16:28,,3412.406,3.5560959755046615,,-1.9771693646864965,,,30.921434744041356,37.24165964092258,27.0,1.8683061328264219,0.9341530664132109,2.346064498302046,,
B0006,70,impedance,24.0,2008-04-20 11:42:26,,,,,,,,,,,,,,0.060953270532872306,0.08269288603896705
B0006,71,charge,24.0,2008-04-20 11:57:08,29.0,10564.157,4.07421858176447,4.205381133772882,0.952456875355821,0.9479510117145902,4.533758253461129,25.2638879248557,28.075949119303758,,,,,,
B0006,72,impedance,24.0,2008-04-20 15:22:22,,,,,,,,,,,,,,0.06058721482266893,0.07989533922911993
B0006,73,discharge,24.0,2008-04-20 15:37:05,,3410.688,3.5504500858303394,,-1.9660385076397233,,,30.929360248207214,37.27233216178077,28.0,1.8560244070082998,0.9280122035041499,2.327337743316428,,
B0006,74,impedance,24.0,2008-04-20 17:03:01,,,,,,,,,,,,,,0.06236564071812447,0.08389054593182355
B0006,75,charge,24.0,2008-04-20 17:17:44,30.0,10143.984,4.072241149512793,4.205003143801726,0.968693120821915,0.9641318082788672,4.384029411764706,25.323443940163475,28.099632347736115,,,,,,
B0006,76,impedance,24.0,2008-04-20 20:35:56,,,,,,,,,,,,,,0.06090836519034555,0.0797490751361702
B0006,77,discharge,24.0,2008-04-20 20:50:38,,3410.718,3.546007083640312,,-1.9445990482746272,,,31.00810965793079,37.207134503019795,29.0,1.8451997961855777,0.9225998980927889,2.4863117233366316,,
B0006,78,impedance,24.0,2008-04-20 22:16:35,,,,,,,,,,,,,,0.0623876560738503,0.08427447476572261
B0006,79,charge,24.0,2008-04-20 22:31:18,31.0,10790.452999999994,4.079543683954575,4.203251704766414,0.9346191387122413,0.9303319283456271,4.530973656480506,25.304305905815063,28.15103439695118,,,,,,
B0006,80,impedance,24.0,2008-04-21 02:00:19,,,,,,,,,,,,,,0.060369152473069135,0.08014506815871338
B0006,81,discharge,24.0,2008-04-21 02:15:02,,3392.719,3.554257954720065,,-1.9769156942357176,,,30.96779499306422,37.49607769896255,30.0,1.857228890885317,0.9286144454426585,2.2921663510920895,,
B0006,82,impedance,24.0,2008-04-21 03:26:58,,,,,,,,,,,,,,0.06209144685667864,0.08164302964777198
B0006,83,charge,24.0,2008-04-21 17:51:26,32.0,10442.891,4.085586906504731,4.203363907045535,0.9440877605274541,0.9400371944739639,4.540736450584485,25.322091423663814,28.39475478203679,,,,,,
B0006,84,charge,24.0,2008-04-22 14:15:41,33.0,1674.484,4.205390789780383,8.083343544866112,0.08668101145677445,0.08693470790378006,4.244020618556702,23.82084266180423,23.941020332727746,,,,,,
B0006,85,discharge,24.0,2008-04-22 15:33:49,,3470.672,3.555857469677978,,-1.9997552547832569,,,31.10097217303459,37.250073961181094,31.0,1.9247760889090635,0.9623880444545317,2.4343006861812118,,
B0006,86,impedance,24.0,2008-04-22 16:33:03,,,,,,,,,,,,,,0.06356536156604609,0.08150834385680611
B0006,87,charge,24.0,2008-04-22 17:04:53,34.0,10113.656,4.129876207718454,4.202120861189459,0.7198667502052504,0.7170267832741186,4.4834162339437,25.536564067789637,28.482333092467393,,,,,,
B0006,88,impedance,24.0,2008-04-22 19:54:32,,,,,,,,,,,,,,0.06232003183337441,0.08021169162372531
B0006,89,discharge,24.0,2008-04-22 20:26:18,,3414.109,3.5537306734803207,,-1.9884344406296768,,,31.307368922041046,37.39699052067588,32.0,1.8822317526092551,0.9411158763046276,2.472619908000758,,
B0006,90,impedance,24.0,2008-04-22 21:24:34,,,,,,,,,,,,,,0.06294168193775251,0.08199172562670037
B0006,91,charge,24.0,2008-04-22 21:56:21,35.0,10137.89,4.1333834302816355,4.201864317666194,0.7069779186756157,0.703879159847245,4.481319967266776,25.56741667631952,28.58710834674342,,,,,,
B0006,92,impedance,24.0,2008-04-23 00:46:24,,,,,,,,,,,,,,0.06189122330035962,0.08120805787615462
B0006,93,discharge,24.0,2008-04-23 01:18:11,,3395.219,3.5452650003621513,,-1.9771310999966942,,,31.131339987164562,37.2852066420257,33.0,1.855276687885587,0.9276383439427935,2.403422072720937,,
B0006,94,impedance,24.0,2008-04-23 02:16:08,,,,,,,,,,,,,,0.0628654066217946,0.08144682676052387
B0006,95,charge,24.0,2008-04-23 02:47:55,36.0,10651.657,4.138693587672253,4.2028686021710415,0.667202105081877,0.6640885714285716,4.4678818181818185,25.15735403314838,28.294010828400918,,,,,,
B0006,96,impedance,24.0,2008-04-23 05:46:32,,,,,,,,,,,,,,0.06171642129064926,0.08150165216580176
B0006,97,discharge,24.0,2008-04-23 06:18:19,,3386.0,3.538408778928339,,-1.965705768920947,,,30.828713779105055,37.080390421974414,34.0,1.8392508917181876,0.9196254458590938,2.4006679782182205,,
B0006,98,impedance,24.0,2008-04-23 07:16:07,,,,,,,,,,,,,,0.06291524637705144,0.08277116642147596
B0006,99,charge,24.0,2008-04-23 07:47:54,37.0,10032.485,4.137278474891531,4.2020080862057165,0.6988085786346139,0.6957270218051339,4.399414021529119,24.989538945227892,27.970800137688457,,,,,,
B0006,100,impedance,24.0,2008-04-23 10:36:13,,,,,,,,,,,,,,0.06199878481176484,0.08138761044036787
B0006,101,discharge,24.0,2008-04-23 11:08:00,,3368.187,3.5297688311332673,,-1.9542494702422435,,,30.761533072057244,36.98024266357476,35.0,1.8185396073994429,0.9092698036997214,2.3194299432177345,,
B0006,102,impedance,24.0,2008-04-23 12:05:30,,,,,,,,,,,,,,0.06307762333013402,0.08287146905081498
B0006,103,charge,24.0,2008-04-23 12:37:17,38.0,10574.297,4.1414571010246455,4.201677900975037,0.6608854225730668,0.6580052369730296,4.466800733176224,25.180745399490828,28.158791899243404,,,,,,
B0006,104,impedance,24.0,2008-04-23 15:34:37,,,,,,,,,,,,,,0.06250406054880163,0.08169124692338582
B0006,105,discharge,24.0,2008-04-23 16:06:25,,3368.266,3.5300676840423306,,-1.9490605727432448,,,31.30305692941581,37.598741245467004,36.0,1.8134770059567056,0.9067385029783528,2.3401731734980076,,
B0006,106,impedance,24.0,2008-04-23 17:03:55,,,,,,,,,,,,,,0.0627995855607608,0.0818468337271938
B0006,107,charge,24.0,2008-04-23 17:35:42,39.0,10461.735,4.141645479496477,4.20163878277163,0.6634816539120677,0.6603558201058201,4.468743121693122,25.292235216630523,28.40104385792931,,,,,,
B0006,108,impedance,24.0,2008-04-23 20:31:10,,,,,,,,,,,,,,0.06201388686472383,0.08131610081343171
B0006,109,discharge,24.0,2008-04-23 21:02:58,,3358.719,3.5248882875629555,,-1.9373547119632697,,,31.06432144678013,37.33680914521836,37.0,1.7971018450305436,0.8985509225152718,2.3829603510808774,,
B0006,110,impedance,24.0,2008-04-23 22:00:19,,,,,,,,,,,,,,0.06308360062643197,0.08264257683503572
B0006,111,charge,24.0,2008-04-23 22:32:06,40.0,9993.062000000005,4.14089223010424,4.201778926311602,0.688201244296354,0.6848918169209433,4.48021997226075,25.12354763553037,28.132231098068214,,,,,,
B0006,112,impedance,24.0,2008-04-24 01:19:46,,,,,,,,,,,,,,0.06183019217410585,0.08120435160553863
B0006,113,discharge,24.0,2008-04-24 01:51:33,,3339.5,3.5190926887152725,,-1.9312604088713479,,,30.96654665282149,37.39499820465976,38.0,1.7810046294120476,0.8905023147060238,2.351855540704836,,
B0006,114,impedance,24.0,2008-04-24 02:48:35,,,,,,,,,,,,,,0.06313290641362876,0.0837217579093773
B0006,115,charge,24.0,2008-04-24 03:20:23,41.0,10602.281,4.145384297144703,4.201893244216743,0.6456652982089215,0.642518034500784,4.463603240982749,24.845898768603192,27.966969935040385,,,,,,
B0006,116,impedance,24.0,2008-04-24 06:18:12,,,,,,,,,,,,,,0.06282694657880761,0.08347157844651079
B0006,117,discharge,24.0,2008-04-24 06:50:00,,3331.265,3.5151810230271,,-1.925413982519257,,,30.826455697992966,37.35233964342659,39.0,1.7710130422682329,0.8855065211341164,2.3535104841115886,,
B0006,118,impedance,24.0,2008-04-24 07:46:53,,,,,,,,,,,,,,0.06336352421336121,0.0837975537463188
B0006,119,charge,24.0,2008-04-24 08:18:41,42.0,10667.969,4.147133824093723,4.202091955147693,0.6368410626284218,0.6339797244606188,4.461266701325709,24.745480280733183,27.75957410527405,,,,,,
B0006,120,impedance,24.0,2008-04-24 11:17:36,,,,,,,,,,,,,,0.06349817571333986,0.08385488671663242
B0006,121,discharge,24.0,2008-04-24 11:49:24,,3321.188,3.514029112834162,,-1.9198444871883995,,,31.080769482413952,37.58677381866742,40.0,1.7604712448170943,0.8802356224085471,2.3948058223938364,,
B0006,122,impedance,24.0,2008-04-24 12:46:08,,,,,,,,,,,,,,0.06264078681571249,0.08299028292337617
B0006,123,charge,24.0,2008-04-24 13:17:56,43.0,10504.781,4.14686600265132,4.201996589667506,0.6426056541099174,0.6400269200316707,4.464825811559779,25.29969472858799,28.315119077831064,,,,,,
B0006,124,impedance,24.0,2008-04-24 16:14:07,,,,,,,,,,,,,,0.060945139936148515,0.082015904986437
B0006,125,discharge,24.0,2008-04-24 16:45:56,,3321.844,3.514139684003936,,-1.908733158939213,,,31.694287817425337,38.207044569893476,41.0,1.7502913788006587,0.8751456894003293,2.4418858444380294,,
B0006,126,impedance,24.0,2008-04-24 17:42:40,,,,,,,,,,,,,,0.06395085325023771,0.0832684036551876
B0006,127,charge,24.0,2008-04-24 18:14:28,44.0,10246.781,4.146165272892503,4.202078104566653,0.6545309456013868,0.6517010281385283,4.469464826839827,25.719099276376973,28.759435057679752,,,,,,
B0006,128,impedance,24.0,2008-04-24 21:06:22,,,,,,,,,,,,,,0.0639175801612165,0.08216571708748939
B0006,129,discharge,24.0,2008-04-24 21:38:11,,3311.828,3.509578354212467,,-1.90276801874341,,,31.875581783696685,38.340431886092745,42.0,1.7394925037732578,0.8697462518866289,2.391848815367812,,
B0006,130,impedance,24.0,2008-04-24 22:34:45,,,,,,,,,,,,,,0.061914442984428886,0.0827944269463386
B0006,131,charge,24.0,2008-04-24 23:06:34,45.0,10166.218999999997,4.1467730055348575,4.202221842381282,0.6559124018187802,0.6528914348063285,4.470726132024004,25.607949607087512,28.681906125997056,,,,,,
B0006,132,impedance,24.0,2008-04-25 01:57:07,,,,,,,,,,,,,,0.06223664045181756,0.08227519539898062
B0006,133,discharge,24.0,2008-04-25 12:03:44,,3327.391,3.5110708693292705,,-1.9093247566511207,,,31.543288143901563,38.521539672721865,43.0,1.7546766553637203,0.8773383276818602,2.3166154227865463,,
B0006,134,charge,24.0,2008-04-25 17:02:35,46.0,10804.922,4.152354380509434,4.20183690205406,0.6252403280862147,0.6224469230769231,4.460734358974359,25.15239521946869,28.544862281131994,,,,,,
B0006,135,discharge,24.0,2008-04-25 20:03:55,,3312.078,3.5159179315855056,,-1.9306372167933323,,,31.420983409991024,38.03707160241571,44.0,1.7659390941842175,0.8829695470921087,2.4110989960643794,,
B0006,136,impedance,24.0,2008-04-25 21:00:31,,,,,,,,,,,,,,0.06368589032225634,0.08410980261203092
B0006,137,charge,24.0,2008-04-25 21:32:20,47.0,10758.985,4.149073473832747,4.20176801838368,0.6288014634575095,0.6257859350850077,4.460148634724368,24.956784398728235,28.227586320387818,,,,,,
B0006,138,impedance,24.0,2008-04-26 00:32:46,,,,,,,,,,,,,,0.06203106446308808,0.08319177703888532
B0006,139,discharge,24.0,2008-04-26 01:04:35,,3293.172,3.50585340727078,,-1.907114151507875,,,31.15837149963786,37.934285687720596,45.0,1.7337887419624838,0.8668943709812419,2.4510125175432287,,
B0006,140,impedance,24.0,2008-04-26 02:00:52,,,,,,,,,,,,,,0.06394139531038306,0.08439590554803003
B0006,141,charge,24.0,2008-04-26 02:32:41,48.0,10317.515,4.149319265033265,4.2020264962422305,0.6440540683657684,0.6410392578650176,4.466274805055122,24.845753514136497,28.067108057487324,,,,,,
B0006,142,impedance,24.0,2008-04-26 05:25:46,,,,,,,,,,,,,,0.06250649038034015,0.08426848073493345
B0006,143,discharge,24.0,2008-04-26 05:57:35,,3275.328,3.5010379345914444,,-1.8953541357988335,,,31.15661421699882,37.88470784051604,46.0,1.713325912040734,0.856662956020367,2.471216186082459,,
B0006,144,impedance,24.0,2008-04-26 06:53:34,,,,,,,,,,,,,,0.06334074841835481,0.08443325960211569
B0006,145,charge,24.0,2008-04-26 07:25:23,49.0,10805.734,4.152958435765652,4.201731974579074,0.6094211464181148,0.6065892169448013,4.453482413350449,24.759253545817227,28.067128360555888,,,,,,
B0006,146,impedance,24.0,2008-04-26 10:26:36,,,,,,,,,,,,,,0.06261533272747599,0.0839721783477321
B0006,147,discharge,24.0,2008-04-26 10:58:25,,3265.016,3.497407662636496,,-1.8892713805954209,,,31.206611383963253,38.065368726791895,47.0,1.7024077813673466,0.8512038906836733,2.470968641396993,,
B0006,148,charge,24.0,2008-04-28 17:20:47,50.0,9946.391,4.150611801337876,4.2019364305263425,0.6564647881422182,0.6536072524407253,4.37951520223152,25.385815273810298,28.576958595190668,,,,,,
B0006,149,discharge,24.0,2008-04-29 12:15:56,,3328.937,3.5388872766749144,,-1.9819359924929794,,,33.61169282822636,39.788440481350335,48.0,1.82371946178183,0.911859730890915,2.4288023941361625,,
B0006,150,impedance,24.0,2008-04-29 13:12:54,,,,,,,,,,,,,,0.0659851482712769,0.08205908433058269
B0006,151,charge,24.0,2008-04-29 13:44:46,51.0,10063.547,4.133464624796557,4.2019802690229335,0.7001015148467099,0.6968739703459638,4.477654310818232,27.380478585615847,30.7089708928189,,,,,,
B0006,152,impedance,24.0,2008-04-29 16:33:38,,,,,,,,,,,,,,0.0645724621588098,0.08034229300933068
B0006,153,discharge,24.0,2008-04-29 17:05:27,,3329.266,3.5327430295356828,,-1.9653277079992455,,,32.85630077141311,39.212903178007906,49.0,1.8081284050314708,0.9040642025157354,2.3551430866643166,,
B0006,154,impedance,24.0,2008-04-29 18:02:21,,,,,,,,,,,,,,0.06584265367322818,0.08228467898593818
B0006,155,charge,24.0,2008-04-29 18:34:10,52.0,10376.172,4.140296135804,4.201868241940657,0.6658522396092803,0.6627188166311301,4.468720682302772,26.646363956512182,30.106699115532898,,,,,,
B0006,156,impedance,24.0,2008-04-29 21:28:15,,,,,,,,,,,,,,0.06368615846693702,0.08236363977175419
B0006,157,discharge,24.0,2008-04-29 22:00:04,,3301.579,3.521214759733266,,-1.9470636598230844,,,32.210981559158874,38.66937823121345,50.0,1.7757610945034283,0.8878805472517142,2.365933525789291,,
B0006,158,impedance,24.0,2008-04-29 22:56:30,,,,,,,,,,,,,,0.06586299475840429,0.08404816384807184
B0006,159,charge,24.0,2008-04-29 23:28:20,53.0,9756.858999999997,4.140774096111559,4.201968483553752,0.6932889967479454,0.6899954584161228,4.385133125177406,26.100358589607755,29.363372970921308,,,,,,
B0006,160,impedance,24.0,2008-04-30 02:12:05,,,,,,,,,,,,,,0.06291209789909709,0.08214102281998399
B0006,161,discharge,24.0,2008-04-30 02:43:55,,3283.563,3.5093111439506677,,-1.9241628426386395,,,31.965090081650274,38.5170065164806,51.0,1.7447409841836798,0.8723704920918399,2.3481961394586457,,
B0006,162,impedance,24.0,2008-04-30 03:40:03,,,,,,,,,,,,,,0.06445446289569287,0.08372729247372598
B0006,163,charge,24.0,2008-04-30 04:11:53,54.0,10610.906,4.147814314370267,4.2020894684143295,0.6331255913984261,0.6300976501305484,4.4598253263707575,25.649456483530546,29.053108404174978,,,,,,
B0006,164,impedance,24.0,2008-04-30 07:09:52,,,,,,,,,,,,,,0.06366741172107057,0.08296956725555057
B0006,165,discharge,24.0,2008-04-30 07:41:42,,3275.125,3.50716091973708,,-1.9124470439353747,,,31.744801840189538,38.292505299491516,52.0,1.729207034132373,0.8646035170661865,2.46945948630322,,
B0006,166,impedance,24.0,2008-04-30 08:37:42,,,,,,,,,,,,,,0.06449971024722613,0.08439116060930645
B0006,167,charge,24.0,2008-04-30 09:09:32,55.0,9978.078,4.147155030260045,4.202032914685855,0.6621310832775887,0.6590967204002223,4.473273763201779,25.59348533692894,28.824607780532247,,,,,,
B0006,168,impedance,24.0,2008-04-30 11:56:59,,,,,,,,,,,,,,0.06454586928056331,0.08390558187210605
B0006,169,discharge,24.0,2008-04-30 12:28:49,,3265.656,3.500928918686389,,-1.8950209973545986,,,31.876564068962466,38.52091685291118,53.0,1.7081086552553244,0.8540543276276622,2.4666715880697576,,
B0006,170,impedance,24.0,2008-04-30 13:24:39,,,,,,,,,,,,,,0.06462222077599941,0.08347874261289515
B0006,171,charge,24.0,2008-04-30 13:56:29,56.0,10246.984,4.149659891227396,4.2029650037863515,0.6404057119410048,0.6377276664861938,4.4660736329182456,25.80802143843077,29.04334125546153,,,,,,
B0006,172,impedance,24.0,2008-04-30 16:48:25,,,,,,,,,,,,,,0.06441730776729335,0.08332080296168762
B0006,173,discharge,24.0,2008-04-30 17:20:16,,3266.093,3.4973019898820894,,-1.8837082435178907,,,32.24289319481841,38.95436345473558,54.0,1.6975954237461768,0.8487977118730884,2.4482931262785135,,
B0006,174,impedance,24.0,2008-04-30 18:16:07,,,,,,,,,,,,,,0.06535744633615422,0.08372284778321133
B0006,175,charge,24.0,2008-04-30 18:47:57,57.0,10437.047,4.151763891899817,4.201745105046002,0.6245211085260329,0.6216431039064577,4.4595386659580125,25.690981294880917,29.041516878949153,,,,,,
B0006,176,impedance,24.0,2008-04-30 21:43:03,,,,,,,,,,,,,,0.06517362934686399,0.08478155339352322
B0006,177,discharge,24.0,2008-04-30 22:14:54,,3257.594,3.4929038301187156,,-1.8716651994380054,,,32.07305565938816,38.731363854696035,55.0,1.6820634524029463,0.8410317262014732,2.4745215382882586,,
B0006,178,impedance,24.0,2008-04-30 23:10:36,,,,,,,,,,,,,,0.0657374096950185,0.08640081854624075
B0006,179,charge,24.0,2008-04-30 23:42:27,58.0,10805.827999999994,4.154792029296989,4.201953884828614,0.5978185415720131,0.5951406931964057,4.451051861360719,25.577958645380264,28.954766991435342,,,,,,
B0006,180,impedance,24.0,2008-05-01 02:43:42,,,,,,,,,,,,,,0.06359515956336817,0.08418492196132377
B0006,181,discharge,24.0,2008-05-01 03:15:33,,3248.593,3.488659224822318,,-1.8654809345089407,,,32.030140929891196,38.74827601131975,56.0,1.6714768322295086,0.8357384161147543,2.469127855241356,,
B0006,182,impedance,24.0,2008-05-01 04:11:07,,,,,,,,,,,,,,0.06569551042223239,0.08528415424415496
B0006,183,charge,24.0,2008-05-01 04:42:57,59.0,10805.375,4.155969601476407,4.201864866348314,0.5933997772613404,0.5908081171333164,4.449875160544567,25.46098104903186,28.827764021851614,,,,,,
B0006,184,impedance,24.0,2008-05-01 07:44:12,,,,,,,,,,,,,,0.06528547500729169,0.08605041403439097
B0006,185,discharge,24.0,2008-05-01 08:16:03,,3238.766,3.4822930804774015,,-1.8592903578575999,,,31.984935871368258,38.84227056628921,57.0,1.6607591387047655,0.8303795693523828,2.4177173347922416,,
B0006,186,impedance,24.0,2008-05-01 09:11:27,,,,,,,,,,,,,,0.06608858001407364,0.08697381626854853
B0006,187,charge,24.0,2008-05-01 09:43:18,60.0,10685.968,4.156491909347314,4.20167085224603,0.595822004637786,0.5933609667359666,4.452239085239086,25.436993851892336,28.786886386344246,,,,,,
B0006,188,impedance,24.0,2008-05-01 12:42:34,,,,,,,,,,,,,,0.06653396257005847,0.08674821993371198
B0006,189,discharge,24.0,2008-05-01 13:14:24,,3240.14,3.477575664197982,,-1.848156298789804,,,32.23677365476226,39.221381996208315,58.0,1.651121015038069,0.8255605075190345,2.3775131079338427,,
B0006,190,impedance,24.0,2008-05-01 14:09:50,,,,,,,,,,,,,,0.0673918549622027,0.0861118887620564
B0006,191,charge,24.0,2008-05-01 14:41:41,61.0,10588.64,4.156718541366754,4.201838951244605,0.5983673361832752,0.5961030684500392,4.45420508785733,25.938054463156547,29.207075464293986,,,,,,
B0006,192,impedance,24.0,2008-05-01 17:39:20,,,,,,,,,,,,,,0.06634112534272091,0.08720558299891104
B0006,193,discharge,24.0,2008-05-01 18:11:10,,3230.109,3.4787436506489255,,-1.8415742473538441,,,32.56097148037261,39.466510899162515,59.0,1.6401349256190927,0.8200674628095463,2.443723814618984,,
B0006,194,impedance,24.0,2008-05-01 19:06:26,,,,,,,,,,,,,,0.0671457542138853,0.08632770749811566
B0006,195,charge,24.0,2008-05-01 19:38:17,62.0,10736.094,4.158143863599229,4.202695530287936,0.586616315407851,0.584167399741268,4.450176714100906,25.848663621482324,29.18554105903438,,,,,,
B0006,196,impedance,24.0,2008-05-01 22:38:24,,,,,,,,,,,,,,0.06590996191117977,0.08712834097374948
B0006,197,discharge,24.0,2008-05-01 23:10:15,,3229.7810000000027,3.4740152461288862,,-1.8297533943331723,,,32.48984985901219,39.352653481724175,60.0,1.6291999416165441,0.8145999708082721,2.4324278256917147,,
B0006,198,impedance,24.0,2008-05-02 00:05:31,,,,,,,,,,,,,,0.06656218407046685,0.0876302548566821
B0006,199,charge,24.0,2008-05-02 00:37:22,63.0,9790.859,4.155601040919429,4.202048923784108,0.6364236922777519,0.6336272391242537,4.470577480807506,25.889479643087075,29.094562723441733,,,,,,
B0006,200,impedance,24.0,2008-05-02 03:21:43,,,,,,,,,,,,,,0.06605623626692969,0.08756285633165226
B0006,201,discharge,24.0,2008-05-02 03:53:34,,3212.469,3.4718387718772696,,-1.8170860697729954,,,32.42612199208859,39.31890647034385,61.0,1.6088496302961666,0.8044248151480833,2.494085641889116,,
B0006,202,impedance,24.0,2008-05-02 04:48:33,,,,,,,,,,,,,,0.06683041793365703,0.0881304972895854
B0006,203,charge,24.0,2008-05-02 05:20:24,64.0,10274.359,4.158789297211486,4.20263466163033,0.6031676913352987,0.6006383094012464,4.457872934164183,25.70387833670803,28.972067174585955,,,,,,
B0006,204,impedance,24.0,2008-05-02 08:12:49,,,,,,,,,,,,,,0.06590274256382748,0.08820859113319164
B0006,205,discharge,24.0,2008-05-02 08:44:40,,3213.219,3.463180130644551,,-1.8111560774496664,,,32.29984271249387,39.47196886600465,62.0,1.6035244898969248,0.8017622449484624,2.382347172890769,,
B0006,206,impedance,24.0,2008-05-02 09:39:40,,,,,,,,,,,,,,0.0671228648017542,0.08952481378716437
B0006,207,charge,24.0,2008-05-02 10:11:31,65.0,10711.063,4.161275046209055,4.201922758254661,0.5759517175694431,0.5736471046481434,4.447697221500908,25.559248674341752,28.849413778690618,,,,,,
B0006,208,impedance,24.0,2008-05-02 13:11:13,,,,,,,,,,,,,,0.06791172070092616,0.08831509615303365
B0006,209,discharge,24.0,2008-05-02 13:43:05,,3203.578,3.463469391967206,,-1.8113056300795982,,,32.610757585145336,39.74009698783903,63.0,1.5989712144027983,0.7994856072013992,2.406668297987779,,
B0006,210,impedance,24.0,2008-05-02 14:37:55,,,,,,,,,,,,,,0.06804767963498151,0.08818918574404519
B0006,211,charge,24.0,2008-05-02 15:09:46,66.0,10806.015,4.161826614699263,4.2019324312079265,0.5687842341882285,0.5664635778635779,4.445192535392535,26.033525396777186,29.329113559805148,,,,,,
B0006,212,impedance,24.0,2008-05-02 18:11:03,,,,,,,,,,,,,,0.06674377333784236,0.08857968181390717
B0006,213,discharge,24.0,2008-05-02 19:07:48,,3195.125,3.46021805164007,,-1.803802475704306,,,32.25699351958767,39.03600072360686,64.0,1.5876273123575604,0.7938136561787802,2.4204142690378765,,
B0006,214,charge,24.0,2008-05-02 20:28:25,67.0,10481.047,4.160877646372476,4.202081808054388,0.5828290255900604,0.5804084993359895,4.450491367861886,25.992986590762236,29.176041721553197,,,,,,
B0006,215,discharge,24.0,2008-05-02 23:24:17,,3195.3129999999946,3.462574876665621,,-1.7982439953659044,,,32.47193402838835,39.16106395962828,65.0,1.5829719744686166,0.7914859872343083,2.4507845245525193,,
B0006,216,impedance,24.0,2008-05-03 00:18:59,,,,,,,,,,,,,,0.06787371479427354,0.08934891169767059
B0006,217,charge,24.0,2008-05-03 00:50:52,68.0,10153.36,4.161425110425687,4.201818733858601,0.5970380603473269,0.5944147680483118,4.458065605270382,25.919135612812614,29.06181349745949,,,,,,
B0006,218,impedance,24.0,2008-05-03 03:41:16,,,,,,,,,,,,,,0.06641297510611752,0.0895032370200492
B0006,219,discharge,24.0,2008-05-03 04:13:08,,3186.297,3.4537077937586056,,-1.7857963808615818,,,32.40219271195366,39.20051799483514,66.0,1.567137636713563,0.7835688183567815,2.3930328819230717,,
B0006,220,impedance,24.0,2008-05-03 05:07:41,,,,,,,,,,,,,,0.06842378612071928,0.0901555365219136
B0006,221,charge,24.0,2008-05-03 05:39:33,69.0,10662.468,4.163958276098405,4.201981089851835,0.5663705300732974,0.5639365037888686,4.445712568591587,25.692906565192622,28.902663443706384,,,,,,
B0006,222,impedance,24.0,2008-05-03 08:38:27,,,,,,,,,,,,,,0.06686868471567307,0.08981021390663306
B0006,223,discharge,24.0,2008-05-03 09:10:19,,3176.438,3.4514035349888337,,-1.7850748194527644,,,32.30987415652578,39.15878418316098,67.0,1.5613446139713882,0.7806723069856941,2.3938995980718403,,
B0006,224,impedance,24.0,2008-05-03 10:04:43,,,,,,,,,,,,,,0.06826417312265938,0.09040770934408239
B0006,225,charge,24.0,2008-05-03 10:36:35,70.0,10494.625,4.164464208785288,4.202659374028286,0.5710396137689807,0.5686897558386412,4.449167993630574,25.652455059158342,28.83769850148563,,,,,,
B0006,226,impedance,24.0,2008-05-03 13:32:41,,,,,,,,,,,,,,0.0675638979208385,0.09093282660720825
B0006,227,discharge,24.0,2008-05-03 14:04:34,,3167.593,3.450781146333252,,-1.7785916660457872,,,32.35440526839345,39.18225956809825,68.0,1.5511711892790419,0.7755855946395209,2.4373294683003053,,
B0006,228,impedance,24.0,2008-05-03 14:58:49,,,,,,,,,,,,,,0.06774703943897442,0.0901563443871731
B0006,229,charge,24.0,2008-05-03 15:30:41,71.0,10467.75,4.165089280369284,4.20164780091011,0.5692244878427766,0.5669264588329337,4.44925099920064,25.71736135777053,28.8794927672878,,,,,,
B0006,230,impedance,24.0,2008-05-03 18:26:20,,,,,,,,,,,,,,0.06767916633501396,0.09097518732194294
B0006,231,discharge,24.0,2008-05-03 18:58:13,,3167.719,3.446105572450592,,-1.7727874712030285,,,32.4731363791227,39.38159156766375,69.0,1.5406741606295171,0.7703370803147586,2.3705330061374523,,
B0006,232,impedance,24.0,2008-05-03 19:52:28,,,,,,,,,,,,,,0.06860934588238804,0.09068687374298401
B0006,233,charge,24.0,2008-05-03 20:24:21,72.0,9904.406,4.163425204405361,4.201931662195583,0.5959811734334365,0.593585352112676,4.25759352112676,25.864876174531357,28.950383897583738,,,,,,
B0006,234,impedance,24.0,2008-05-03 23:10:37,,,,,,,,,,,,,,0.0679726933427561,0.09232410955240872
B0006,235,discharge,24.0,2008-05-03 23:42:30,,3159.077999999994,3.4418152533277144,,-1.7601807681971697,,,32.52334649341759,39.44712875501599,70.0,1.5253138744624433,0.7626569372312216,2.351294851260762,,
B0006,236,impedance,24.0,2008-05-04 00:36:36,,,,,,,,,,,,,,0.06856628257658516,0.09028017093370612
B0006,237,charge,24.0,2008-05-04 01:08:29,73.0,10805.656,4.167052922452991,4.201986370700827,0.5485550099310487,0.5463358286009294,4.441215023231802,25.698809219589723,28.9326271382961,,,,,,
B0006,238,impedance,24.0,2008-05-04 04:09:47,,,,,,,,,,,,,,0.06833354741887734,0.09201668954083403
B0006,239,discharge,24.0,2008-05-04 04:41:40,,3148.829,3.445008015985666,,-1.7653027883569699,,,32.518264823491045,39.40950590627068,71.0,1.5301570318067428,0.7650785159033714,2.436845595522602,,
B0006,240,impedance,24.0,2008-05-04 05:35:36,,,,,,,,,,,,,,0.06838165618496082,0.09097113788599188
B0006,241,charge,24.0,2008-05-04 06:07:29,74.0,10777.328,4.167771935858787,4.201881586225614,0.54581489868507,0.5436287859176806,4.439611183018379,25.687446717455636,28.908083251448843,,,,,,
B0006,242,impedance,24.0,2008-05-04 09:08:18,,,,,,,,,,,,,,0.06885136093381199,0.0925822548520223
B0006,243,discharge,24.0,2008-05-04 09:40:11,,3149.094,3.441164687975023,,-1.7593486488770236,,,32.5437072434024,39.48443326993031,72.0,1.5246566834474087,0.7623283417237043,2.39030487147494,,
B0006,244,impedance,24.0,2008-05-04 10:34:08,,,,,,,,,,,,,,0.06936455209326015,0.09111307751610045
B0006,245,charge,24.0,2008-05-04 11:06:02,75.0,10745.86,4.16830651099615,4.201620779776264,0.5449248932251932,0.5427179953258894,4.440403271877435,25.675400345041066,28.89162012676732,,,,,,
B0006,246,impedance,24.0,2008-05-04 14:06:20,,,,,,,,,,,,,,0.06906646906873301,0.0934909607320899
B0006,247,discharge,24.0,2008-05-04 14:38:13,,3140.547,3.443620591429828,,-1.7526167898737661,,,32.562223096007365,39.4416762582387,73.0,1.5145492986655427,0.7572746493327713,2.4892160721496315,,
B0006,248,impedance,24.0,2008-05-04 15:32:01,,,,,,,,,,,,,,0.06981284024900297,0.09154323806605419
B0006,249,charge,24.0,2008-05-04 16:03:55,76.0,10806.781,4.169166700830441,4.201757286849718,0.5386889865099006,0.5364195298372514,4.43834203048308,25.668763538927504,28.906891490587697,,,,,,
B0006,250,impedance,24.0,2008-05-04 19:05:14,,,,,,,,,,,,,,0.06870914709601504,0.09387730518518865
B0006,251,discharge,24.0,2008-05-04 19:37:07,,3131.625,3.439943269617906,,-1.7516949849801624,,,32.58978020040808,39.53866201326228,74.0,1.509391504602082,0.754695752301041,2.450611393803655,,
B0006,252,impedance,24.0,2008-05-04 20:30:47,,,,,,,,,,,,,,0.06972534834514055,0.09161565328372992
B0006,253,charge,24.0,2008-05-04 21:02:41,77.0,10806.593999999997,4.169644676616033,4.2018643305032475,0.5365668293237158,0.5343592659601965,4.4377808219178085,25.633776388554608,28.864999475314598,,,,,,
B0006,254,impedance,24.0,2008-05-05 00:04:00,,,,,,,,,,,,,,0.06952595566680789,0.09418623001298362
B0006,255,discharge,24.0,2008-05-05 00:35:53,,3121.907,3.43602719305159,,-1.7510429704034998,,,32.57089563557426,39.5867547936938,75.0,1.5039974333050705,0.7519987166525353,2.4111946043456745,,
B0006,256,impedance,24.0,2008-05-05 01:29:24,,,,,,,,,,,,,,0.06923026401542158,0.09233738103251986
B0006,257,charge,24.0,2008-05-05 02:01:17,78.0,10429.547,4.169269558498214,4.20177036634956,0.5531008218082921,0.5506150134048258,4.4444581769437,25.625938785360578,28.79786265611228,,,,,,
B0006,258,impedance,24.0,2008-05-05 04:56:20,,,,,,,,,,,,,,0.06825231466048369,0.09343980119280403
B0006,259,discharge,24.0,2008-05-05 05:28:13,,3122.125,3.436309312279291,,-1.7388746112390865,,,32.537854347094196,39.499752884420865,76.0,1.4935201918040188,0.7467600959020094,2.4609139768640715,,
B0006,260,impedance,24.0,2008-05-05 06:21:44,,,,,,,,,,,,,,0.06891786116947377,0.09149357719093887
B0006,261,charge,24.0,2008-05-05 06:53:38,79.0,10807.094,4.170825436817314,4.201750349741588,0.5317686354461681,0.5293949818934299,4.436270563890327,25.457904643596315,28.740807964185244,,,,,,
B0006,262,impedance,24.0,2008-05-05 09:54:58,,,,,,,,,,,,,,0.06960330384223117,0.09561343002331575
B0006,263,discharge,24.0,2008-05-05 11:41:31,,3121.672,3.430470227771154,,-1.738622547139575,,,32.65645090520509,39.9686395722832,77.0,1.4876323024497422,0.7438161512248711,2.378420264362521,,
B0006,264,charge,24.0,2008-05-05 17:40:16,80.0,10719.016,4.174750285186774,4.201796095184764,0.5282992088670135,0.5262752413253327,4.4396603182885475,25.836963360909557,29.03089109050934,,,,,,
B0006,265,discharge,24.0,2008-05-05 20:40:08,,3120.86,3.4417311090871063,,-1.7870762809520677,,,33.180785234653264,40.42668250871336,78.0,1.5302876214401704,0.7651438107200852,2.3844697219937414,,
B0006,266,impedance,24.0,2008-05-05 21:33:38,,,,,,,,,,,,,,0.07057714520177544,0.0924269028093456
B0006,267,charge,24.0,2008-05-05 22:05:32,81.0,10806.437000000005,4.1691977730813585,4.201926818039459,0.5473746353612304,0.5448562936159216,4.44123210131817,25.705316618203263,29.11199322326797,,,,,,
B0006,268,impedance,24.0,2008-05-06 01:06:52,,,,,,,,,,,,,,0.06944383967261045,0.09508674404018921
B0006,269,discharge,24.0,2008-05-06 01:38:46,,3103.828,3.4355429213552537,,-1.7612682208672186,,,32.71220835503141,40.02451449021777,79.0,1.5040760088360112,0.7520380044180056,2.448639661640692,,
B0006,270,impedance,24.0,2008-05-06 02:31:59,,,,,,,,,,,,,,0.06983595497026351,0.09248565148585214
B0006,271,charge,24.0,2008-05-06 03:03:53,82.0,10805.265,4.171119131265599,4.202109746188843,0.5362529770375111,0.5335191610564475,4.43761574313827,25.199061438892777,28.548022058686282,,,,,,
B0006,272,impedance,24.0,2008-05-06 06:05:11,,,,,,,,,,,,,,0.0692409257238966,0.09541147475162996
B0006,273,discharge,24.0,2008-05-06 06:37:06,,3095.094,3.4272336842373576,,-1.7545532300777185,,,32.543943889007906,40.02167483360719,80.0,1.4887593608730894,0.7443796804365447,2.362869757217078,,
B0006,274,impedance,24.0,2008-05-06 07:30:10,,,,,,,,,,,,,,0.06990013486335687,0.09343565348198297
B0006,275,charge,24.0,2008-05-06 08:02:05,83.0,10208.062,4.170591339259446,4.2017192249136555,0.5613395046884002,0.5588270656052704,4.450194070820753,25.244891582118854,28.440539775376276,,,,,,
B0006,276,impedance,24.0,2008-05-06 10:53:26,,,,,,,,,,,,,,0.07018023704211739,0.09580053634249773
B0006,277,discharge,24.0,2008-05-06 11:25:21,,3095.781,3.4307536518687556,,-1.7364250156958492,,,32.6655410721976,40.078211781584145,81.0,1.4782779285546637,0.7391389642773318,2.479712742728869,,
B0006,278,impedance,24.0,2008-05-06 12:18:26,,,,,,,,,,,,,,0.07073773149658581,0.09452066543188685
B0006,279,charge,24.0,2008-05-06 12:50:20,84.0,10807.219,4.17248276051658,4.201926859597692,0.5272464603595833,0.5252318052318053,4.435597513597513,25.478299525410506,28.73984325523221,,,,,,
B0006,280,impedance,24.0,2008-05-06 15:51:41,,,,,,,,,,,,,,0.07032112501568692,0.09530176637205882
B0006,281,discharge,24.0,2008-05-06 16:23:36,,3094.328,3.430880434209888,,-1.7371686757879778,,,33.160922870564626,40.565789328351094,82.0,1.478459982215684,0.739229991107842,2.4609902569842412,,
B0006,282,impedance,24.0,2008-05-06 17:16:40,,,,,,,,,,,,,,0.07084182825182998,0.09379226536803063
B0006,283,charge,24.0,2008-05-06 17:48:34,85.0,10805.906,4.172394176533348,4.201876108488853,0.5256098272283878,0.5236897980321078,4.435482133609529,26.03924515455654,29.323806526810927,,,,,,
B0006,284,impedance,24.0,2008-05-06 20:49:54,,,,,,,,,,,,,,0.06930780981897802,0.09454813120638911
B0006,285,discharge,24.0,2008-05-06 21:21:49,,3086.531,3.431984614031654,,-1.7358183569582517,,,33.414445545408455,40.75221353269305,83.0,1.473214844899973,0.7366074224499864,2.4794507375590507,,
B0006,286,impedance,24.0,2008-05-06 22:14:45,,,,,,,,,,,,,,0.07177894475349142,0.09233933765862073
B0006,287,charge,24.0,2008-05-06 22:46:40,86.0,10655.937000000005,4.172402910068512,4.201796006870495,0.5305256662407059,0.5283859695218077,4.436686284813453,25.97604259369371,29.28336283016691,,,,,,
B0006,288,impedance,24.0,2008-05-07 01:45:30,,,,,,,,,,,,,,0.07066012489753228,0.09558033908197718
B0006,289,discharge,24.0,2008-05-07 02:17:25,,3085.625,3.426913589626702,,-1.7297302660430056,,,33.3541679486525,40.71162611325717,84.0,1.4675164935067897,0.7337582467533948,2.421513989921717,,
B0006,290,impedance,24.0,2008-05-07 03:10:20,,,,,,,,,,,,,,0.07090729696873323,0.0926979751716576
B0006,291,charge,24.0,2008-05-07 03:42:15,87.0,10117.172,4.171688063914414,4.20180072733435,0.5556766910790686,0.5533268644302745,4.4478516772941505,25.919206758618333,29.144799251099133,,,,,,
B0006,292,impedance,24.0,2008-05-07 06:32:06,,,,,,,,,,,,,,0.07048796563268331,0.09637484690828765
B0006,293,discharge,24.0,2008-05-07 07:04:02,,3067.203,3.4220422356705154,,-1.7278671098991139,,,33.13634596100404,40.58721297402195,85.0,1.4516292657521335,0.7258146328760667,2.3927989623544175,,
B0006,294,impedance,24.0,2008-05-07 07:56:39,,,,,,,,,,,,,,0.07018463941503206,0.09351139693183291
B0006,295,charge,24.0,2008-05-07 08:28:34,88.0,10805.86,4.174044409713007,4.201611600487684,0.5190921315878818,0.5168006222452683,4.432626134301271,25.445615862630408,28.784111097347363,,,,,,
B0006,296,impedance,24.0,2008-05-07 11:29:54,,,,,,,,,,,,,,0.071253157527167,0.09693308592499948
B0006,297,discharge,24.0,2008-05-07 12:01:49,,3058.157,3.4202687142856667,,-1.7269073147637581,,,32.92241762841388,40.37035790264624,86.0,1.4519237720967177,0.7259618860483589,2.410475236770924,,
B0006,298,impedance,24.0,2008-05-07 12:54:18,,,,,,,,,,,,,,0.07186743983607999,0.09465159812302526
B0006,299,charge,24.0,2008-05-07 13:26:13,89.0,10806.328,4.174780078270172,4.201714765160048,0.5158010234199554,0.5137021000777806,4.4320391495981335,25.395678108430275,28.679483623785192,,,,,,
B0006,300,impedance,24.0,2008-05-07 16:27:34,,,,,,,,,,,,,,0.07290881656804299,0.0968587759009549
B0006,301,discharge,24.0,2008-05-07 16:59:29,,3058.812,3.4248208106770663,,-1.7211995934038338,,,33.20338483123576,40.667923693760464,87.0,1.4471484694777745,0.7235742347388873,2.4915333699239977,,
B0006,302,impedance,24.0,2008-05-07 17:51:59,,,,,,,,,,,,,,0.07182020327017155,0.09406289629370085
B0006,303,charge,24.0,2008-05-07 18:23:54,90.0,10744.828,4.174543851075507,4.2018926754376515,0.5170220533466728,0.514899295590921,4.432926689277329,25.907732220074237,29.19580828168184,,,,,,
B0006,304,impedance,24.0,2008-05-07 21:24:14,,,,,,,,,,,,,,0.0725103674563298,0.09660159139822988
B0006,305,discharge,24.0,2008-05-07 21:56:09,,3058.578,3.4234990883192666,,-1.721141114732718,,,33.533950654066935,40.990356883952465,88.0,1.4468538105659885,0.7234269052829942,2.444861994529003,,
B0006,306,impedance,24.0,2008-05-07 22:48:38,,,,,,,,,,,,,,0.07177478049617578,0.09532003488084542
B0006,307,charge,24.0,2008-05-07 23:20:34,91.0,10804.797000000006,4.174566149404988,4.201797518925969,0.5142582127835251,0.5120757457846953,4.431761867704281,26.05226931839347,29.373049314501156,,,,,,
B0006,308,impedance,24.0,2008-05-08 02:21:54,,,,,,,,,,,,,,0.07088794010729621,0.09740741420439394
B0006,309,discharge,24.0,2008-05-08 02:53:49,,3049.328,3.4247420964314874,,-1.7200547727480755,,,33.5767934055627,40.997744028174516,89.0,1.4416741930284678,0.7208370965142339,2.4840755398082255,,
B0006,310,impedance,24.0,2008-05-08 03:46:09,,,,,,,,,,,,,,0.07036836968833657,0.09274330283644272
B0006,311,impedance,24.0,2008-05-09 11:53:10,,,,,,,,,,,,,,0.07141473238066469,0.09614920599785416
B0006,312,discharge,24.0,2008-05-09 12:25:07,,3177.219,3.450702139255875,,-1.8210481343824243,,,33.224088400657315,40.77265883698999,90.0,1.5935866593100128,0.7967933296550064,2.479017302613424,,
B0006,313,impedance,24.0,2008-05-09 13:19:35,,,,,,,,,,,,,,0.07075152805097641,0.09048196250260114
B0006,314,charge,24.0,2008-05-09 17:26:51,92.0,10802.578,4.173693627167618,4.201775391106608,0.5295779915724358,0.5277001553599172,4.437429052304506,25.93431372564645,29.14752722153641,,,,,,
B0006,315,discharge,24.0,2008-05-09 20:28:09,,3082.937,3.4480475429907522,,-1.821445703423604,,,33.37083344726966,40.522204934304625,91.0,1.5463902376915637,0.7731951188457818,2.4820670710190385,,
B0006,316,impedance,24.0,2008-05-09 21:21:03,,,,,,,,,,,,,,0.07083150479026026,0.09066604075689752
B0006,317,charge,24.0,2008-05-09 21:53:00,93.0,10544.452999999994,4.167560827475247,4.201674132878917,0.5612710324917061,0.5589931089318845,4.446354094884708,26.51775579342402,29.818832673562348,,,,,,
B0006,318,impedance,24.0,2008-05-10 00:49:59,,,,,,,,,,,,,,0.07030413873328058,0.0930529362512398
B0006,319,discharge,24.0,2008-05-10 01:21:56,,3074.266,3.4399481891896455,,-1.7899159936953069,,,33.43366634309322,40.57746834859555,92.0,1.51470559175661,0.757352795878305,2.452449045714353,,
B0006,320,impedance,24.0,2008-05-10 02:14:42,,,,,,,,,,,,,,0.07118362015441645,0.0928235588614077
B0006,321,charge,24.0,2008-05-10 02:46:38,94.0,10701.125,4.169913578643362,4.201830959999943,0.5429231051487384,0.5406647504572774,4.439871701071336,26.296792336298168,29.655105623519365,,,,,,
B0006,322,impedance,24.0,2008-05-10 05:46:15,,,,,,,,,,,,,,0.07156671814928477,0.09367023927457886
B0006,323,discharge,24.0,2008-05-10 06:18:12,,3066.0,3.434112914501242,,-1.7769345930773324,,,33.28676739403043,40.516963879873735,93.0,1.4989786083335404,0.7494893041667702,2.4198491932573414,,
B0006,324,impedance,24.0,2008-05-10 07:10:49,,,,,,,,,,,,,,0.07131586967408446,0.09263070337895823
B0006,325,charge,24.0,2008-05-10 07:42:46,95.0,10805.813,4.171532395838358,4.201992281469841,0.5314085837429656,0.5291534679089028,4.435806935817805,26.03904064199693,29.39030853998228,,,,,,
B0006,326,impedance,24.0,2008-05-10 10:44:07,,,,,,,,,,,,,,0.07235057565104601,0.09440345976365576
B0006,327,discharge,24.0,2008-05-10 11:16:04,,3056.437,3.4325600940363916,,-1.7640032117743045,,,33.14347737377552,40.34325381638243,94.0,1.4831110745410492,0.7415555372705246,2.4706823501191706,,
B0006,328,impedance,24.0,2008-05-10 12:08:32,,,,,,,,,,,,,,0.07082699476931537,0.09249135121320001
B0006,329,charge,24.0,2008-05-10 12:40:29,96.0,10693.438,4.172498324803942,4.201883915537131,0.5310585279680569,0.5288553838092743,4.437078857741683,25.90252654964816,29.205477681579126,,,,,,
B0006,330,impedance,24.0,2008-05-10 15:39:59,,,,,,,,,,,,,,0.07033788263426383,0.09507092273616935
B0006,331,discharge,24.0,2008-05-10 16:11:56,,3048.219,3.4270614887575657,,-1.7571701008871028,,,33.11021541795579,40.39341126895154,95.0,1.4729664825468278,0.7364832412734139,2.413759774558071,,
B0006,332,impedance,24.0,2008-05-10 17:04:16,,,,,,,,,,,,,,0.0712990567757895,0.09306498833833467
B0006,333,charge,24.0,2008-05-10 17:36:13,97.0,10708.406,4.1731887388414854,4.201969977221339,0.5267581441465317,0.5246339612768185,4.4357676609105186,25.877092731363224,29.153216648671478,,,,,,
B0006,334,impedance,24.0,2008-05-10 20:35:57,,,,,,,,,,,,,,0.07148316063857231,0.09546831610525248
B0006,335,discharge,24.0,2008-05-10 21:07:54,,3039.218,3.427340316812041,,-1.7502670210777267,,,33.18991802149879,40.46341487442664,96.0,1.4627604396099307,0.7313802198049654,2.4562499847243027,,
B0006,336,impedance,24.0,2008-05-10 22:00:05,,,,,,,,,,,,,,0.07153178049404317,0.09395541657590765
B0006,337,charge,24.0,2008-05-10 22:32:02,98.0,10805.297000000006,4.173938904887936,4.201695282300284,0.5187408122236844,0.5166816178376977,4.433189266269122,25.93141642274133,29.22524462438927,,,,,,
B0006,338,impedance,24.0,2008-05-11 01:33:24,,,,,,,,,,,,,,0.07177878179971342,0.09678915937102545
B0006,339,discharge,24.0,2008-05-11 02:05:21,,3039.047,3.423482197888437,,-1.7439614243216512,,,33.26265398635676,40.5818264138806,97.0,1.4518364681062514,0.7259182340531257,2.401794655879554,,
B0006,340,impedance,24.0,2008-05-11 02:57:32,,,,,,,,,,,,,,0.07210470131692288,0.09426903728901763
B0006,341,charge,24.0,2008-05-11 03:29:30,99.0,10363.61,4.173400552968585,4.201772117189957,0.537581223293564,0.5354510016242556,4.441483216025989,26.008428132103052,29.215805701192597,,,,,,
B0006,342,impedance,24.0,2008-05-11 06:23:30,,,,,,,,,,,,,,0.07217659052012376,0.09731548106056298
B0006,343,discharge,24.0,2008-05-11 06:55:27,,3030.375,3.4220957701069374,,-1.736850855663561,,,33.299978841087025,40.61670777074496,98.0,1.4468670644030392,0.7234335322015196,2.4087687236133313,,
B0006,344,impedance,24.0,2008-05-11 07:47:30,,,,,,,,,,,,,,0.07254046891986726,0.09511625677952429
B0006,345,charge,24.0,2008-05-11 08:19:27,100.0,10805.094,4.174885302655925,4.201969015097004,0.5140370084774509,0.5119774377593361,4.431027230290456,25.9304594999863,29.22328146275053,,,,,,
B0006,346,impedance,24.0,2008-05-11 11:20:49,,,,,,,,,,,,,,0.07275773932145782,0.09742370041141407
B0006,347,discharge,24.0,2008-05-11 11:52:47,,3021.0,3.421883545422636,,-1.7360045229798653,,,33.31663547841367,40.631647661681036,99.0,1.441380399427779,0.7206901997138895,2.4308118485818704,,
B0006,348,impedance,24.0,2008-05-11 12:44:40,,,,,,,,,,,,,,0.07242420049463154,0.09419821095899443
B0006,349,charge,24.0,2008-05-11 13:16:38,101.0,10805.5,4.175318199908142,4.2018966162936255,0.5110755594792638,0.5090280301064106,4.430213599792371,25.947381066960602,29.231872906886423,,,,,,
B0006,350,impedance,24.0,2008-05-11 16:18:00,,,,,,,,,,,,,,0.07161196696477634,0.09618267512171286
B0006,351,discharge,24.0,2008-05-11 16:49:58,,3021.75,3.4195777411151886,,-1.729690117077797,,,33.39150630507064,40.74323383889164,100.0,1.431210744960774,0.715605372480387,2.398886415333129,,
B0006,352,impedance,24.0,2008-05-11 17:41:53,,,,,,,,,,,,,,0.07177274897642728,0.09431269324325077
B0006,353,charge,24.0,2008-05-11 18:13:51,102.0,10806.844,4.175615707899823,4.201708649732984,0.5091562583031799,0.5071173111860888,4.4297848429794975,25.97159894270595,29.272600835493,,,,,,
B0006,354,impedance,24.0,2008-05-11 21:15:14,,,,,,,,,,,,,,0.07236285655797875,0.09800608224040097
B0006,355,discharge,24.0,2008-05-11 21:47:12,,3012.265,3.4175281789596474,,-1.7287954627467013,,,33.41522427488497,40.81715493531611,101.0,1.4260247179525716,0.7130123589762858,2.3814379490849835,,
B0006,356,impedance,24.0,2008-05-11 22:38:57,,,,,,,,,,,,,,0.07197325031942853,0.09403994753481937
B0006,357,charge,24.0,2008-05-11 23:10:55,103.0,10367.906000000003,4.175150889309921,4.201967903302304,0.5281951183651556,0.5259108884073673,4.439154387865656,26.033603358388206,29.24185694673003,,,,,,
B0006,358,impedance,24.0,2008-05-12 02:05:00,,,,,,,,,,,,,,0.07217187946582546,0.09754420653220938
B0006,359,discharge,24.0,2008-05-12 02:36:58,,3002.641,3.4197860540725715,,-1.7216729981632184,,,33.39690850726103,40.72877617289365,102.0,1.420487649966195,0.7102438249830975,2.459885297095542,,
B0006,360,impedance,24.0,2008-05-12 03:28:34,,,,,,,,,,,,,,0.07218496036569667,0.09436432368311946
B0006,361,charge,24.0,2008-05-12 04:00:32,104.0,10806.719,4.1765045776973535,4.201778290985763,0.5046139977332915,0.5024865005192108,4.427731308411214,25.90982967799584,29.203986172484676,,,,,,
B0006,362,impedance,24.0,2008-05-12 12:24:36,,,,,,,,,,,,,,0.07327514105662862,0.09816756377374604
B0006,363,discharge,24.0,2008-05-12 12:56:34,,3012.0,3.4171369298988705,,-1.7228162229694663,,,33.73731993653,41.45494452672042,103.0,1.4207006230355006,0.7103503115177503,2.4007285025453995,,
B0006,364,impedance,24.0,2008-05-12 13:48:19,,,,,,,,,,,,,,0.07255344400984245,0.09400039614590885
B0006,365,charge,24.0,2008-05-12 16:11:11,105.0,10043.172,4.176745651188443,4.201694216136269,0.5411517215093412,0.5393578623391159,4.444221880246222,26.41227975974544,29.530053408982685,,,,,,
B0006,366,discharge,24.0,2008-05-12 18:59:59,,3020.11,3.4305347141293625,,-1.7486639022205694,,,34.08965316576344,41.39678877103747,104.0,1.452255804330839,0.7261279021654194,2.472830716079143,,
B0006,367,impedance,24.0,2008-05-12 19:51:52,,,,,,,,,,,,,,0.07279898453381024,0.0935192293551594
B0006,368,charge,24.0,2008-05-12 20:23:51,106.0,10569.812,4.17382701715403,4.201799253685489,0.5290052736469802,0.5269774595597985,4.437055688146381,26.686445558767225,30.003136543658723,,,,,,
B0006,369,impedance,24.0,2008-05-12 23:21:19,,,,,,,,,,,,,,0.0737422116355231,0.09682011701371697
B0006,370,discharge,24.0,2008-05-12 23:53:17,,3002.172000000006,3.4250844180972875,,-1.7345160724760178,,,33.9987286593769,41.36669473718026,105.0,1.431557632772571,0.7157788163862855,2.467318928642863,,
B0006,371,impedance,24.0,2008-05-13 00:44:53,,,,,,,,,,,,,,0.07230626414964644,0.09373318368991343
B0006,372,charge,24.0,2008-05-13 01:16:51,107.0,9917.203,4.173723458924574,4.202607352676675,0.5525058928176733,0.5502642310960069,4.445818181818182,26.606458183179758,29.808177657882982,,,,,,
B0006,373,impedance,24.0,2008-05-13 04:03:26,,,,,,,,,,,,,,0.07351181896001253,0.09784840606777727
B0006,374,discharge,24.0,2008-05-13 04:35:25,,2992.703,3.4171339862792935,,-1.7271570233190525,,,33.907397114007345,41.37787352037061,106.0,1.415015751158943,0.7075078755794715,2.3692462667540997,,
B0006,375,impedance,24.0,2008-05-13 05:26:51,,,,,,,,,,,,,,0.0731481609531371,0.09450117088751923
B0006,376,charge,24.0,2008-05-13 05:58:50,108.0,10317.406,4.175356086603463,4.2017718095422545,0.5259768851452232,0.5238652597402598,4.436839556277056,26.340043075472312,29.64273803651614,,,,,,
B0006,377,impedance,24.0,2008-05-13 08:52:05,,,,,,,,,,,,,,0.07363095072187217,0.09872074778143794
B0006,378,discharge,24.0,2008-05-13 09:24:04,,2964.468,3.417521467040602,,-1.7305179027385762,,,33.70518417605219,41.140956091698214,107.0,1.4097311506517451,0.7048655753258726,2.4482618595124874,,
B0006,379,impedance,24.0,2008-05-13 10:15:02,,,,,,,,,,,,,,0.07258698856788243,0.0942767204381327
B0006,380,charge,24.0,2008-05-13 10:47:01,109.0,10806.109,4.177001265513861,4.20296129787524,0.5008667111023694,0.49903557517527924,4.427966761880031,26.10257345827895,29.424227040099296,,,,,,
B0006,381,impedance,24.0,2008-05-13 13:48:25,,,,,,,,,,,,,,0.07483720295528123,0.09855595497783809
B0006,382,discharge,24.0,2008-05-13 14:20:24,,2983.375,3.4181623236680356,,-1.7141443638380731,,,33.7458832944166,41.2168813199875,108.0,1.404917318129309,0.7024586590646545,2.4598632768748825,,
B0006,383,impedance,24.0,2008-05-13 15:11:42,,,,,,,,,,,,,,0.07231062653103708,0.09437378694839117
B0006,384,charge,24.0,2008-05-13 15:43:41,110.0,10041.921,4.175978439491436,4.201757124664383,0.5337549199368348,0.5320263157894737,4.4422472004479285,26.41341494885895,29.528181634019152,,,,,,
B0006,385,impedance,24.0,2008-05-13 18:32:21,,,,,,,,,,,,,,0.07422880685868813,0.09794583413307753
B0006,386,discharge,24.0,2008-05-13 19:04:20,,2975.297,3.420331935905118,,-1.7067823273466607,,,34.01657212624259,41.40391881889191,109.0,1.395164296571563,0.6975821482857815,2.497869764845928,,
B0006,387,impedance,24.0,2008-05-13 19:55:29,,,,,,,,,,,,,,0.07185660712942502,0.09376323440193435
B0006,388,charge,24.0,2008-05-13 20:27:29,111.0,10719.281,4.177288870633245,4.201859315713612,0.5000836536825167,0.49824332810047095,4.426822082679225,26.584568753917836,29.841441321069038,,,,,,
B0006,389,impedance,24.0,2008-05-13 23:27:26,,,,,,,,,,,,,,0.07359262883289279,0.09794263420249376
B0006,390,discharge,24.0,2008-05-13 23:59:26,,2974.9850000000006,3.4192916311692465,,-1.7063596521950202,,,34.175023374593785,41.586571331198584,110.0,1.3945343832614077,0.6972671916307038,2.472236707252471,,
B0006,391,impedance,24.0,2008-05-14 00:50:35,,,,,,,,,,,,,,0.07355530338796804,0.09481493549893713
B0006,392,charge,24.0,2008-05-14 01:22:34,112.0,10804.719,4.177855739421222,4.202267158759825,0.49432641563869506,0.4923924675324675,4.425726753246754,26.46196190140926,29.81401566030922,,,,,,
B0006,393,impedance,24.0,2008-05-14 04:23:57,,,,,,,,,,,,,,0.07428961541366103,0.09782803971993742
B0006,394,discharge,24.0,2008-05-14 04:55:57,,2966.25,3.414352330355796,,-1.7052696591517462,,,33.976109677640174,41.43504077863728,111.0,1.3893171179312644,0.6946585589656322,2.4278749904763077,,
B0006,395,impedance,24.0,2008-05-14 05:46:58,,,,,,,,,,,,,,0.07377742233884306,0.09550761968799028
B0006,396,charge,24.0,2008-05-14 06:18:57,113.0,10805.687,4.178526044718228,4.201768683837636,0.4918618552792198,0.490024948024948,4.424740644490645,26.121216404378323,29.432438931189996,,,,,,
B0006,397,impedance,24.0,2008-05-14 09:20:22,,,,,,,,,,,,,,0.07436247289279864,0.100297485432866
B0006,398,discharge,24.0,2008-05-14 09:52:22,,2956.359,3.412701167144591,,-1.7046265574439607,,,33.84150372451663,41.37436880579148,112.0,1.3838379472327809,0.6919189736163904,2.4275905200235055,,
B0006,399,impedance,24.0,2008-05-14 10:43:12,,,,,,,,,,,,,,0.07280893667527459,0.09466825353513973
B0006,400,charge,24.0,2008-05-14 11:15:12,114.0,10011.406,4.177172618632017,4.201625543524005,0.5273070937271361,0.5255015462468372,4.441320775934777,26.409310711304133,29.526379105226304,,,,,,
B0006,401,impedance,24.0,2008-05-14 14:03:22,,,,,,,,,,,,,,0.07308819155500623,0.10028552688952369
B0006,402,discharge,24.0,2008-05-14 14:35:22,,2956.344,3.410409522809144,,-1.6985503106996724,,,34.1008464215818,41.66477948989921,113.0,1.3736814238195123,0.6868407119097562,2.37337869163978,,
B0006,403,impedance,24.0,2008-05-14 15:26:13,,,,,,,,,,,,,,0.07423988397360735,0.09455851844360653
B0006,404,charge,24.0,2008-05-14 15:58:13,115.0,10806.625,4.178585522762485,4.201785610504049,0.49014303801335396,0.4885630033775007,4.4245575474149135,26.554432319974733,29.785784828098866,,,,,,
B0006,405,impedance,24.0,2008-05-14 18:59:38,,,,,,,,,,,,,,0.07390565956199621,0.10034826354300655
B0006,406,discharge,24.0,2008-05-14 19:31:39,,2956.406,3.414419320260644,,-1.6982347588599789,,,34.34663683304219,41.81816829502593,114.0,1.3786059891863676,0.6893029945931838,2.4248604132549767,,
B0006,407,impedance,24.0,2008-05-14 20:22:30,,,,,,,,,,,,,,0.07351251053388887,0.09455928328741696
B0006,408,charge,24.0,2008-05-14 20:54:30,116.0,10805.563,4.178699556417778,4.2018270229460235,0.48853703688001227,0.48671146347803484,4.423004419027815,26.61726658220038,29.938016224006763,,,,,,
B0006,409,impedance,24.0,2008-05-14 23:55:55,,,,,,,,,,,,,,0.07406486350284623,0.09903658397481056
B0006,410,discharge,24.0,2008-05-15 00:27:55,,2947.266,3.4131710032395315,,-1.6971165805711328,,,34.216231530637586,41.686647000781186,115.0,1.3737600299108574,0.6868800149554287,2.426962848243194,,
B0006,411,impedance,24.0,2008-05-15 01:18:37,,,,,,,,,,,,,,0.07290767778143425,0.09500166880506605
B0006,412,charge,24.0,2008-05-15 01:50:38,117.0,10807.219,4.179152897117853,4.202054742705047,0.48626421763044825,0.48436375455018205,4.422316432657306,26.399750319384214,29.715784734660758,,,,,,
B0006,413,impedance,24.0,2008-05-15 04:52:04,,,,,,,,,,,,,,0.07434066648007011,0.10067908230747398
B0006,414,discharge,24.0,2008-05-15 05:24:04,,2937.984,3.4107019261975147,,-1.6959199401004303,,,34.041617020161176,41.565382893773936,116.0,1.3682580583942712,0.6841290291971356,2.417287750352038,,
B0006,415,impedance,24.0,2008-05-15 06:14:38,,,,,,,,,,,,,,0.07276351441984508,0.0952721862664049
B0006,416,charge,24.0,2008-05-15 06:46:38,118.0,10805.547,4.179687026714319,4.202074957625042,0.4844803138932557,0.48254436638043197,4.421965131407755,26.124475808397165,29.466865883379434,,,,,,
B0006,417,impedance,24.0,2008-05-15 09:48:03,,,,,,,,,,,,,,0.0749835856113319,0.1003809603504959
B0006,418,discharge,24.0,2008-05-15 10:20:03,,2929.125,3.4089059214760367,,-1.6953163120957457,,,33.890212870710734,41.46394809540406,117.0,1.3633024037317505,0.6816512018658752,2.4185087281747166,,
B0006,419,impedance,24.0,2008-05-15 11:10:28,,,,,,,,,,,,,,0.07280904458053215,0.09417469896249388
B0006,420,charge,24.0,2008-05-15 11:42:28,119.0,10510.453,4.179503145069986,4.201911913537215,0.49574783067824724,0.4941325301204819,4.427687282463187,26.26020263178304,29.449039550104775,,,,,,
B0006,421,impedance,24.0,2008-05-15 14:38:58,,,,,,,,,,,,,,0.07363422580248341,0.10034341350119641
B0006,422,discharge,24.0,2008-05-15 15:10:59,,2928.454,3.4134080258317576,,-1.6890383512433216,,,34.116762412437,41.6123634180086,118.0,1.3580966140172601,0.6790483070086301,2.480937393224248,,
B0006,423,impedance,24.0,2008-05-15 16:01:23,,,,,,,,,,,,,,0.07366216781831048,0.09401252729903897
B0006,424,charge,24.0,2008-05-15 16:33:24,120.0,10202.781,4.1789032172148595,4.201830029496174,0.5092029154117286,0.507525124240751,4.434447266703479,26.670370279195048,29.801856124521297,,,,,,
B0006,425,impedance,24.0,2008-05-15 19:24:46,,,,,,,,,,,,,,0.07495654638579109,0.0986748779007716
B0006,426,discharge,24.0,2008-05-15 19:56:47,,2929.375,3.411221044859532,,-1.689240311218937,,,34.490493589415046,42.0075404495327,119.0,1.353269090999531,0.6766345454997655,2.4078214169511205,,
B0006,427,impedance,24.0,2008-05-15 20:47:12,,,,,,,,,,,,,,0.07300473215689747,0.09488419183565079
B0006,428,charge,24.0,2008-05-15 21:19:13,121.0,10140.858999999997,4.17845646237936,4.201660395186249,0.5131955420694344,0.5111604664075514,4.434462243198224,26.950570586809867,30.13644300471175,,,,,,
B0006,429,impedance,24.0,2008-05-16 00:09:33,,,,,,,,,,,,,,0.075132937700244,0.09988518450397564
B0006,430,discharge,24.0,2008-05-16 16:54:59,,2946.031,3.4155210852213678,,-1.7102007614808157,,,34.23744800906639,41.61679232360952,120.0,1.3841605738237488,0.6920802869118744,2.433234589649132,,
B0006,431,charge,24.0,2008-05-16 18:43:58,122.0,10340.672,4.177248046135666,4.2018347977923,0.5178177036230519,0.5158384991843393,4.43628738444807,26.72454690095705,29.904596866451254,,,,,,
B0006,432,discharge,24.0,2008-05-16 21:37:39,,2955.438,3.4229838362549794,,-1.730244918610445,,,34.41428886050454,41.80245062827161,121.0,1.4051467790651473,0.7025733895325736,2.440822893388958,,
B0006,433,impedance,24.0,2008-05-16 22:28:31,,,,,,,,,,,,,,0.07456415358800406,0.09465513038241297
B0006,434,charge,24.0,2008-05-16 23:00:32,123.0,10700.062999999995,4.177076313780446,4.201909029650088,0.5023281755502775,0.5000997113618474,4.427403831015482,26.742962123720645,30.096384008359824,,,,,,
B0006,435,impedance,24.0,2008-05-17 02:00:12,,,,,,,,,,,,,,0.07592804413673004,0.10032970664387303
B0006,436,discharge,24.0,2008-05-17 02:32:13,,2937.625,3.414757022019347,,-1.7152465923901479,,,34.16445180476378,41.653004783464006,122.0,1.378719022627353,0.6893595113136765,2.396078253891397,,
B0006,437,impedance,24.0,2008-05-17 03:22:47,,,,,,,,,,,,,,0.07343307367232554,0.09496461248763269
B0006,438,charge,24.0,2008-05-17 03:54:49,124.0,10628.938,4.178244586506249,4.201652974757697,0.4979215106331397,0.49572342675832887,4.426722369116869,26.311611774381017,29.633427106758724,,,,,,
B0006,439,impedance,24.0,2008-05-17 06:53:18,,,,,,,,,,,,,,0.07550871785129283,0.10116073256897913
B0006,440,discharge,24.0,2008-05-17 07:25:19,,2929.078,3.41435871627236,,-1.7013404928191733,,,33.877146811272176,41.36061809844917,123.0,1.3682657783199066,0.6841328891599533,2.449306948268824,,
B0006,441,impedance,24.0,2008-05-17 08:15:45,,,,,,,,,,,,,,0.07401683695868191,0.09598514883171738
B0006,442,charge,24.0,2008-05-17 08:47:46,125.0,10807.109,4.1795700196828705,4.202116845735083,0.4849702868977857,0.48284491282851943,4.421991412958627,26.06284845842712,29.36231857880349,,,,,,
B0006,443,impedance,24.0,2008-05-17 11:49:14,,,,,,,,,,,,,,0.07460959963253604,0.10145892418195081
B0006,444,discharge,24.0,2008-05-17 12:21:15,,2918.375,3.4091886698418046,,-1.7004366132157598,,,33.839566254190565,41.42815616511055,124.0,1.3573151296618016,0.6786575648309008,2.384185417166802,,
B0006,445,impedance,24.0,2008-05-17 13:11:30,,,,,,,,,,,,,,0.07392462060613289,0.09596990760137802
B0006,446,charge,24.0,2008-05-17 13:43:32,126.0,10722.515,4.179746146558016,4.201754715758656,0.4858555172794398,0.48376331671477313,4.422612700078719,26.038273335849972,29.30429017195157,,,,,,
B0006,447,impedance,24.0,2008-05-17 16:43:35,,,,,,,,,,,,,,0.07487960335651152,0.10060335245891304
B0006,448,discharge,24.0,2008-05-17 17:15:37,,2919.812,3.411930366643558,,-1.6873533635265776,,,33.818304796930946,41.343265645039,125.0,1.3524934638801596,0.6762467319400798,2.4440756213040964,,
B0006,449,impedance,24.0,2008-05-17 18:05:53,,,,,,,,,,,,,,0.07350439612412557,0.09612015257573586
B0006,450,charge,24.0,2008-05-17 18:37:55,127.0,10772.969,4.180475236713375,4.20178318477522,0.48004957759847827,0.4779846033402923,4.420204331941545,25.982571679078095,29.26647234925969,,,,,,
B0006,451,impedance,24.0,2008-05-17 21:38:49,,,,,,,,,,,,,,0.07528060880004324,0.10254518763662164
B0006,452,discharge,24.0,2008-05-17 22:10:51,,2900.422,3.4094417183837504,,-1.6919294969110734,,,33.812621135472135,41.38118673567723,126.0,1.3474099151661236,0.6737049575830618,2.4296014294774673,,
B0006,453,impedance,24.0,2008-05-17 23:00:48,,,,,,,,,,,,,,0.07264208276353092,0.09534113281992042
B0006,454,charge,24.0,2008-05-17 23:32:50,128.0,10745.718999999997,4.180575458045295,4.201810483095487,0.47949237016241003,0.47737094240837696,4.420207853403142,25.98889751886105,29.274547562511103,,,,,,
B0006,455,impedance,24.0,2008-05-18 02:33:17,,,,,,,,,,,,,,0.07499556374166019,0.10138737916427212
B0006,456,discharge,24.0,2008-05-18 03:05:19,,2901.375,3.4081896097479882,,-1.6852952939579415,,,33.79894614410012,41.378450473707446,127.0,1.3370075130842318,0.6685037565421159,2.41022288115442,,
B0006,457,impedance,24.0,2008-05-18 03:55:17,,,,,,,,,,,,,,0.07311999977664198,0.09592311750334574
B0006,458,charge,24.0,2008-05-18 04:27:19,129.0,10807.094,4.180989327010452,4.201721119000679,0.47509013591809796,0.4729453267378287,4.418036448841448,25.873817245148032,29.17342792067648,,,,,,
B0006,459,impedance,24.0,2008-05-18 07:28:48,,,,,,,,,,,,,,0.07635857115497807,0.1014317733775896
B0006,460,discharge,24.0,2008-05-18 08:00:50,,2901.187,3.40737851449911,,-1.6787428835073943,,,33.702723745621576,41.306600641009794,128.0,1.3312352966718526,0.6656176483359263,2.4098927032454966,,
B0006,461,impedance,24.0,2008-05-18 08:50:48,,,,,,,,,,,,,,0.07352773427813793,0.09722971147738375
B0006,462,charge,24.0,2008-05-18 09:22:51,130.0,10113.641,4.180259837044143,4.201720993314495,0.5040844460443358,0.5018100418410041,4.431319944211995,25.866725578506443,29.05326191379302,,,,,,
B0006,463,impedance,24.0,2008-05-18 12:12:46,,,,,,,,,,,,,,0.07477686532784665,0.10280887562042597
B0006,464,discharge,24.0,2008-05-18 12:44:48,,2891.64,3.4085862639015,,-1.6712137513430336,,,33.63562651984647,41.204081036719124,129.0,1.3259303781727643,0.6629651890863821,2.453938411405305,,
B0006,465,impedance,24.0,2008-05-18 13:34:37,,,,,,,,,,,,,,0.07365221366344325,0.09623949046601309
B0006,466,charge,24.0,2008-05-18 14:06:39,131.0,10585.812,4.181385692481847,4.201829001057363,0.48031852867192065,0.478168793195109,4.420982987772462,25.77918241614055,29.018350960542612,,,,,,
B0006,467,impedance,24.0,2008-05-18 17:04:27,,,,,,,,,,,,,,0.07601129120974016,0.10207495349364025
B0006,468,discharge,24.0,2008-05-18 17:36:29,,2882.906,3.404843616147767,,-1.6768931248947176,,,33.690724061796516,41.32955629442644,130.0,1.321578743867529,0.6607893719337645,2.3940396792395253,,
B0006,469,impedance,24.0,2008-05-18 18:26:10,,,,,,,,,,,,,,0.0738708282490051,0.09642311008921206
B0006,470,charge,24.0,2008-05-18 18:58:12,132.0,10806.562,4.1817308381034755,4.20180498945883,0.47012523439955944,0.4680177221787855,4.416842064112589,25.779594856251975,29.051085535901876,,,,,,
B0006,471,impedance,24.0,2008-05-18 21:59:40,,,,,,,,,,,,,,0.07632337493459862,0.1024320211016061
B0006,472,discharge,24.0,2008-05-18 22:31:45,,2883.265,3.4081057374178703,,-1.6701186583642826,,,33.71317033815572,41.300370296451625,131.0,1.321225074066109,0.6606125370330544,2.45134737470238,,
B0006,473,impedance,24.0,2008-05-18 23:21:28,,,,,,,,,,,,,,0.07357181902429763,0.09759059351551938
B0006,474,charge,24.0,2008-05-18 23:53:33,133.0,10805.281000000003,4.182001396978748,4.201964081312294,0.4677605582426465,0.4656471048513303,4.415791340636411,25.739149646920637,29.033598285442057,,,,,,
B0006,475,impedance,24.0,2008-05-19 02:55:02,,,,,,,,,,,,,,0.0749954456773232,0.10259630569279
B0006,476,discharge,24.0,2008-05-19 03:27:07,,2882.969,3.4091728540380735,,-1.6634753413292604,,,33.65376593260611,41.243646229563595,132.0,1.3156485301862682,0.6578242650931341,2.475014603796582,,
B0006,477,impedance,24.0,2008-05-19 04:16:50,,,,,,,,,,,,,,0.07457692199537422,0.098332863281485
B0006,478,charge,24.0,2008-05-19 04:48:55,134.0,10733.391,4.182128535941678,4.2017094009740035,0.4689011438219853,0.4666727941176471,4.415714548319328,25.68008908964709,28.953402514298006,,,,,,
B0006,479,impedance,24.0,2008-05-19 07:49:12,,,,,,,,,,,,,,0.07655910700249269,0.10301800475787612
B0006,480,discharge,24.0,2008-05-19 15:34:33,,2891.656,3.4110817622184233,,-1.6645875549232958,,,33.983578066068176,41.36464929786556,133.0,1.3209025697502388,0.6604512848751194,2.4569179775419294,,
B0006,481,charge,24.0,2008-05-19 17:58:12,135.0,10805.547,4.1828383738325865,4.201660599756037,0.4696731590059365,0.4674221642764016,4.417558800521514,26.173174882929104,29.214892256060573,,,,,,
B0006,482,discharge,24.0,2008-05-19 20:59:48,,2901.25,3.4167486246717154,,-1.6918384605140158,,,33.816348135475515,40.89285784811417,134.0,1.3474328767273906,0.6737164383636953,2.438240626221148,,
B0006,483,charge,24.0,2008-05-19 22:08:37,136.0,10751.266000000003,4.178933402506249,4.201683433557864,0.48012527879302797,0.47776699790794985,4.418189853556486,26.412927199212106,29.67320643675769,,,,,,
B0006,484,discharge,24.0,2008-05-20 01:16:42,,2891.703,3.4169689184247174,,-1.6711981411684529,,,33.60692030225909,40.652964511118334,135.0,1.3260128072353616,0.6630064036176808,2.4946397780995584,,
B0006,485,impedance,24.0,2008-05-20 02:06:32,,,,,,,,,,,,,,0.07348534244575625,0.09721507881558597
B0006,486,charge,24.0,2008-05-20 02:38:35,137.0,10805.625,4.181529998801519,4.201900338190367,0.4695604333125971,0.4671641479937468,4.415472381448671,26.01498124223845,29.182521926296026,,,,,,
B0006,487,impedance,24.0,2008-05-20 05:40:03,,,,,,,,,,,,,,0.07627816468715698,0.10209285250394709
B0006,488,discharge,24.0,2008-05-20 06:12:06,,2883.016,3.4105763913818787,,-1.6632769410531225,,,33.47350597721994,40.58410707337388,136.0,1.3101186784831063,0.6550593392415531,2.4367455144223555,,
B0006,489,impedance,24.0,2008-05-20 07:01:47,,,,,,,,,,,,,,0.07200798231511968,0.09467221621756744
B0006,490,charge,24.0,2008-05-20 07:33:50,138.0,10806.672,4.182019422566182,4.201731577620456,0.4660602593505121,0.4635680751173709,4.413726917057904,25.743698100268983,28.958962550469153,,,,,,
B0006,491,impedance,24.0,2008-05-20 10:35:19,,,,,,,,,,,,,,0.07628105077777647,0.10123049924820199
B0006,492,discharge,24.0,2008-05-20 11:07:23,,2873.453,3.4113335283009314,,-1.6559085740676296,,,33.209178727620106,40.322783635307104,137.0,1.30521620229393,0.652608101146965,2.4858689968085326,,
B0006,493,impedance,24.0,2008-05-20 11:56:55,,,,,,,,,,,,,,0.07340853801638215,0.09646817904064085
B0006,494,charge,24.0,2008-05-20 12:28:58,139.0,10502.453,4.182166822631962,4.201804218145283,0.47541745655478307,0.47305906040268464,4.419431140939597,25.849366387166373,28.86335897061623,,,,,,
B0006,495,impedance,24.0,2008-05-20 15:25:23,,,,,,,,,,,,,,0.07559149558239868,0.10170048160813132
B0006,496,discharge,24.0,2008-05-20 15:57:27,,2874.031,3.4081283345557187,,-1.6561009220603313,,,33.58088963686094,40.78032921971219,138.0,1.3004061951355774,0.6502030975677887,2.3957550201907916,,
B0006,497,impedance,24.0,2008-05-20 16:46:59,,,,,,,,,,,,,,0.07368975629679228,0.09703678483745568
B0006,498,charge,24.0,2008-05-20 17:19:03,140.0,10689.219,4.182002618515247,4.201878359716502,0.46790375665867684,0.46579857632480887,4.415619825995256,26.160906049591357,29.24054616758047,,,,,,
B0006,499,impedance,24.0,2008-05-20 20:18:35,,,,,,,,,,,,,,0.07436926956755013,0.10195116957544287
B0006,500,discharge,24.0,2008-05-20 20:50:39,,2874.234,3.4125732422699135,,-1.6493259508429792,,,33.76400861956033,40.85731522464202,139.0,1.300235735841116,0.650117867920558,2.4504684570147006,,
B0006,501,impedance,24.0,2008-05-20 21:40:11,,,,,,,,,,,,,,0.07251824118465043,0.09465591179063428
B0006,502,charge,24.0,2008-05-20 22:12:15,141.0,10436.453999999998,4.181834582640987,4.201838427416867,0.4768047670833282,0.47441702702702715,4.419068648648649,26.149674507929515,29.273782336676156,,,,,,
B0006,503,impedance,24.0,2008-05-21 01:07:35,,,,,,,,,,,,,,0.07554946383264172,0.1033905552179119
B0006,504,discharge,24.0,2008-05-21 01:39:38,,2864.984,3.407693686560286,,-1.6481131076816375,,,33.57003564415372,40.74860220857894,140.0,1.2895066722480755,0.6447533361240377,2.3942028718004007,,
B0006,505,impedance,24.0,2008-05-21 02:29:02,,,,,,,,,,,,,,0.07383014762823663,0.09770882689347758
B0006,506,charge,24.0,2008-05-21 03:01:06,142.0,10193.25,4.181909885829295,4.201774820147272,0.48586206426887757,0.4833604876697146,4.4230978110279855,25.88741440866421,28.967053882242595,,,,,,
B0006,507,impedance,24.0,2008-05-21 05:52:23,,,,,,,,,,,,,,0.07543780913259987,0.10190222500615645
B0006,508,discharge,24.0,2008-05-21 06:24:27,,2855.093,3.4073499608041957,,-1.6402541382604887,,,33.272050895552354,40.472276230208436,141.0,1.279253057384795,0.6396265286923974,2.4303844034459368,,
B0006,509,impedance,24.0,2008-05-21 07:13:41,,,,,,,,,,,,,,0.07329562021253073,0.09701097507123445
B0006,510,charge,24.0,2008-05-21 07:45:45,143.0,10733.703,4.183197517427232,4.201841193794755,0.45937976042945744,0.45716583442838377,4.4120283837056515,25.497625818790674,28.663710651492863,,,,,,
B0006,511,impedance,24.0,2008-05-21 10:46:01,,,,,,,,,,,,,,0.0752830478385875,0.10212799871439257
B0006,512,discharge,24.0,2008-05-21 11:18:06,,2855.625,3.409292163767801,,-1.6339151095418003,,,33.12740933210319,40.28187574900838,142.0,1.2792078171714618,0.6396039085857309,2.4755630989048205,,
B0006,513,impedance,24.0,2008-05-21 12:07:20,,,,,,,,,,,,,,0.07358700423436104,0.0984700686918705
B0006,514,charge,24.0,2008-05-21 12:39:25,144.0,10647.812,4.183464592697866,4.201820075591181,0.4598188662597922,0.457809750927398,4.413070747217807,25.5837511055969,28.644446228233157,,,,,,
B0006,515,impedance,24.0,2008-05-21 15:38:16,,,,,,,,,,,,,,0.07504265846305132,0.10234809729911541
B0006,516,discharge,24.0,2008-05-21 16:10:21,,2855.594,3.4095492354804775,,-1.6340244573659812,,,33.439116773449626,40.637565231244686,143.0,1.274036760902923,0.6370183804514615,2.446712151873903,,
B0006,517,impedance,24.0,2008-05-21 16:59:36,,,,,,,,,,,,,,0.07299830246064513,0.09674804588399895
B0006,518,charge,24.0,2008-05-21 17:31:40,145.0,10621.235,4.183120158655426,4.201815160235378,0.46131118001697813,0.4591001594048884,4.413187566418703,25.901434373433876,29.000180627198866,,,,,,
B0006,519,impedance,24.0,2008-05-21 20:30:05,,,,,,,,,,,,,,0.07493083270026814,0.10316530446995302
B0006,520,discharge,24.0,2008-05-21 21:02:09,,2847.437,3.410318915287339,,-1.632488007933941,,,33.482874768414376,40.64243349478575,144.0,1.2741273923001468,0.6370636961500734,2.4607112018206894,,
B0006,521,impedance,24.0,2008-05-21 21:51:16,,,,,,,,,,,,,,0.07317671448765889,0.09789006335131165
B0006,522,charge,24.0,2008-05-21 22:23:21,146.0,9969.577999999994,4.182413374403951,4.2016698016977765,0.4873820364177546,0.48497137188208617,4.3927814625850345,25.812500717956773,28.850541540719945,,,,,,
B0006,523,impedance,24.0,2008-05-22 01:10:54,,,,,,,,,,,,,,0.07555918138378297,0.10171557782292613
B0006,524,discharge,24.0,2008-05-22 01:42:59,,2847.36,3.409269478846637,,-1.6192610042624402,,,33.22136307064441,40.38713367022122,145.0,1.2637639426440779,0.6318819713220389,2.4619788522973796,,
B0006,525,impedance,24.0,2008-05-22 02:32:06,,,,,,,,,,,,,,0.07330671757566318,0.09867203700323107
B0006,526,charge,24.0,2008-05-22 03:04:11,147.0,10501.094,4.18370305418643,4.201854366050775,0.46275020047473325,0.46047726661285987,4.414394135055152,25.418015652812915,28.54442368993556,,,,,,
B0006,527,impedance,24.0,2008-05-22 06:00:35,,,,,,,,,,,,,,0.07529135855581007,0.10399050592213124
B0006,528,discharge,24.0,2008-05-22 06:32:40,,2837.328,3.4094374435069095,,-1.6178242977824624,,,32.98562738901426,40.15316398972329,146.0,1.2581373688955233,0.6290686844477617,2.4999079970509284,,
B0006,529,impedance,24.0,2008-05-22 07:21:37,,,,,,,,,,,,,,0.07381497446326195,0.09966717133921947
B0006,530,charge,24.0,2008-05-22 07:53:42,148.0,10570.735,4.184213258814413,4.201788249320559,0.4561251998698994,0.4539740711039829,4.41162389735365,25.184158283341244,28.312507797337528,,,,,,
B0006,531,impedance,24.0,2008-05-22 10:51:17,,,,,,,,,,,,,,0.07695888745317593,0.10278141799912464
B0006,532,discharge,24.0,2008-05-22 11:23:22,,2837.281,3.403885091976961,,-1.6181015728870058,,,32.970182781539556,40.26211669866818,147.0,1.253259864055301,0.6266299320276505,2.4061574188511727,,
B0006,533,impedance,24.0,2008-05-22 12:12:19,,,,,,,,,,,,,,0.0749168340838373,0.09740913121594287
B0006,534,charge,24.0,2008-05-22 12:44:24,149.0,10804.765,4.1844828823674325,4.201808636248183,0.446398864172521,0.4444810556571727,4.407883982231513,25.35578191720396,28.410960417779172,,,,,,
B0006,535,impedance,24.0,2008-05-22 15:45:53,,,,,,,,,,,,,,0.07582454225155175,0.10410637069985224
B0006,536,discharge,24.0,2008-05-22 16:17:58,,2838.515,3.4065929107527846,,-1.6180985297864203,,,33.31018716138479,40.65437976632703,148.0,1.2532313315493426,0.6266156657746713,2.40921365026611,,
B0006,537,impedance,24.0,2008-05-22 17:06:57,,,,,,,,,,,,,,0.07319733067893863,0.0986378767270153
B0006,538,charge,24.0,2008-05-22 17:39:02,150.0,10037.5,4.183364628261381,4.201735384834022,0.47850349958968547,0.47629537767756475,4.421228579481398,25.68149669765411,28.710913065629942,,,,,,
B0006,539,impedance,24.0,2008-05-22 20:27:44,,,,,,,,,,,,,,0.07591191584477391,0.10494385154400138
B0006,540,discharge,24.0,2008-05-22 20:59:50,,2828.328,3.4095930016592684,,-1.6103535053387172,,,33.23406652671602,40.41021687551566,149.0,1.2480874960313577,0.6240437480156789,2.4705399687343235,,
B0006,541,impedance,24.0,2008-05-22 21:48:39,,,,,,,,,,,,,,0.07412387969571942,0.09846760988701693
B0006,542,charge,24.0,2008-05-22 22:20:44,151.0,10555.125,4.184200224556769,4.201941787024512,0.4539914539952823,0.4520251538667381,4.4105592721434315,25.591813739883985,28.66950429176209,,,,,,
B0006,543,impedance,24.0,2008-05-23 11:41:10,,,,,,,,,,,,,,0.07629297155319334,0.10647126315333194
B0006,544,discharge,24.0,2008-05-23 12:13:16,,2838.265,3.409409922814414,,-1.611644410040853,,,33.117656712920734,40.49521984011741,150.0,1.2534354284944844,0.6267177142472422,2.4996841687041944,,
B0006,545,impedance,24.0,2008-05-23 13:02:15,,,,,,,,,,,,,,0.07444944766297028,0.09763490351376954
B0006,546,charge,24.0,2008-05-23 17:12:57,152.0,10807.328,4.186273511206201,4.20193379990356,0.44199100894115206,0.4401604292070138,4.407231876472127,25.497613624329297,28.564337059732743,,,,,,
B0006,547,discharge,24.0,2008-05-23 20:14:29,,2864.547,3.4195489282896943,,-1.6420364978388977,,,33.78417036686004,41.357879741754175,151.0,1.2898048773266901,0.6449024386633451,2.4839695531514434,,
B0006,548,impedance,24.0,2008-05-23 21:03:54,,,,,,,,,,,,,,0.07429801976099379,0.09727249699620968
B0006,549,charge,24.0,2008-05-23 21:36:00,153.0,10790.062999999995,4.1825191492621805,4.201865908278174,0.4591387841715915,0.45711703239289453,4.411217345872518,25.84421874752408,29.13293364894342,,,,,,
B0006,550,impedance,24.0,2008-05-24 00:37:15,,,,,,,,,,,,,,0.0752876188558989,0.10131281846755223
B0006,551,discharge,24.0,2008-05-24 01:09:21,,2846.39,3.4151799904187996,,-1.6194806393973795,,,33.806439563441614,41.37902988743146,152.0,1.2635402021758835,0.6317701010879417,2.4675402264113453,,
B0006,552,impedance,24.0,2008-05-24 01:58:28,,,,,,,,,,,,,,0.0732641449429155,0.09485788030578557
B0006,553,charge,24.0,2008-05-24 02:30:34,154.0,10574.641,4.183146901150216,4.201787473923707,0.4583761428723268,0.45630053333333337,4.411798933333333,25.742753320720922,29.028126782794402,,,,,,
B0006,554,impedance,24.0,2008-05-24 05:28:14,,,,,,,,,,,,,,0.07525091465096566,0.10263114150619053
B0006,555,discharge,24.0,2008-05-24 06:00:20,,2837.969,3.4154594925159083,,-1.6048643562670923,,,33.63735785291911,41.20920760771975,153.0,1.2479761706842853,0.6239880853421427,2.4946438160388325,,
B0006,556,impedance,24.0,2008-05-24 06:49:19,,,,,,,,,,,,,,0.07295338594839133,0.09709171535624934
B0006,557,charge,24.0,2008-05-24 07:21:25,155.0,10074.109,4.183234691854298,4.2017437511643605,0.4741766263280676,0.4720892506314903,4.418947516138086,25.638392621114672,28.824446138646483,,,,,,
B0006,558,impedance,24.0,2008-05-24 10:10:44,,,,,,,,,,,,,,0.07579555842218386,0.10337622430701954
B0006,559,discharge,24.0,2008-05-24 10:42:50,,2838.156,3.4130336456755868,,-1.5916400783224371,,,33.58195933847606,41.20630554355683,154.0,1.2321202877943334,0.6160601438971667,2.4577382116375843,,
B0006,560,impedance,24.0,2008-05-24 11:31:49,,,,,,,,,,,,,,0.07229989931673016,0.09726851617156725
B0006,561,charge,24.0,2008-05-24 12:03:55,156.0,10423.047,4.184017765217709,4.201762552830957,0.4558512983632322,0.4538,4.410847154471545,25.49563276443761,28.73861109020366,,,,,,
B0006,562,impedance,24.0,2008-05-24 14:59:04,,,,,,,,,,,,,,0.07634314633390711,0.10459379391771405
B0006,563,discharge,24.0,2008-05-24 15:31:10,,2829.843,3.4094524356574096,,-1.5901105081883435,,,33.56245583951572,41.28239317323536,155.0,1.2271137666213534,0.6135568833106767,2.40986495422137,,
B0006,564,impedance,24.0,2008-05-24 16:20:01,,,,,,,,,,,,,,0.07208193445058439,0.09632752730869723
B0006,565,charge,24.0,2008-05-24 16:52:07,157.0,10534.046,4.184506044897757,4.201785741226195,0.4485436673529444,0.44655174262734587,4.407948525469169,25.428938070318736,28.66945729023269,,,,,,
B0006,566,impedance,24.0,2008-05-24 19:49:07,,,,,,,,,,,,,,0.07548574752727838,0.10415670198896312
B0006,567,discharge,24.0,2008-05-24 20:21:13,,2829.625,3.4138496008165014,,-1.5767754479909835,,,33.5111267532655,41.1595683576961,156.0,1.2217397581377356,0.6108698790688678,2.479418189447868,,
B0006,568,impedance,24.0,2008-05-24 21:10:04,,,,,,,,,,,,,,0.074020498261262,0.09921529436633025
B0006,569,charge,24.0,2008-05-24 21:42:10,158.0,10266.812000000005,4.184552650962067,4.201919560571855,0.455964732658154,0.4539203637365666,4.411609809864976,25.452360068893437,28.620406575828014,,,,,,
B0006,570,impedance,24.0,2008-05-25 00:34:43,,,,,,,,,,,,,,0.075678173941146,0.10498941605859084
B0006,571,discharge,24.0,2008-05-25 01:06:49,,2819.437,3.410900672125043,,-1.575262673173442,,,33.53675907012135,41.230427315370186,157.0,1.211102678915174,0.605551339457587,2.434585389303289,,
B0006,572,impedance,24.0,2008-05-25 01:55:30,,,,,,,,,,,,,,0.07451902070420802,0.09722241475542803
B0006,573,charge,24.0,2008-05-25 02:27:37,159.0,10568.109,4.185044305278331,4.201732878916651,0.44169776415753925,0.4396574866310161,4.405252139037434,25.399233871624016,28.628153065717633,,,,,,
B0006,574,impedance,24.0,2008-05-25 05:25:11,,,,,,,,,,,,,,0.07639730618221811,0.10625558495145841
B0006,575,discharge,24.0,2008-05-25 05:57:17,,2819.579,3.4105744140130074,,-1.5684640005188113,,,33.49803069556778,41.21487873613708,158.0,1.2056159765131735,0.6028079882565868,2.425682710641569,,
B0006,576,impedance,24.0,2008-05-25 06:45:59,,,,,,,,,,,,,,0.07424018982352315,0.09804575972887292
B0006,577,charge,24.0,2008-05-25 07:18:06,160.0,10798.344,4.18550919440487,4.201886584230645,0.4300304239213169,0.42811610878661094,4.400361924686193,25.2820272954604,28.53948250596772,,,,,,
B0006,578,impedance,24.0,2008-05-25 10:19:30,,,,,,,,,,,,,,0.07554089552390525,0.10325199429925233
B0006,579,discharge,24.0,2008-05-25 10:51:37,,2810.672,3.4096514247359915,,-1.5671286757845893,,,33.516977262709986,41.27439823262361,159.0,1.2008936262717274,0.6004468131358637,2.417924401749313,,
B0006,580,impedance,24.0,2008-05-25 11:40:09,,,,,,,,,,,,,,0.0751269930267548,0.0976015207267083
B0006,581,charge,24.0,2008-05-25 12:12:16,161.0,10279.047,4.1849861835985696,4.201754101022374,0.44813813391317475,0.44620858558062737,4.353985140341222,25.41799675980421,28.572516311766954,,,,,,
B0006,582,impedance,24.0,2008-05-25 15:05:01,,,,,,,,,,,,,,0.07758555911246837,0.10473113760753461
B0006,583,discharge,24.0,2008-05-25 15:37:08,,2811.485,3.4128578373442537,,-1.5537993411647462,,,33.531923269271225,41.237668013317766,160.0,1.1905903985558335,0.5952951992779167,2.4541577949851603,,
B0006,584,impedance,24.0,2008-05-25 16:25:42,,,,,,,,,,,,,,0.07300304718574424,0.09986121453402325
B0006,585,charge,24.0,2008-05-25 16:57:49,162.0,10299.39,4.185315793098662,4.201712312513253,0.4459610400948337,0.4440241758241759,4.40801510989011,25.454072385369944,28.62669459075133,,,,,,
B0006,586,impedance,24.0,2008-05-25 19:50:54,,,,,,,,,,,,,,0.07914099539982122,0.10410597469599145
B0006,587,discharge,24.0,2008-05-25 20:23:04,,2802.422,3.413450901705652,,-1.5521827524962775,,,33.567636169584304,41.24068073261839,161.0,1.185179251041941,0.5925896255209705,2.463616101176541,,
B0006,588,impedance,24.0,2008-05-25 21:11:31,,,,,,,,,,,,,,0.0733791162898153,0.10012439870046425
B0006,589,charge,24.0,2008-05-25 21:43:40,163.0,10543.077999999994,4.185698076549506,4.201956439749408,0.4336735856198965,0.43179280730005365,4.402432903918412,25.429946661301248,28.631186857858758,,,,,,
B0006,590,impedance,24.0,2008-05-26 00:40:52,,,,,,,,,,,,,,0.07703480377026387,0.1043025357256912
B0006,591,discharge,24.0,2008-05-26 01:13:02,,2801.625,3.414388187503409,,-1.5452652929126827,,,33.60493096509702,41.28133907077437,162.0,1.1796706818144624,0.5898353409072312,2.470375229475307,,
B0006,592,impedance,24.0,2008-05-26 02:01:29,,,,,,,,,,,,,,0.07400638737748559,0.10058214210272005
B0006,593,charge,24.0,2008-05-26 02:33:39,164.0,10430.109,4.185822767349111,4.201709609217771,0.4356243203367186,0.43361492537313434,4.4035853459972865,25.42050671654486,28.612332550569292,,,,,,
B0006,594,impedance,24.0,2008-05-26 05:28:58,,,,,,,,,,,,,,0.07558657312230183,0.10545022867710716
B0006,595,discharge,24.0,2008-05-26 06:01:08,,2802.031,3.412419038813061,,-1.538651770825325,,,33.54281440778599,41.28338645880181,163.0,1.1745952836753915,0.5872976418376957,2.4357634426689945,,
B0006,596,impedance,24.0,2008-05-26 06:49:35,,,,,,,,,,,,,,0.07445731304872845,0.09771765292275987
B0006,597,charge,24.0,2008-05-26 07:21:44,165.0,10154.094,4.183379948808009,4.202177831755399,0.43856471577470724,0.4367161936560935,3.785289371174179,25.397105626124826,28.542199304478256,,,,,,
B0006,598,impedance,24.0,2008-05-26 10:12:28,,,,,,,,,,,,,,0.07680024027253078,0.10505838895245793
B0006,599,discharge,24.0,2008-05-26 10:44:38,,2793.39,3.4148103057455175,,-1.5169723774339863,,,33.472459360982775,41.149193043289586,164.0,1.15381833159625,0.576909165798125,2.481190011798763,,
B0006,600,impedance,24.0,2008-05-26 11:32:56,,,,,,,,,,,,,,0.07404961895766839,0.10004265315557904
B0006,601,charge,24.0,2008-05-26 12:05:07,166.0,10316.906,4.186038120685106,4.20176385561649,0.4372038286477613,0.4353848476530332,4.40431292890475,25.419424201944214,28.565426308382822,,,,,,
B0006,602,impedance,24.0,2008-05-26 14:58:33,,,,,,,,,,,,,,0.07773379473968531,0.1055258410926404
B0006,603,discharge,24.0,2008-05-26 15:30:43,,2793.39,3.4166177332601,,-1.5238501013926742,,,33.58210389885497,41.26268252018065,165.0,1.1644009557372264,0.5822004778686132,2.491537251958465,,
B0006,604,impedance,24.0,2008-05-26 16:19:02,,,,,,,,,,,,,,0.07345356672681479,0.09958433419834246
B0006,605,charge,24.0,2008-05-26 16:51:13,167.0,10571.39,4.186458410641472,4.20175644608898,0.4234663540479643,0.42168549250535337,4.398319593147751,25.432459537239456,28.631428241793976,,,,,,
B0006,606,impedance,24.0,2008-05-26 19:48:54,,,,,,,,,,,,,,0.07649758460967311,0.10668360253694291
B0006,607,discharge,24.0,2008-05-26 20:21:04,,2792.485,3.4121341541171764,,-1.523792814686802,,,33.6634605108384,41.45791806300034,166.0,1.1587974947916069,0.5793987473958034,2.40904100737121,,
B0006,608,impedance,24.0,2008-05-26 21:09:22,,,,,,,,,,,,,,0.07429181207917376,0.10145770673563659
B0006,609,charge,24.0,2008-05-26 21:41:33,168.0,9892.375,4.185803839712749,4.201706683800265,0.44935332260144684,0.4474739404352806,4.40952691867125,25.57546236674736,28.6588020031526,,,,,,
B0006,610,impedance,24.0,2008-05-27 00:27:55,,,,,,,,,,,,,,0.07693445086160708,0.10589812281309796
B0006,611,discharge,24.0,2008-05-27 15:52:41,,2802.016,3.419700177568569,,-1.5391310859398721,,,33.730546074122294,41.11666214070682,167.0,1.1749748834769171,0.5874874417384586,2.475767645530351,,
B0006,612,charge,24.0,2008-05-27 17:53:59,169.0,10212.234,4.185713841585135,4.201881752705908,0.4464381676308704,0.44494145394006657,4.40860654827969,25.30089012739764,28.229569454958643,,,,,,
B0006,613,discharge,24.0,2008-05-27 20:45:42,,2820.39,3.4234687742187893,,-1.5426703969635054,,,33.8912822372509,41.36263766174168,168.0,1.1856752327929356,0.5928376163964678,2.4160441724133666,,
B0006,614,impedance,24.0,2008-05-27 21:34:28,,,,,,,,,,,,,,0.07358936787982846,0.09999474026181411
B0006,615,charge,24.0,2008-05-28 11:09:42,170.0,12.656000000000002,3.026934487924202,4.985345277460334,-0.0014025788512388184,-0.0006000000000000001,2.8340000000000005,22.987996438827178,22.994624737077395,,,,,,
B0007,0,charge,24.0,2008-04-02 13:08:17,1.0,7597.875,4.189507926171337,4.214723891435149,0.657225274788553,0.6621883396704689,4.271169835234473,25.115926436461894,27.29904441900397,,,,,,
B0007,1,discharge,24.0,2008-04-02 15:25:41,,3690.234,3.522006703394617,,-1.8691188840185695,,,32.62485875142121,40.59042914535701,1.0,1.89105229539079,0.945526147695395,2.145975766935391,,
B0007,2,charge,24.0,2008-04-02 16:37:51,2.0,10516.0,4.052903759371662,4.214978847580325,0.9550493059431925,0.9614282978723405,4.376724468085106,26.756606170640403,30.577385154985016,,,,,,
B0007,3,discharge,24.0,2008-04-02 19:43:48,,3672.344,3.5319490434317116,,-1.8680422715350309,,,32.738209593287145,40.26023408628707,2.0,1.880637027686859,0.9403185138434295,2.1110166987852117,,
B0007,4,charge,24.0,2008-04-02 20:55:40,3.0,10484.547,4.0484888632002844,4.214688912633025,0.9566637790683153,0.9630779082177162,4.354108858057631,26.78896518782561,30.66376913104331,,,,,,
B0007,5,discharge,24.0,2008-04-03 00:01:06,,3651.641,3.5344025220217845,,-1.877784734502072,,,32.68511456550919,40.27558633997852,3.0,1.8806626717011388,0.9403313358505694,2.0251085128182655,,
B0007,6,charge,24.0,2008-04-03 01:12:38,4.0,10397.89,4.047760658857355,4.214772907108823,0.96029909817534,0.9667372990353698,4.349350482315113,26.790949987534404,30.792245916339162,,,,,,
B0007,7,discharge,24.0,2008-04-03 04:16:37,,3631.563,3.53492504932652,,-1.8875256535871228,,,32.554748499572646,40.29314715799111,4.0,1.8807709009833444,0.9403854504916722,1.922542180649595,,
B0007,8,charge,24.0,2008-04-03 05:27:49,5.0,10495.203,4.04822297570294,4.21467779253526,0.9567567396064011,0.9627694770544291,4.344615795090715,26.726850930641444,30.89342353302922,,,,,,
B0007,9,discharge,24.0,2008-04-03 08:33:25,,3629.172,3.534536640068787,,-1.8871559747738404,,,32.46787845303298,40.268872630219796,5.0,1.8794508728285058,0.9397254364142529,1.8711590450649882,,
B0007,10,charge,24.0,2008-04-03 09:44:35,6.0,10792.672,4.049879067690307,4.2150694402361655,0.941081430882649,0.9471830882352941,4.2578298319327725,26.620773999930954,30.821167500690837,,,,,,
B0007,11,discharge,24.0,2008-04-03 12:55:10,,3652.281,3.5411626672196816,,-1.8675154082122565,,,32.48624734055599,39.67620802332074,6.0,1.8807003517117404,0.9403501758558702,2.1756867065903434,,
B0007,12,charge,24.0,2008-04-03 14:06:43,7.0,10789.985,4.050759108978297,4.2147997979457195,0.9381438417793193,0.9443293067226891,4.235237394957983,26.58924306987374,30.421910739966474,,,,,,
B0007,13,discharge,24.0,2008-04-03 17:17:16,,3650.828,3.541165612176161,,-1.8673304059806155,,,32.55779966353037,39.803817662926164,7.0,1.8799352523566075,0.9399676261783038,2.1117887156019437,,
B0007,14,charge,24.0,2008-04-03 18:28:47,8.0,10127.562,4.044734526765342,4.214676316022421,0.9714237873848344,0.9775202173913045,4.399827173913044,26.74846360058507,30.518431203479878,,,,,,
B0007,15,discharge,24.0,2008-04-03 21:28:14,,3572.453,3.5494581176357975,,-1.9063154499484403,,,32.45374435641106,39.88810476942348,8.0,1.8815088124038797,0.9407544062019398,2.026250619894166,,
B0007,16,charge,24.0,2008-04-03 22:38:27,9.0,10147.952999999994,4.043475031336312,4.214795782824283,0.9708134573226749,0.9769462540716612,4.370522258414767,26.80373015807701,31.081278437806464,,,,,,
B0007,17,discharge,24.0,2008-04-04 01:38:15,,3550.594,3.5502805464079743,,-1.9164259300038171,,,32.373246444985035,39.95162250671474,9.0,1.8696907870385844,0.9348453935192922,1.9505894332906037,,
B0007,18,charge,24.0,2008-04-04 02:48:06,10.0,10162.094,4.043487576569312,4.2147880916189155,0.969493151522299,0.9757685124864278,4.379498371335505,26.78643062225572,31.24066372289512,,,,,,
B0007,19,discharge,24.0,2008-04-04 05:48:08,,3551.25,3.5481347674910286,,-1.9165016044519978,,,32.30534276235138,40.052021854718284,10.0,1.870052380139199,0.9350261900695995,1.8688247067658061,,
B0007,20,charge,24.0,2008-04-04 06:58:00,11.0,10119.375,4.043393946582859,4.2147872937326705,0.971049086675056,0.9773697826086957,4.38439347826087,26.717163571192394,31.220976754395,,,,,,
B0007,21,discharge,24.0,2008-04-04 09:57:19,,3530.25,3.5484272148956437,,-1.926771167846017,,,32.183319483399806,40.1213838436794,11.0,1.8700442394188577,0.9350221197094288,1.7896213776724978,,
B0007,22,charge,24.0,2008-04-04 11:06:50,12.0,10013.235,4.042609172722694,4.214760443660266,0.9772515046243128,0.9836785323110625,4.3861905805038335,26.780922573059726,31.372627292785396,,,,,,
B0007,23,charge,24.0,2008-04-04 15:05:59,13.0,9586.875,4.083839046288738,4.214635547971288,0.9327747701425856,0.9390075808249723,4.369759197324415,26.84939514355575,30.225464388780154,,,,,,
B0007,24,discharge,24.0,2008-04-04 17:56:27,,3491.016,3.5560433603714667,,-1.936979366983281,,,32.378853181816005,40.174657039770814,12.0,1.8596518987766364,0.9298259493883182,1.910336108594535,,
B0007,25,charge,24.0,2008-04-04 19:05:19,14.0,9952.359,4.042846696176429,4.214697666122234,0.9765825046761387,0.9828961622807018,4.394621710526316,27.007028938797088,31.747377634153153,,,,,,
B0007,26,discharge,24.0,2008-04-04 22:01:54,,3470.281,3.5604849642800684,,-1.947065774665518,,,32.2913249500013,40.016434730174936,13.0,1.8590746560862206,0.9295373280431103,1.9086884059809102,,
B0007,27,charge,24.0,2008-04-04 23:10:25,15.0,10758.031000000003,4.048321143107591,4.21478322848139,0.9367527511198251,0.9428737118822292,4.208594111461619,26.826630905506512,31.779134469034663,,,,,,
B0007,28,discharge,24.0,2008-04-05 02:20:26,,3470.0,3.5562872542469752,,-1.946961601670498,,,32.14782797344657,40.16569230743226,14.0,1.8590084577709232,0.9295042288854616,1.7868782934275431,,
B0007,29,charge,24.0,2008-04-05 03:28:57,16.0,9921.75,4.042805773132121,4.21480753341866,0.9780048981914566,0.9842308452250275,4.412373216245884,26.845102423271214,31.742574167707367,,,,,,
B0007,30,discharge,24.0,2008-04-05 06:25:01,,3450.297,3.5647746218187324,,-1.946851050742258,,,32.01380948237792,39.46139677634257,15.0,1.8593622586957048,0.9296811293478524,2.1361343961784502,,
B0007,31,charge,24.0,2008-04-05 07:33:12,17.0,10000.25,4.045560380508014,4.214941550491233,0.9713299948475255,0.9776390590809629,4.380451859956237,26.64132190339396,31.367092340830315,,,,,,
B0007,32,discharge,24.0,2008-04-05 10:30:32,,3429.407,3.565438928797127,,-1.9574063719005568,,,31.881310103471357,39.5636595172155,16.0,1.8587355450601035,0.9293677725300518,2.0133501283179167,,
B0007,33,charge,24.0,2008-04-05 11:38:22,18.0,9936.031,4.044533741116961,4.214888859693616,0.9736960061342099,0.980095828759605,4.380650933040615,26.630410829604692,31.5483245449075,,,,,,
B0007,34,discharge,24.0,2008-04-05 14:34:41,,3409.484,3.565961679108638,,-1.9680136940585706,,,31.854304304240515,39.628948319501816,17.0,1.847817291322145,0.9239086456610724,1.8575547668336483,,
B0007,35,charge,24.0,2008-04-05 15:42:11,19.0,9989.532,4.044230721552821,4.214844274151372,0.9714159558670731,0.977786199342826,4.360902519167579,26.732842671781054,31.877731734386295,,,,,,
B0007,36,discharge,24.0,2008-04-05 18:39:25,,3390.422,3.572496559005355,,-1.9680499927642312,,,31.856555404576753,39.225347214914876,18.0,1.8485252916137047,0.9242626458068524,2.1657556124208934,,
B0007,37,charge,24.0,2008-04-05 19:46:36,20.0,10158.782,4.0483283369868595,4.214811027824689,0.9597080129511604,0.9661138828633407,4.30205748373102,26.680612495729743,31.64827378798208,,,,,,
B0007,38,discharge,24.0,2008-04-05 22:46:35,,3390.281,3.5699492020415136,,-1.9680218912213907,,,31.867182607083926,39.4126321606434,19.0,1.848378951850034,0.924189475925017,2.0270686341513207,,
B0007,39,charge,24.0,2008-04-18 17:34:22,21.0,10289.312,4.074946565045077,4.21474637892319,0.9481045644637048,0.9535821007502681,4.347907824222936,25.34511515663789,28.79758724840639,,,,,,
B0007,40,impedance,24.0,2008-04-18 20:55:29,,,,,,,,,,,,,,0.03816813609946085,0.06158094574229446
B0007,41,discharge,24.0,2008-04-18 21:10:19,,3591.734,3.5464338449590023,,-1.9066656790606797,,,32.35216872128999,39.95874037686836,20.0,1.8807805437609766,0.9403902718804883,1.905311669649934,,
B0007,42,impedance,24.0,2008-04-18 22:39:16,,,,,,,,,,,,,,0.042352200255114755,0.07946205744298855
B0007,43,charge,24.0,2008-04-18 22:53:58,22.0,10283.077999999994,4.0497034511262955,4.214913925322058,0.9677294548207197,0.9736869471413161,4.357154261057174,25.81811264335102,29.15641159378297,,,,,,
B0007,44,impedance,24.0,2008-04-19 02:14:27,,,,,,,,,,,,,,0.03971312292013592,0.06180654339682964
B0007,45,discharge,24.0,2008-04-19 02:29:09,,3552.297,3.5531968089006387,,-1.9267118604677658,,,32.60219299451182,40.31302300333008,21.0,1.8814721597443598,0.9407360798721799,1.7951975189442124,,
B0007,46,impedance,24.0,2008-04-19 03:57:24,,,,,,,,,,,,,,0.04171928239305599,0.08085099253522705
B0007,47,charge,24.0,2008-04-19 04:12:06,23.0,10281.39,4.047740326560617,4.214664287644461,0.969498665465437,0.9749508658008658,4.343107142857143,25.908545561555126,29.1544231457191,,,,,,
B0007,48,impedance,24.0,2008-04-19 07:32:33,,,,,,,,,,,,,,0.03840146399106517,0.06100130384680727
B0007,49,discharge,24.0,2008-04-19 07:47:15,,3531.578,3.5599340214678805,,-1.9260915660103672,,,32.19571819720114,39.359447242364645,22.0,1.8810954313244785,0.9405477156622393,2.1058524852518143,,
B0007,50,impedance,24.0,2008-04-19 09:15:10,,,,,,,,,,,,,,0.041725543288745344,0.07324252372827775
B0007,51,charge,24.0,2008-04-19 09:29:52,24.0,10081.797,4.047339918204985,4.214683020359257,0.9763265840568763,0.9817844638949673,4.37532056892779,25.457306030924414,28.71481831414117,,,,,,
B0007,52,impedance,24.0,2008-04-19 12:47:00,,,,,,,,,,,,,,0.0371051772037323,0.06007565108189894
B0007,53,discharge,24.0,2008-04-19 13:01:42,,3492.907,3.5595604968237993,,-1.9468340181835688,,,31.805988160181123,39.454159451189874,23.0,1.8710089649779995,0.9355044824889998,1.846021007590992,,
B0007,54,impedance,24.0,2008-04-19 14:28:58,,,,,,,,,,,,,,0.039929523505293565,0.07752548996987343
B0007,55,charge,24.0,2008-04-19 14:43:41,25.0,10797.328,4.052602643278332,4.214632473773596,0.9401045747552429,0.9454895789473685,4.219046315789473,25.208124224769332,28.533877426349584,,,,,,
B0007,56,impedance,24.0,2008-04-19 18:12:47,,,,,,,,,,,,,,0.037833946033938984,0.061293760421866045
B0007,57,discharge,24.0,2008-04-19 18:27:29,,3511.594,3.552385161941813,,-1.9364196896718646,,,31.737001978644926,39.641748274009444,24.0,1.8701995151941375,0.9350997575970688,1.7370300333706354,,
B0007,58,impedance,24.0,2008-04-19 19:55:05,,,,,,,,,,,,,,0.040868280768717374,0.07683869552898764
B0007,59,charge,24.0,2008-04-19 20:09:47,26.0,10099.218,4.048938302632183,4.214717049746853,0.9744267167666859,0.9798574235807861,4.385508733624453,25.198908450122424,28.46161610072502,,,,,,
B0007,60,impedance,24.0,2008-04-19 23:27:13,,,,,,,,,,,,,,0.037520425405365855,0.060073134186248135
B0007,61,discharge,24.0,2008-04-19 23:41:55,,3431.9370000000054,3.5707670304281067,,-1.9675984733558025,,,31.51707667966367,38.86906912217273,25.0,1.8706715362800985,0.9353357681400493,2.0506492642329937,,
B0007,62,impedance,24.0,2008-04-20 01:08:11,,,,,,,,,,,,,,0.04169865656080958,0.0720729677827527
B0007,63,charge,24.0,2008-04-20 01:22:53,27.0,10078.719,4.05016241592548,4.214644865560644,0.9719628515731636,0.9773261202185793,4.352604371584699,25.088377505443955,28.386930544540967,,,,,,
B0007,64,impedance,24.0,2008-04-20 04:39:59,,,,,,,,,,,,,,0.03739727137150672,0.0612330724542185
B0007,65,discharge,24.0,2008-04-20 04:54:41,,3431.125,3.5657224847439295,,-1.9680130544442065,,,31.442860781038384,39.11839966443177,26.0,1.8596124644020169,0.9298062322010084,1.8254369744762284,,
B0007,66,impedance,24.0,2008-04-20 06:20:57,,,,,,,,,,,,,,0.03998676920342006,0.07363674363826805
B0007,67,charge,24.0,2008-04-20 06:35:39,28.0,10617.375,4.054313355152662,4.21482514567111,0.9443066238369472,0.9496031847133758,4.2419925690021225,24.994883820641892,28.336534625568376,,,,,,
B0007,68,impedance,24.0,2008-04-20 10:01:46,,,,,,,,,,,,,,0.03591968009886427,0.06057069111701671
B0007,69,discharge,24.0,2008-04-20 10:16:28,,3412.406,3.5712835067487094,,-1.9675572757550353,,,31.32326275303232,38.68010761281634,27.0,1.860033909718346,0.930016954859173,2.134879000684994,,
B0007,70,impedance,24.0,2008-04-20 11:42:26,,,,,,,,,,,,,,0.04146824914736063,0.06954303801749961
B0007,71,charge,24.0,2008-04-20 11:57:08,29.0,10564.157,4.056876740812042,4.214813104899418,0.9442998697568391,0.9496308839190629,4.253383386581469,24.88975595599089,28.23465144539435,,,,,,
B0007,72,impedance,24.0,2008-04-20 15:22:22,,,,,,,,,,,,,,0.03738579892114978,0.06131737602920535
B0007,73,discharge,24.0,2008-04-20 15:37:05,,3410.688,3.5679716274891398,,-1.967618505240168,,,31.28571570579735,38.863045678198645,28.0,1.8591653109160768,0.9295826554580384,1.970455493406623,,
B0007,74,impedance,24.0,2008-04-20 17:03:01,,,,,,,,,,,,,,0.040910536950841486,0.06973813181143433
B0007,75,charge,24.0,2008-04-20 17:17:44,30.0,10143.984,4.053513642975223,4.214716067860107,0.9650472361533327,0.9705677559912854,4.349185185185186,24.914746778130716,28.256499193062336,,,,,,
B0007,76,impedance,24.0,2008-04-20 20:35:56,,,,,,,,,,,,,,0.03789058841967389,0.06032875855026001
B0007,77,discharge,24.0,2008-04-20 20:50:38,,3410.718,3.5646314038791784,,-1.9678214300979182,,,31.331850868998004,39.14531169811219,29.0,1.8481398178778288,0.9240699089389144,1.8132694309760007,,
B0007,78,impedance,24.0,2008-04-20 22:16:35,,,,,,,,,,,,,,0.040097248859574955,0.07288145197811349
B0007,79,charge,24.0,2008-04-20 22:31:18,31.0,10790.452999999994,4.058658000726498,4.21480821414822,0.9333752539886807,0.938804847207587,4.19431506849315,24.945473030337098,28.319210692991568,,,,,,
B0007,80,impedance,24.0,2008-04-21 02:00:19,,,,,,,,,,,,,,0.03715722957533256,0.06103479269674707
B0007,81,discharge,24.0,2008-04-21 02:15:02,,3392.719,3.568983888921194,,-1.9675056354779956,,,31.32285733932258,38.8380564174779,30.0,1.849201702126164,0.924600851063082,2.0483657324095637,,
B0007,82,impedance,24.0,2008-04-21 03:26:58,,,,,,,,,,,,,,0.04119201955867326,0.06848356653346994
B0007,83,charge,24.0,2008-04-21 17:51:26,32.0,10442.891,4.064996960368117,4.214724856820342,0.9431909350554794,0.9488116896918173,4.296742826780021,24.984956800651023,28.639243249958948,,,,,,
B0007,84,charge,24.0,2008-04-22 14:15:41,33.0,1674.484,4.220314994509881,8.332909045959154,0.07006667724829657,0.07170137457044673,3.662005154639175,23.601078570891087,23.703554924939645,,,,,,
B0007,85,discharge,24.0,2008-04-22 15:33:49,,3470.672,3.564620688944316,,-1.9683447778186904,,,31.608436452122476,38.95965174080089,31.0,1.8834677437950846,0.9417338718975423,2.181560983985832,,
B0007,86,impedance,24.0,2008-04-22 16:33:03,,,,,,,,,,,,,,0.04105669646645134,0.07065997133250308
B0007,87,charge,24.0,2008-04-22 17:04:53,34.0,10113.656,4.12787165425453,4.214675146206582,0.7079163619781903,0.7125504509428807,4.111887674227931,25.24857476578596,28.734782385089698,,,,,,
B0007,88,impedance,24.0,2008-04-22 19:54:32,,,,,,,,,,,,,,0.041759405414555945,0.06445608820977453
B0007,89,discharge,24.0,2008-04-22 20:26:18,,3414.109,3.5694388142217837,,-1.9788067754387157,,,31.782101501165204,39.053875772291974,32.0,1.8628211117905844,0.9314105558952922,2.1177799354077496,,
B0007,90,impedance,24.0,2008-04-22 21:24:34,,,,,,,,,,,,,,0.04119459773687198,0.07022095542831697
B0007,91,charge,24.0,2008-04-22 21:56:21,35.0,10137.89,4.129220845194228,4.214620610525395,0.7033962205591463,0.7077157392253138,4.090341516639389,25.2648118529816,28.82022743543977,,,,,,
B0007,92,impedance,24.0,2008-04-23 00:46:24,,,,,,,,,,,,,,0.04232704798626884,0.06414150947613172
B0007,93,discharge,24.0,2008-04-23 01:18:11,,3395.219,3.568742147335628,,-1.9785908218423578,,,31.515041989202878,38.699551697978606,33.0,1.852085039652352,0.926042519826176,2.1637448793153697,,
B0007,94,impedance,24.0,2008-04-23 02:16:08,,,,,,,,,,,,,,0.03996874022966617,0.06812474119697177
B0007,95,charge,24.0,2008-04-23 02:47:55,36.0,10651.657,4.134788878196348,4.214633202681263,0.6659073348724488,0.6699458181818182,3.921642857142857,24.83295974161257,28.46526973152355,,,,,,
B0007,96,impedance,24.0,2008-04-23 05:46:32,,,,,,,,,,,,,,0.03967286398299121,0.06333755034552216
B0007,97,discharge,24.0,2008-04-23 06:18:19,,3386.0,3.5642424070467817,,-1.9784335668087778,,,31.13866351339678,38.6052414906155,34.0,1.8469504648208708,0.9234752324104354,2.0456561472058055,,
B0007,98,impedance,24.0,2008-04-23 07:16:07,,,,,,,,,,,,,,0.03979410788978178,0.06877945536158117
B0007,99,charge,24.0,2008-04-23 07:47:54,37.0,10032.485,4.131515049788598,4.214690925137906,0.7047829847696265,0.7091708252829148,4.140442727021806,24.67485217111906,28.200378318530046,,,,,,
B0007,100,impedance,24.0,2008-04-23 10:36:13,,,,,,,,,,,,,,0.04046536725285732,0.06397225205950727
B0007,101,discharge,24.0,2008-04-23 11:08:00,,3368.187,3.5653038098527605,,-1.9781601679702336,,,31.068710515588776,38.42604747702835,35.0,1.836828431169018,0.918414215584509,2.1356202266992863,,
B0007,102,impedance,24.0,2008-04-23 12:05:30,,,,,,,,,,,,,,0.04093901824195282,0.06675223084774302
B0007,103,charge,24.0,2008-04-23 12:37:17,38.0,10574.297,4.136266746327734,4.214903299651425,0.6657786122600697,0.6698958889761718,3.9277876407436505,24.895406841356955,28.459241345509497,,,,,,
B0007,104,impedance,24.0,2008-04-23 15:34:37,,,,,,,,,,,,,,0.04083099544598788,0.06292223531520325
B0007,105,discharge,24.0,2008-04-23 16:06:25,,3368.266,3.565432167703823,,-1.9783765899690637,,,31.618244836823447,39.0468968949422,36.0,1.8371619619672275,0.9185809809836137,2.042987153745025,,
B0007,106,impedance,24.0,2008-04-23 17:03:55,,,,,,,,,,,,,,0.041067363565729334,0.0662850303940424
B0007,107,charge,24.0,2008-04-23 17:35:42,39.0,10461.735,4.135417505544552,4.2146409952312975,0.6726332872106385,0.6765466931216932,3.977513492063492,24.993919378962513,28.634605591894335,,,,,,
B0007,108,impedance,24.0,2008-04-23 20:31:10,,,,,,,,,,,,,,0.04078701229987664,0.06338858492819599
B0007,109,discharge,24.0,2008-04-23 21:02:58,,3358.719,3.5622303163451425,,-1.9780771457931066,,,31.331528063668397,38.836764958613884,37.0,1.8316722583718854,0.9158361291859427,1.9786162394118947,,
B0007,110,impedance,24.0,2008-04-23 22:00:19,,,,,,,,,,,,,,0.041661708894818184,0.06816357758679417
B0007,111,charge,24.0,2008-04-23 22:32:06,40.0,9993.062000000005,4.13326568802833,4.214616914837865,0.7027319070255572,0.7067370873786408,4.177653259361997,24.80297144486912,28.364390089817356,,,,,,
B0007,112,impedance,24.0,2008-04-24 01:19:46,,,,,,,,,,,,,,0.03981735939635393,0.06446689612483536
B0007,113,discharge,24.0,2008-04-24 01:51:33,,3339.5,3.564481026852489,,-1.9780971417908424,,,31.132569191182142,38.49981470604549,38.0,1.8211470951317783,0.9105735475658892,2.15845357648832,,
B0007,114,impedance,24.0,2008-04-24 02:48:35,,,,,,,,,,,,,,0.040333531003242,0.06552022262244311
B0007,115,charge,24.0,2008-04-24 03:20:23,41.0,10602.281,4.139035094131206,4.214648584856087,0.6583616656362965,0.6622072922111868,3.9568319393622584,24.51176932541328,28.1594205841221,,,,,,
B0007,116,impedance,24.0,2008-04-24 06:18:12,,,,,,,,,,,,,,0.03879098770177327,0.06280987925671022
B0007,117,discharge,24.0,2008-04-24 06:50:00,,3331.265,3.561614556780574,,-1.977978349880126,,,30.972969676157927,38.582340147970775,39.0,1.816506091511515,0.9082530457557575,2.092603698932653,,
B0007,118,impedance,24.0,2008-04-24 07:46:53,,,,,,,,,,,,,,0.039800320946257906,0.06501329487260551
B0007,119,charge,24.0,2008-04-24 08:18:41,42.0,10667.969,4.140171363171507,4.214573623402441,0.652156806609188,0.6562323108916038,3.9257203015336617,24.44267945496156,28.01307299015277,,,,,,
B0007,120,impedance,24.0,2008-04-24 11:17:36,,,,,,,,,,,,,,0.04135849902166442,0.06409309629130175
B0007,121,discharge,24.0,2008-04-24 11:49:24,,3321.188,3.5630587459190144,,-1.9784334957218421,,,31.1990648511682,38.787499833494046,40.0,1.8113815601504555,0.9056907800752277,2.1528886431678034,,
B0007,122,impedance,24.0,2008-04-24 12:46:08,,,,,,,,,,,,,,0.04068161380288319,0.06480202845662458
B0007,123,charge,24.0,2008-04-24 13:17:56,43.0,10504.781,4.13929567747795,4.214635656760874,0.6607051355598498,0.6650679862760623,3.9805587226181047,24.98061830520359,28.536212131076272,,,,,,
B0007,124,impedance,24.0,2008-04-24 16:14:07,,,,,,,,,,,,,,0.04198813216408782,0.06290743673977844
B0007,125,discharge,24.0,2008-04-24 16:45:56,,3321.844,3.5629534367704405,,-1.9782873833989176,,,31.722267598269813,39.31221126031847,41.0,1.8116056333939583,0.9058028166969792,2.0537418826405966,,
B0007,126,impedance,24.0,2008-04-24 17:42:40,,,,,,,,,,,,,,0.04069176276675313,0.06403224799847893
B0007,127,charge,24.0,2008-04-24 18:14:28,44.0,10246.781,4.137154952140779,4.2147081279818845,0.6768531523870726,0.6810799242424243,4.046471861471861,25.37806773198085,28.941934192718506,,,,,,
B0007,128,impedance,24.0,2008-04-24 21:06:22,,,,,,,,,,,,,,0.0410635565050997,0.06183018814159419
B0007,129,discharge,24.0,2008-04-24 21:38:11,,3311.828,3.563446012076242,,-1.9781961432676651,,,31.900827580605675,39.40567993360536,42.0,1.8060548955557403,0.9030274477778701,2.0793300586339956,,
B0007,130,impedance,24.0,2008-04-24 22:34:45,,,,,,,,,,,,,,0.04036112042873984,0.06359181730010477
B0007,131,charge,24.0,2008-04-24 23:06:34,45.0,10166.218999999997,4.137424160656775,4.214688038425604,0.6802945729581926,0.6844243044189854,4.081397435897436,25.25198951518979,28.845042154275994,,,,,,
B0007,132,impedance,24.0,2008-04-25 01:57:07,,,,,,,,,,,,,,0.0397095688006817,0.06308316873083149
B0007,133,discharge,24.0,2008-04-25 12:03:44,,3327.391,3.563998342345823,,-1.9670969462670498,,,31.5372402498617,39.32802757827611,43.0,1.8132041826994056,0.9066020913497028,2.0759793304520757,,
B0007,134,charge,24.0,2008-04-25 17:02:35,46.0,10804.922,4.142648094632666,4.214711989188702,0.6420297592239262,0.6460899230769231,3.8612869230769227,24.74618517386197,28.650268868340458,,,,,,
B0007,135,discharge,24.0,2008-04-25 20:03:55,,3312.078,3.5604902283110547,,-1.9781214643703728,,,31.24662583059252,38.6112528181758,44.0,1.8062641938283535,0.9031320969141767,2.0674349483094465,,
B0007,136,impedance,24.0,2008-04-25 21:00:31,,,,,,,,,,,,,,0.04725020480421689,0.07272586091049475
B0007,137,charge,24.0,2008-04-25 21:32:20,47.0,10758.985,4.141814607896977,4.214715443852137,0.6422162425838563,0.6461380731581658,3.8536120556414217,24.568292813185277,28.293152961467708,,,,,,
B0007,138,impedance,24.0,2008-04-26 00:32:46,,,,,,,,,,,,,,0.04658869845988432,0.06938696400889426
B0007,139,discharge,24.0,2008-04-26 01:04:35,,3293.172,3.5567002097886946,,-1.9780364457328714,,,30.939399361884792,38.569726951286874,45.0,1.7958310249900458,0.8979155124950229,2.037264031192436,,
B0007,140,impedance,24.0,2008-04-26 02:00:52,,,,,,,,,,,,,,0.046165351746082724,0.07140516250476096
B0007,141,charge,24.0,2008-04-26 02:32:41,48.0,10317.515,4.140519345939853,4.214696510731475,0.6668873007117249,0.6709632696961549,4.041556870126378,24.46813967282139,28.158218963844206,,,,,,
B0007,142,impedance,24.0,2008-04-26 05:25:46,,,,,,,,,,,,,,0.045058966847244336,0.06928051739204368
B0007,143,discharge,24.0,2008-04-26 05:57:35,,3275.328,3.5584127263446006,,-1.977935781469453,,,30.884857004354572,38.34572083526661,46.0,1.7858852600390451,0.8929426300195226,2.1632674190148338,,
B0007,144,impedance,24.0,2008-04-26 06:53:34,,,,,,,,,,,,,,0.04588397322290627,0.06926007196689592
B0007,145,charge,24.0,2008-04-26 07:25:23,49.0,10805.734,4.144478806017769,4.214588036442186,0.632049417898843,0.6360447753530167,3.824639537869063,24.383631011491403,28.14052310759905,,,,,,
B0007,146,impedance,24.0,2008-04-26 10:26:36,,,,,,,,,,,,,,0.04581384765227875,0.06966533025568689
B0007,147,discharge,24.0,2008-04-26 10:58:25,,3265.016,3.556136820956992,,-1.9780170042003,,,30.920682316695828,38.482540634946716,47.0,1.7803268604502753,0.8901634302251377,2.106631526845483,,
B0007,148,charge,24.0,2008-04-28 17:20:47,50.0,9946.391,4.141978761932281,4.214711618563932,0.6840854079254173,0.6883220920502093,4.151589400278939,25.07100125430618,28.759859696236166,,,,,,
B0007,149,discharge,24.0,2008-04-29 12:15:56,,3328.937,3.568999942180493,,-1.9779140108313502,,,33.880577817079796,41.0499421893331,48.0,1.8150756899575577,0.9075378449787789,2.1809272860788376,,
B0007,150,impedance,24.0,2008-04-29 13:12:54,,,,,,,,,,,,,,0.04922145778943997,0.07134263821575189
B0007,151,charge,24.0,2008-04-29 13:44:46,51.0,10063.547,4.129690120322505,4.214748254523058,0.6960172520969813,0.7002988742449203,4.051592806150467,27.032480454408866,30.83734369244914,,,,,,
B0007,152,impedance,24.0,2008-04-29 16:33:38,,,,,,,,,,,,,,0.04888655382152031,0.06968514370622465
B0007,153,discharge,24.0,2008-04-29 17:05:27,,3329.266,3.571059290544873,,-1.978162017642311,,,33.038339318294426,40.361944885615415,49.0,1.8157025154845838,0.9078512577422919,2.1773498094527195,,
B0007,154,impedance,24.0,2008-04-29 18:02:21,,,,,,,,,,,,,,0.0483951365393567,0.07135159504195451
B0007,155,charge,24.0,2008-04-29 18:34:10,52.0,10376.172,4.134932989245559,4.214619976897151,0.6693300293685985,0.6732966684434968,3.9200551705756936,26.29245192725164,30.256179923768244,,,,,,
B0007,156,impedance,24.0,2008-04-29 21:28:15,,,,,,,,,,,,,,0.04805522182634865,0.06988641944387855
B0007,157,discharge,24.0,2008-04-29 22:00:04,,3301.579,3.5666921284622095,,-1.9779553399945098,,,32.27329169539202,39.6676965288026,50.0,1.8002432178056673,0.9001216089028337,2.180136101967249,,
B0007,158,impedance,24.0,2008-04-29 22:56:30,,,,,,,,,,,,,,0.04880060650708679,0.07055158255812932
B0007,159,charge,24.0,2008-04-29 23:28:20,53.0,9756.858999999997,4.133479145170933,4.214585588585567,0.7068111664736322,0.7109160090831679,4.209688049957423,25.717432915400742,29.511842412811585,,,,,,
B0007,160,impedance,24.0,2008-04-30 02:12:05,,,,,,,,,,,,,,0.047509200748586077,0.07037254012210739
B0007,161,discharge,24.0,2008-04-30 02:43:55,,3283.563,3.563327431073248,,-1.9779914337720734,,,31.937919783481355,39.481181404811096,51.0,1.7904476205609308,0.8952238102804654,2.1286295199076855,,
B0007,162,impedance,24.0,2008-04-30 03:40:03,,,,,,,,,,,,,,0.047771007804623865,0.07071182578495028
B0007,163,charge,24.0,2008-04-30 04:11:53,54.0,10610.906,4.141043663189292,4.214715552650301,0.6461212999124342,0.6500470496083551,3.8911819843342035,25.281300307037686,29.200173089787796,,,,,,
B0007,164,impedance,24.0,2008-04-30 07:09:52,,,,,,,,,,,,,,0.048179914298366426,0.07048007986898036
B0007,165,discharge,24.0,2008-04-30 07:41:42,,3275.125,3.5590146214829015,,-1.9721889844228178,,,31.688686599521045,39.419051143069204,52.0,1.780343032300132,0.890171516150066,2.155901281560187,,
B0007,166,impedance,24.0,2008-04-30 08:37:42,,,,,,,,,,,,,,0.04807094716422849,0.07168496170621791
B0007,167,charge,24.0,2008-04-30 09:09:32,55.0,9978.078,4.138547507532556,4.21468240898435,0.6833886553707773,0.6875117565314064,4.1452857142857145,25.227543828398364,29.003660704014656,,,,,,
B0007,168,impedance,24.0,2008-04-30 11:56:59,,,,,,,,,,,,,,0.04853240735824653,0.07034952369656776
B0007,169,discharge,24.0,2008-04-30 12:28:49,,3265.656,3.5566945836342914,,-1.9723254573804139,,,31.779120691032947,39.72196117128354,53.0,1.775328769596812,0.887664384798406,2.067103728219671,,
B0007,170,impedance,24.0,2008-04-30 13:24:39,,,,,,,,,,,,,,0.04812925712317766,0.07103622899681207
B0007,171,charge,24.0,2008-04-30 13:56:29,56.0,10246.984,4.140791354371345,4.214791547114884,0.6634760713583135,0.6677169193286411,4.022584190579318,25.459049490706317,29.209813810542578,,,,,,
B0007,172,impedance,24.0,2008-04-30 16:48:25,,,,,,,,,,,,,,0.04974625536405859,0.07095960275807538
B0007,173,discharge,24.0,2008-04-30 17:20:16,,3266.093,3.555013984911923,,-1.9668382736785281,,,32.133873372089305,40.041366724781085,54.0,1.7702629734732853,0.8851314867366427,2.0619831864543094,,
B0007,174,impedance,24.0,2008-04-30 18:16:07,,,,,,,,,,,,,,0.04905350092860657,0.0716505512430741
B0007,175,charge,24.0,2008-04-30 18:47:57,57.0,10437.047,4.142616291192758,4.214726224038771,0.6494542689881208,0.6534635663034812,3.955264150943396,25.343396530192575,29.18041772363144,,,,,,
B0007,176,impedance,24.0,2008-04-30 21:43:03,,,,,,,,,,,,,,0.04989362821249148,0.06988750479775756
B0007,177,discharge,24.0,2008-04-30 22:14:54,,3257.594,3.5526373754067415,,-1.960929600351624,,,31.889431533099835,39.66314441864834,55.0,1.760081061854204,0.880040530927102,2.143037413381466,,
B0007,178,impedance,24.0,2008-04-30 23:10:36,,,,,,,,,,,,,,0.047713850867314125,0.07104861014688077
B0007,179,charge,24.0,2008-04-30 23:42:27,58.0,10805.827999999994,4.145719435970476,4.21472660323316,0.6223080903373258,0.6263419512195122,3.747407958921694,25.228421211568914,29.11844804300408,,,,,,
B0007,180,impedance,24.0,2008-05-01 02:43:42,,,,,,,,,,,,,,0.04762093306188868,0.06959637470924757
B0007,181,discharge,24.0,2008-05-01 03:15:33,,3248.593,3.547186025484395,,-1.9607588424014128,,,31.81736328028127,39.84751541049116,56.0,1.749647593537689,0.8748237967688445,1.9929057988209282,,
B0007,182,impedance,24.0,2008-05-01 04:11:07,,,,,,,,,,,,,,0.04799398254598553,0.07155340020297168
B0007,183,charge,24.0,2008-05-01 04:42:57,59.0,10805.375,4.146768957078443,4.214620378441202,0.6223369324512339,0.6263376059594145,3.8442245055227326,25.11195849555622,28.993570388420174,,,,,,
B0007,184,impedance,24.0,2008-05-01 07:44:12,,,,,,,,,,,,,,0.04647996212810349,0.07109805169409975
B0007,185,discharge,24.0,2008-05-01 08:16:03,,3238.766,3.546814755244375,,-1.9607439129501683,,,31.72316205746117,39.743357771631004,57.0,1.749650075059311,0.8748250375296555,2.0335961968180234,,
B0007,186,impedance,24.0,2008-05-01 09:11:27,,,,,,,,,,,,,,0.04743838010781302,0.07011601815239543
B0007,187,charge,24.0,2008-05-01 09:43:18,60.0,10685.968,4.147015930897931,4.214602260880449,0.6263833571838341,0.630606314968815,3.8847707900207897,25.084968690362786,28.9660427547404,,,,,,
B0007,188,impedance,24.0,2008-05-01 12:42:34,,,,,,,,,,,,,,0.04796925031131609,0.07089251138004057
B0007,189,discharge,24.0,2008-05-01 13:14:24,,3240.14,3.5447850172972655,,-1.9550964299704847,,,31.957150654392294,40.07246786936068,58.0,1.745028739214683,0.8725143696073415,2.0213017345171265,,
B0007,190,impedance,24.0,2008-05-01 14:09:50,,,,,,,,,,,,,,0.048992220667641126,0.07040814900058472
B0007,191,charge,24.0,2008-05-01 14:41:41,61.0,10588.64,4.146555215254979,4.2146424094030746,0.6305342065252072,0.6349512981904013,3.8972575399947544,25.58786856081741,29.3765147762846,,,,,,
B0007,192,impedance,24.0,2008-05-01 17:39:20,,,,,,,,,,,,,,0.04822541815588505,0.07097691576307026
B0007,193,discharge,24.0,2008-05-01 18:11:10,,3230.109,3.5465215420964156,,-1.955058998571939,,,32.29917704213345,40.247716114003914,59.0,1.7396457455286727,0.8698228727643363,2.0789964919635966,,
B0007,194,impedance,24.0,2008-05-01 19:06:26,,,,,,,,,,,,,,0.04821470056663109,0.06961687203754899
B0007,195,charge,24.0,2008-05-01 19:38:17,62.0,10736.094,4.147921891536968,4.214627240268389,0.6199172500124813,0.6240573350582148,3.840025873221215,25.48842021020059,29.326964606810204,,,,,,
B0007,196,impedance,24.0,2008-05-01 22:38:24,,,,,,,,,,,,,,0.04908955036286932,0.07022873713037443
B0007,197,discharge,24.0,2008-05-01 23:10:15,,3229.7810000000027,3.540832547654255,,-1.9491545130405272,,,32.128842946565555,40.27220819224188,60.0,1.7285642277717963,0.8642821138858982,1.9925354808829658,,
B0007,198,impedance,24.0,2008-05-02 00:05:31,,,,,,,,,,,,,,0.047912972518477946,0.06948120171428374
B0007,199,charge,24.0,2008-05-02 00:37:22,63.0,9790.859,4.1432664230185265,4.214680376168718,0.6789755179077069,0.6832523457492181,4.241835371054877,25.520562110849983,29.227532412342384,,,,,,
B0007,200,impedance,24.0,2008-05-02 03:21:43,,,,,,,,,,,,,,0.048817413924019566,0.07189407403925935
B0007,201,discharge,24.0,2008-05-02 03:53:34,,3212.469,3.542992511358393,,-1.9485230174751031,,,32.021134355757404,39.89848456781458,61.0,1.723900324588418,0.861950162294209,2.14041602578448,,
B0007,202,impedance,24.0,2008-05-02 04:48:33,,,,,,,,,,,,,,0.04761040788727024,0.0703612147830665
B0007,203,charge,24.0,2008-05-02 05:20:24,64.0,10274.359,4.1474070239405405,4.214737281479257,0.6428347086195202,0.6469418856678408,4.0358894608507185,25.33659989417566,29.12070979710154,,,,,,
B0007,204,impedance,24.0,2008-05-02 08:12:49,,,,,,,,,,,,,,0.04889219507251717,0.07012605128802055
B0007,205,discharge,24.0,2008-05-02 08:44:40,,3213.219,3.5360811169860216,,-1.9431227050969846,,,31.859048861486652,40.0571305311587,62.0,1.7139788776485192,0.8569894388242596,2.006753861515003,,
B0007,206,impedance,24.0,2008-05-02 09:39:40,,,,,,,,,,,,,,0.048347237713963785,0.07029953014036178
B0007,207,charge,24.0,2008-05-02 10:11:31,65.0,10711.063,4.150676946753748,4.214674041982327,0.6139637849196286,0.6182129836406127,3.9078122565567384,25.20201911662045,29.023105935768037,,,,,,
B0007,208,impedance,24.0,2008-05-02 13:11:13,,,,,,,,,,,,,,0.04742321873077289,0.06907761875176498
B0007,209,discharge,24.0,2008-05-02 13:43:05,,3203.578,3.5392436935272635,,-1.9430080085541772,,,32.16100333536097,40.240711749549135,63.0,1.7139701997004613,0.8569850998502306,2.121868132176415,,
B0007,210,impedance,24.0,2008-05-02 14:37:55,,,,,,,,,,,,,,0.050111225517516046,0.06960073254899966
B0007,211,charge,24.0,2008-05-02 15:09:46,66.0,10806.015,4.1509731200236155,4.2146702808474625,0.6065289378598703,0.6106440411840413,3.8196254826254825,25.656761357540805,29.46574411938269,,,,,,
B0007,212,impedance,24.0,2008-05-02 18:11:03,,,,,,,,,,,,,,0.048460437754935325,0.0708375336017697
B0007,213,discharge,24.0,2008-05-02 19:07:48,,3195.125,3.5348237062932575,,-1.9425165961920092,,,32.10276048728767,40.12941739090177,64.0,1.7036521173638766,0.8518260586819383,2.0119648758828452,,
B0007,214,charge,24.0,2008-05-02 20:28:25,67.0,10481.047,4.149258356029318,4.214623533956246,0.6248712469131674,0.6289848871181939,3.934391500664011,25.703556204950726,29.509744013346197,,,,,,
B0007,215,discharge,24.0,2008-05-02 23:24:17,,3195.3129999999946,3.5366477402090606,,-1.9370190075205085,,,32.33880662180898,40.3959693732437,65.0,1.7040137474382486,0.8520068737191243,2.0744390946376323,,
B0007,216,impedance,24.0,2008-05-03 00:18:59,,,,,,,,,,,,,,0.04874528416849275,0.07248947480976828
B0007,217,charge,24.0,2008-05-03 00:50:52,68.0,10153.36,4.148663453896309,4.214751677091127,0.6424405789081298,0.6466994784518255,4.070616524842163,25.605973227211333,29.387918001266215,,,,,,
B0007,218,impedance,24.0,2008-05-03 03:41:16,,,,,,,,,,,,,,0.04890922045962195,0.07224375321168745
B0007,219,discharge,24.0,2008-05-03 04:13:08,,3186.297,3.5352062840980913,,-1.9310192096578356,,,32.21373014824893,40.18751058333668,66.0,1.6935716157343033,0.8467858078671516,2.188793384556236,,
B0007,220,impedance,24.0,2008-05-03 05:07:41,,,,,,,,,,,,,,0.04834801429353973,0.07007227991852431
B0007,221,charge,24.0,2008-05-03 05:39:33,69.0,10662.468,4.15237266814831,4.214660426373847,0.6079057067208262,0.6119727201463289,3.879760125424614,25.387711853967417,29.24631551480774,,,,,,
B0007,222,impedance,24.0,2008-05-03 08:38:27,,,,,,,,,,,,,,0.05049341528042814,0.0714779278737494
B0007,223,discharge,24.0,2008-05-03 09:10:19,,3176.438,3.5329852237553396,,-1.9304738354803441,,,32.09949526722965,40.14605167557969,67.0,1.6876577363877656,0.8438288681938828,2.1739523632140685,,
B0007,224,impedance,24.0,2008-05-03 10:04:43,,,,,,,,,,,,,,0.04790614551385609,0.07076656687245311
B0007,225,charge,24.0,2008-05-03 10:36:35,70.0,10494.625,4.152356182458047,4.2147387353767405,0.6155482454563233,0.6196742038216561,3.964665605095541,25.34324683845571,29.172752711612734,,,,,,
B0007,226,impedance,24.0,2008-05-03 13:32:41,,,,,,,,,,,,,,0.049653807534869046,0.07281511275371025
B0007,227,discharge,24.0,2008-05-03 14:04:34,,3167.593,3.532158560934324,,-1.9305510314753316,,,32.11305439113157,40.18846095484838,68.0,1.6830744356583152,0.8415372178291576,2.1783847786257136,,
B0007,228,impedance,24.0,2008-05-03 14:58:49,,,,,,,,,,,,,,0.04815631252607322,0.07031487671206166
B0007,229,charge,24.0,2008-05-03 15:30:41,71.0,10467.75,4.152709194310727,4.214931268516532,0.6152087686046263,0.6194023447908342,3.9807074340527575,25.404838740175805,29.21475971618361,,,,,,
B0007,230,impedance,24.0,2008-05-03 18:26:20,,,,,,,,,,,,,,0.049804698569480284,0.07183693248710026
B0007,231,discharge,24.0,2008-05-03 18:58:13,,3167.719,3.5308376380023527,,-1.9247195409983122,,,32.20371989479744,40.2789498830108,69.0,1.6779270142025482,0.8389635071012741,2.191481814157953,,
B0007,232,impedance,24.0,2008-05-03 19:52:28,,,,,,,,,,,,,,0.04871866527250497,0.07073110778960329
B0007,233,charge,24.0,2008-05-03 20:24:21,72.0,9904.406,4.150213011801893,4.214762412303275,0.6487998814529682,0.6531271830985917,4.214241408450704,25.53866446967712,29.26292921590928,,,,,,
B0007,234,impedance,24.0,2008-05-03 23:10:37,,,,,,,,,,,,,,0.04960142143548596,0.07212114083797687
B0007,235,discharge,24.0,2008-05-03 23:42:30,,3159.077999999994,3.5296958440720005,,-1.9245739020356052,,,32.23340825772458,40.310727434969614,70.0,1.6732060275966172,0.8366030137983086,2.1753473356526807,,
B0007,236,impedance,24.0,2008-05-04 00:36:36,,,,,,,,,,,,,,0.04830978182442808,0.07064084986534173
B0007,237,charge,24.0,2008-05-04 01:08:29,73.0,10805.656,4.155306899207721,4.2147220153611,0.592157777971494,0.5962692565823438,3.8500061951471345,25.392212094931914,29.24635618901523,,,,,,
B0007,238,impedance,24.0,2008-05-04 04:09:47,,,,,,,,,,,,,,0.04933286951263678,0.07263784411726666
B0007,239,discharge,24.0,2008-05-04 04:41:40,,3148.829,3.5281819372126093,,-1.9243785304854075,,,32.212169716369466,40.31733812871393,71.0,1.6674367208253988,0.8337183604126994,2.1832922624558813,,
B0007,240,impedance,24.0,2008-05-04 05:35:36,,,,,,,,,,,,,,0.04802200703480097,0.07107634151010893
B0007,241,charge,24.0,2008-05-04 06:07:29,74.0,10777.328,4.15567222938149,4.2147218693240704,0.5920487199801124,0.5961563810509968,3.8699844680300286,25.37882063803655,29.246890579031508,,,,,,
B0007,242,impedance,24.0,2008-05-04 09:08:18,,,,,,,,,,,,,,0.048245150285560964,0.07344417258506274
B0007,243,discharge,24.0,2008-05-04 09:40:11,,3149.094,3.5265730179666974,,-1.9184028799161776,,,32.21746401954225,40.332563430145015,72.0,1.6622662630667526,0.8311331315333763,2.192864020990023,,
B0007,244,impedance,24.0,2008-05-04 10:34:08,,,,,,,,,,,,,,0.04887856396815102,0.07067979605623653
B0007,245,charge,24.0,2008-05-04 11:06:02,75.0,10745.86,4.156007874053479,4.2147325399745,0.5915470879419605,0.5956068813295249,3.862667618800312,25.36610442135351,29.227147864241523,,,,,,
B0007,246,impedance,24.0,2008-05-04 14:06:20,,,,,,,,,,,,,,0.05001512861656075,0.07381936636092858
B0007,247,discharge,24.0,2008-05-04 14:38:13,,3140.547,3.5245022548553444,,-1.9181664471622712,,,32.23410177209762,40.431258866851486,73.0,1.6574243065763063,0.8287121532881532,2.1560972126643922,,
B0007,248,impedance,24.0,2008-05-04 15:32:01,,,,,,,,,,,,,,0.04912443706060332,0.07004253090015103
B0007,249,charge,24.0,2008-05-04 16:03:55,76.0,10806.781,4.15668004634962,4.214579723018079,0.5867625337906409,0.5904765435288041,3.8330216998191684,25.36601497084141,29.24258075677239,,,,,,
B0007,250,impedance,24.0,2008-05-04 19:05:14,,,,,,,,,,,,,,0.047456705587096075,0.07255600991617446
B0007,251,discharge,24.0,2008-05-04 19:37:07,,3131.625,3.5228548406546385,,-1.9180994998619483,,,32.228343983674435,40.46247985933005,74.0,1.652538684928734,0.826269342464367,2.138540138129487,,
B0007,252,impedance,24.0,2008-05-04 20:30:47,,,,,,,,,,,,,,0.04893713330364649,0.07109876809149202
B0007,253,charge,24.0,2008-05-04 21:02:41,77.0,10806.593999999997,4.157264783828636,4.214616737514549,0.5852801437987227,0.589272680279142,3.8741049366761438,25.328687996097223,29.205804963938984,,,,,,
B0007,254,impedance,24.0,2008-05-05 00:04:00,,,,,,,,,,,,,,0.048886406569936064,0.07289868386035867
B0007,255,discharge,24.0,2008-05-05 00:35:53,,3121.907,3.5222829121237855,,-1.9179522150901998,,,32.1833106060944,40.40103455658551,75.0,1.6472174627573322,0.8236087313786661,2.1646493163558524,,
B0007,256,impedance,24.0,2008-05-05 01:29:24,,,,,,,,,,,,,,0.04911103876049412,0.07147560174006445
B0007,257,charge,24.0,2008-05-05 02:01:17,78.0,10429.547,4.156127781729184,4.214694942964417,0.6042134870023935,0.6080651742627347,3.9967302949061656,25.324904467851695,29.15027468636607,,,,,,
B0007,258,impedance,24.0,2008-05-05 04:56:20,,,,,,,,,,,,,,0.04904240478915373,0.07202371305148902
B0007,259,discharge,24.0,2008-05-05 05:28:13,,3122.125,3.5189923820688493,,-1.9116539768893375,,,32.17200142078129,40.4426971996319,76.0,1.6364136810898071,0.8182068405449036,2.1187211383693167,,
B0007,260,impedance,24.0,2008-05-05 06:21:44,,,,,,,,,,,,,,0.05030151322042697,0.07382011728457984
B0007,261,charge,24.0,2008-05-05 06:53:38,79.0,10807.094,4.158424100775489,4.214633904589618,0.5810528247044214,0.5848880237972065,3.8790620796689077,25.15003755101717,29.069744196379535,,,,,,
B0007,262,impedance,24.0,2008-05-05 09:54:58,,,,,,,,,,,,,,0.04861981736892422,0.07223470556283451
B0007,263,discharge,24.0,2008-05-05 11:41:31,,3121.672,3.5177844279570794,,-1.9115865510736891,,,32.03316223587618,40.26214977673693,77.0,1.6362554312048496,0.8181277156024248,2.1377868706438155,,
B0007,264,charge,24.0,2008-05-05 17:40:16,80.0,10719.016,4.159699163403841,4.214745527678928,0.583481440731189,0.5875364466475346,3.8872181059222544,25.474627913650302,29.345336772449535,,,,,,
B0007,265,discharge,24.0,2008-05-05 20:40:08,,3120.86,3.5212226057273495,,-1.917648718820213,,,32.506671891788216,40.645668361956844,78.0,1.641119179218384,0.820559589609192,2.103155697792567,,
B0007,266,impedance,24.0,2008-05-05 21:33:38,,,,,,,,,,,,,,0.04858590816702541,0.07223412421622642
B0007,267,charge,24.0,2008-05-05 22:05:32,81.0,10806.437000000005,4.1580679564787895,4.214717340768705,0.583036658247554,0.586545929180667,3.8809961230292065,25.309912948438804,29.227318696670796,,,,,,
B0007,268,impedance,24.0,2008-05-06 01:06:52,,,,,,,,,,,,,,0.04830739180756976,0.07449610987674748
B0007,269,discharge,24.0,2008-05-06 01:38:46,,3103.828,3.5172227884430147,,-1.9111337702474194,,,31.961039485620926,39.95209030011925,79.0,1.6315700789656966,0.8157850394828483,2.186737546753024,,
B0007,270,impedance,24.0,2008-05-06 02:31:59,,,,,,,,,,,,,,0.04876858782226287,0.07064567543830795
B0007,271,charge,24.0,2008-05-06 03:03:53,82.0,10805.265,4.159707944141472,4.214654945008987,0.5782298330343395,0.5814418177110307,3.8814823925427238,24.83271348154768,28.734579293571617,,,,,,
B0007,272,impedance,24.0,2008-05-06 06:05:11,,,,,,,,,,,,,,0.04807714089362054,0.07403770271784743
B0007,273,discharge,24.0,2008-05-06 06:37:06,,3095.094,3.5125010864221813,,-1.9108556098369367,,,31.798082670491866,40.165034583244065,80.0,1.621213282987236,0.810606641493618,2.1007747911593695,,
B0007,274,impedance,24.0,2008-05-06 07:30:10,,,,,,,,,,,,,,0.04812419279863444,0.07218949222755539
B0007,275,charge,24.0,2008-05-06 08:02:05,83.0,10208.062,4.157611519016756,4.214643753973769,0.6108532334353195,0.6145512764205326,4.137746637386768,24.88956188067808,28.661365876187777,,,,,,
B0007,276,impedance,24.0,2008-05-06 10:53:26,,,,,,,,,,,,,,0.048897202430558395,0.07193674461638987
B0007,277,discharge,24.0,2008-05-06 11:25:21,,3095.781,3.5129614635074673,,-1.9049762303506044,,,31.95802833708937,40.36674175781141,81.0,1.6164273214762122,0.8082136607381061,2.1417010068719846,,
B0007,278,impedance,24.0,2008-05-06 12:18:26,,,,,,,,,,,,,,0.048287687725557416,0.0711931915352938
B0007,279,charge,24.0,2008-05-06 12:50:20,84.0,10807.219,4.1603779113712145,4.214780400715733,0.5736847833082896,0.5775689717689718,3.878931623931624,25.13848713559105,29.00140228722429,,,,,,
B0007,280,impedance,24.0,2008-05-06 15:51:41,,,,,,,,,,,,,,0.05060519273798081,0.07400471120772745
B0007,281,discharge,24.0,2008-05-06 16:23:36,,3094.328,3.5125204100391962,,-1.9051068520548522,,,32.41813169746276,40.88269125311642,82.0,1.615823510161921,0.8079117550809605,2.0912297625621297,,
B0007,282,impedance,24.0,2008-05-06 17:16:40,,,,,,,,,,,,,,0.0518898593763007,0.07337968785128729
B0007,283,charge,24.0,2008-05-06 17:48:34,85.0,10805.906,4.159943440903098,4.21461504007756,0.5735566316606672,0.5776187208700155,3.8708871051268767,25.67656084340354,29.537310773703567,,,,,,
B0007,284,impedance,24.0,2008-05-06 20:49:54,,,,,,,,,,,,,,0.05513227508897388,0.07463188429536609
B0007,285,discharge,24.0,2008-05-06 21:21:49,,3086.531,3.5151454557578807,,-1.9049079394753692,,,32.64044972789331,40.856332202254556,83.0,1.61672418029789,0.808362090148945,2.1663009505205935,,
B0007,286,impedance,24.0,2008-05-06 22:14:45,,,,,,,,,,,,,,0.05314810765507648,0.07419785919197229
B0007,287,charge,24.0,2008-05-06 22:46:40,86.0,10655.937000000005,4.159692060850637,4.214731729762176,0.5801903405112744,0.5841019968470836,3.9366269048870204,25.62368416476886,29.488543232595912,,,,,,
B0007,288,impedance,24.0,2008-05-07 01:45:30,,,,,,,,,,,,,,0.052122387063300676,0.07530335771038864
B0007,289,discharge,24.0,2008-05-07 02:17:25,,3085.625,3.513443179473182,,-1.898761620917719,,,32.56399373078006,40.778024611598504,84.0,1.6108655863730026,0.8054327931865013,2.1843637809529235,,
B0007,290,impedance,24.0,2008-05-07 03:10:20,,,,,,,,,,,,,,0.051886743475727706,0.07331681215513984
B0007,291,charge,24.0,2008-05-07 03:42:15,87.0,10117.172,4.157997794537938,4.214640908593128,0.6100629362631118,0.6139666204602162,4.178019683947879,25.554462099423464,29.344957303409892,,,,,,
B0007,292,impedance,24.0,2008-05-07 06:32:06,,,,,,,,,,,,,,0.05077571807567494,0.07496378520798935
B0007,293,discharge,24.0,2008-05-07 07:04:02,,3067.203,3.5097089402574535,,-1.90433828068926,,,32.28305350922276,40.5829305350897,85.0,1.6006603374309376,0.8003301687154688,2.113995772639173,,
B0007,294,impedance,24.0,2008-05-07 07:56:39,,,,,,,,,,,,,,0.05127880020286333,0.07413404629394856
B0007,295,charge,24.0,2008-05-07 08:28:34,88.0,10805.86,4.161882420497646,4.2146284359111865,0.5677156704779872,0.5714099299974075,3.900590095929479,25.086777788456857,28.997287486309055,,,,,,
B0007,296,impedance,24.0,2008-05-07 11:29:54,,,,,,,,,,,,,,0.05126724930337932,0.07541159661766002
B0007,297,discharge,24.0,2008-05-07 12:01:49,,3058.157,3.5042771471756997,,-1.904192698545851,,,32.06065237439007,40.6345689985191,86.0,1.5959174487005663,0.7979587243502831,2.0287779476202195,,
B0007,298,impedance,24.0,2008-05-07 12:54:18,,,,,,,,,,,,,,0.05162074784919272,0.07456760686704336
B0007,299,charge,24.0,2008-05-07 13:26:13,89.0,10806.328,4.162474734978786,4.214711732650793,0.5662162384023229,0.5700752916774695,3.902082188229193,25.056441260108773,28.942764795322784,,,,,,
B0007,300,impedance,24.0,2008-05-07 16:27:34,,,,,,,,,,,,,,0.051355678502895456,0.0749649652243977
B0007,301,discharge,24.0,2008-05-07 16:59:29,,3058.812,3.509207943122176,,-1.8982712229514884,,,32.365261126964526,40.75070125010339,87.0,1.5962179519462243,0.7981089759731121,2.1948906641943635,,
B0007,302,impedance,24.0,2008-05-07 17:51:59,,,,,,,,,,,,,,0.05218773955758448,0.0730264613396324
B0007,303,charge,24.0,2008-05-07 18:23:54,90.0,10744.828,4.162064680444332,4.214650058526536,0.567810278444246,0.5715877119749545,3.905472475867466,25.564533976059447,29.435653039427557,,,,,,
B0007,304,impedance,24.0,2008-05-07 21:24:14,,,,,,,,,,,,,,0.05194895745860293,0.07469906780400354
B0007,305,discharge,24.0,2008-05-07 21:56:09,,3058.578,3.5095064920492853,,-1.8977934870545983,,,32.68851871366292,41.0672419235651,88.0,1.5958065114633972,0.7979032557316986,2.1621122251410005,,
B0007,306,impedance,24.0,2008-05-07 22:48:38,,,,,,,,,,,,,,0.051323546192023374,0.07394056507406407
B0007,307,charge,24.0,2008-05-07 23:20:34,91.0,10804.797000000006,4.162110677449121,4.214607868406527,0.5646348152196095,0.5684276783398184,3.8905901426718543,25.71603687619593,29.629351330078233,,,,,,
B0007,308,impedance,24.0,2008-05-08 02:21:54,,,,,,,,,,,,,,0.05128667477654547,0.07539484013414438
B0007,309,discharge,24.0,2008-05-08 02:53:49,,3049.328,3.505203266169396,,-1.9036436467205253,,,32.747733642524246,41.40590880756584,89.0,1.5906507821480704,0.7953253910740352,2.0092802451741245,,
B0007,310,impedance,24.0,2008-05-08 03:46:09,,,,,,,,,,,,,,0.052841857026562786,0.07385806546031527
B0007,311,impedance,24.0,2008-05-09 11:53:10,,,,,,,,,,,,,,0.05502813794451862,0.07705920199069437
B0007,312,discharge,24.0,2008-05-09 12:25:07,,3177.219,3.5281182345919753,,-1.936992342648715,,,32.50500516961017,41.01558674901627,90.0,1.6888211161855506,0.8444105580927753,2.144268362237989,,
B0007,313,impedance,24.0,2008-05-09 13:19:35,,,,,,,,,,,,,,0.05527266157182866,0.07666481641775076
B0007,314,charge,24.0,2008-05-09 17:26:51,92.0,10802.578,4.16124700040263,4.214646441245995,0.5728250416510824,0.5772107975142414,3.8407395132055924,25.616278552522115,29.492381619864656,,,,,,
B0007,315,discharge,24.0,2008-05-09 20:28:09,,3082.937,3.519590928396835,,-1.9233409193548265,,,32.91993878980996,41.31851435911838,91.0,1.6259938279733204,0.8129969139866602,2.0962813773920193,,
B0007,316,impedance,24.0,2008-05-09 21:21:03,,,,,,,,,,,,,,0.05378413050825462,0.07630704682775627
B0007,317,charge,24.0,2008-05-09 21:53:00,93.0,10544.452999999994,4.157403064239153,4.214634163331606,0.5912602816785927,0.595402120328651,3.9313623111582294,26.192445895478503,30.056355404654543,,,,,,
B0007,318,impedance,24.0,2008-05-10 00:49:59,,,,,,,,,,,,,,0.05324102311684918,0.07558335014316388
B0007,319,discharge,24.0,2008-05-10 01:21:56,,3074.266,3.5146260368096875,,-1.916884219356136,,,32.948305858317944,41.4002950560853,92.0,1.6157433862812898,0.8078716931406449,2.0376560852489356,,
B0007,320,impedance,24.0,2008-05-10 02:14:42,,,,,,,,,,,,,,0.05478650507622205,0.07743191172663344
B0007,321,charge,24.0,2008-05-10 02:46:38,94.0,10701.125,4.159130474098866,4.214633287059249,0.5784386636466524,0.5824674157303372,3.8747282466684085,25.99244956080433,29.9217154585725,,,,,,
B0007,322,impedance,24.0,2008-05-10 05:46:15,,,,,,,,,,,,,,0.05273469991494585,0.07574262774043826
B0007,323,discharge,24.0,2008-05-10 06:18:12,,3066.0,3.5115494818370454,,-1.910472150518363,,,32.76906651915661,41.2508092329952,93.0,1.6056626764846538,0.8028313382423269,2.050265845971926,,
B0007,324,impedance,24.0,2008-05-10 07:10:49,,,,,,,,,,,,,,0.05427689977479273,0.07517125637103751
B0007,325,charge,24.0,2008-05-10 07:42:46,95.0,10805.813,4.160505352231573,4.214655908274801,0.5688224055990168,0.572920781573499,3.829368530020703,25.7378775367257,29.685947006810565,,,,,,
B0007,326,impedance,24.0,2008-05-10 10:44:07,,,,,,,,,,,,,,0.054101669766115246,0.07605862048749032
B0007,327,discharge,24.0,2008-05-10 11:16:04,,3056.437,3.510769869032659,,-1.904277326283454,,,32.59734424608833,40.95362783962595,94.0,1.5949746921524348,0.7974873460762174,2.1421639870693685,,
B0007,328,impedance,24.0,2008-05-10 12:08:32,,,,,,,,,,,,,,0.05335555094385589,0.07624199701827614
B0007,329,charge,24.0,2008-05-10 12:40:29,96.0,10693.438,4.161111580296077,4.214734865641993,0.5717975094361378,0.5758787005501703,3.903585538380927,25.603747603389166,29.52893852325117,,,,,,
B0007,330,impedance,24.0,2008-05-10 15:39:59,,,,,,,,,,,,,,0.053379437619037746,0.0768769249386572
B0007,331,discharge,24.0,2008-05-10 16:11:56,,3048.219,3.50804494279531,,-1.904002494100001,,,32.52349894408369,40.989022190981714,95.0,1.5904102438871945,0.7952051219435973,2.093098662464846,,
B0007,332,impedance,24.0,2008-05-10 17:04:16,,,,,,,,,,,,,,0.05518512471358772,0.0767334331584221
B0007,333,charge,24.0,2008-05-10 17:36:13,97.0,10708.406,4.161784165329537,4.214744172995059,0.5689033167628476,0.5730559131344846,3.915232339089482,25.574680690927398,29.489260448244107,,,,,,
B0007,334,impedance,24.0,2008-05-10 20:35:57,,,,,,,,,,,,,,0.05523767045005179,0.07884381066373808
B0007,335,discharge,24.0,2008-05-10 21:07:54,,3039.218,3.507748080950393,,-1.9036546380501311,,,32.578228834731775,41.02622774121347,96.0,1.5853517062988178,0.7926758531494089,2.109503853325003,,
B0007,336,impedance,24.0,2008-05-10 22:00:05,,,,,,,,,,,,,,0.053994133680981084,0.07773988563055201
B0007,337,charge,24.0,2008-05-10 22:32:02,98.0,10805.297000000006,4.162435132005642,4.214670168995556,0.5616365499924564,0.5658029556650247,3.8615289084780917,25.62855590034613,29.555663549954055,,,,,,
B0007,338,impedance,24.0,2008-05-11 01:33:24,,,,,,,,,,,,,,0.054439338280930595,0.07785420519610012
B0007,339,discharge,24.0,2008-05-11 02:05:21,,3039.047,3.5066673521067266,,-1.8977146678452774,,,32.62728298499839,41.01371342582121,97.0,1.5799737147242376,0.7899868573621188,2.1295447836320704,,
B0007,340,impedance,24.0,2008-05-11 02:57:32,,,,,,,,,,,,,,0.055109377347250715,0.07623069832622051
B0007,341,charge,24.0,2008-05-11 03:29:30,99.0,10363.61,4.161122628619384,4.2146517893649875,0.5846780336100885,0.5888952355170547,4.042874390904169,25.704388603277437,29.573584932950624,,,,,,
B0007,342,impedance,24.0,2008-05-11 06:23:30,,,,,,,,,,,,,,0.05405487569096337,0.07821105614795815
B0007,343,discharge,24.0,2008-05-11 06:55:27,,3030.375,3.5061843921745397,,-1.8973347377958825,,,32.652115712561326,41.04923314430273,98.0,1.5752185465278068,0.7876092732639034,2.138556110583413,,
B0007,344,impedance,24.0,2008-05-11 07:47:30,,,,,,,,,,,,,,0.05479070192432567,0.0771316593546729
B0007,345,charge,24.0,2008-05-11 08:19:27,100.0,10805.094,4.163316309598824,4.214608312282589,0.5580418254115235,0.5621167531120331,3.861736773858921,25.63485128551617,29.574504883211656,,,,,,
B0007,346,impedance,24.0,2008-05-11 11:20:49,,,,,,,,,,,,,,0.05335322659418541,0.07819867312210359
B0007,347,discharge,24.0,2008-05-11 11:52:47,,3021.0,3.5051004339266254,,-1.8970045774163773,,,32.64767456395258,41.05277512550887,99.0,1.569798484648868,0.784899242324434,2.1437793669909317,,
B0007,348,impedance,24.0,2008-05-11 12:44:40,,,,,,,,,,,,,,0.05372850301976263,0.07612674604645071
B0007,349,charge,24.0,2008-05-11 13:16:38,101.0,10805.5,4.163753434252257,4.214720979959802,0.5565552914703132,0.5605823514144823,3.8759099403062542,25.6527336441731,29.59702533136257,,,,,,
B0007,350,impedance,24.0,2008-05-11 16:18:00,,,,,,,,,,,,,,0.05354779689154472,0.07799840526566774
B0007,351,discharge,24.0,2008-05-11 16:49:58,,3021.75,3.5054479186890566,,-1.8909127399289274,,,32.6993879231031,41.02092182377061,100.0,1.5702565375950357,0.7851282687975178,2.199196544880164,,
B0007,352,impedance,24.0,2008-05-11 17:41:53,,,,,,,,,,,,,,0.05342880437818603,0.07475396587125875
B0007,353,charge,24.0,2008-05-11 18:13:51,102.0,10806.844,4.164091233459148,4.214656066398112,0.5545574634930884,0.558618894368025,3.875396833636128,25.668484796650056,29.608387587301,,,,,,
B0007,354,impedance,24.0,2008-05-11 21:15:14,,,,,,,,,,,,,,0.05429631089195726,0.07755605645193993
B0007,355,discharge,24.0,2008-05-11 21:47:12,,3012.265,3.500074246846,,-1.8968789299198896,,,32.724576765133094,41.34840278359994,101.0,1.565249873909438,0.782624936954719,2.0252901014990434,,
B0007,356,impedance,24.0,2008-05-11 22:38:57,,,,,,,,,,,,,,0.05466184236291413,0.07846015850370025
B0007,357,charge,24.0,2008-05-11 23:10:55,103.0,10367.906000000003,4.162630452592037,4.214792569529256,0.5787017238749383,0.5827789274106177,4.057928223185265,25.74432548238452,29.610572699408394,,,,,,
B0007,358,impedance,24.0,2008-05-12 02:05:00,,,,,,,,,,,,,,0.054140507846383475,0.07849103991881125
B0007,359,discharge,24.0,2008-05-12 02:36:58,,3002.641,3.5011647157526498,,-1.8964710309338209,,,32.70434030242972,41.23753665797544,102.0,1.559633933561147,0.7798169667805736,2.0874226328484515,,
B0007,360,impedance,24.0,2008-05-12 03:28:34,,,,,,,,,,,,,,0.053882401638940244,0.0774785569851945
B0007,361,charge,24.0,2008-05-12 04:00:32,104.0,10806.719,4.164844499586838,4.214652953232849,0.552443348784874,0.5564474039460021,3.889680944963655,25.633915030387637,29.581957944882603,,,,,,
B0007,362,impedance,24.0,2008-05-12 12:24:36,,,,,,,,,,,,,,0.05497736185369785,0.07863873360391814
B0007,363,discharge,24.0,2008-05-12 12:56:34,,3012.0,3.500407285435189,,-1.8967768141795405,,,32.74051962267582,41.21700308433066,103.0,1.5649820533392105,0.7824910266696052,2.0863200514042264,,
B0007,364,impedance,24.0,2008-05-12 13:48:19,,,,,,,,,,,,,,0.05427616393971161,0.07537775917996459
B0007,365,charge,24.0,2008-05-12 16:11:11,105.0,10043.172,4.162361800436451,4.214725432157408,0.5981192428393753,0.6027068550643537,4.201458310016787,26.086357315160182,29.869815946124863,,,,,,
B0007,366,discharge,24.0,2008-05-12 18:59:59,,3020.11,3.507816455272743,,-1.9031485600103595,,,33.38712825139849,41.89753189273277,104.0,1.57497949984227,0.787489749921135,2.0588247910323827,,
B0007,367,impedance,24.0,2008-05-12 19:51:52,,,,,,,,,,,,,,0.05377474963866314,0.07616309255239219
B0007,368,charge,24.0,2008-05-12 20:23:51,106.0,10569.812,4.162074459333904,4.214702509937045,0.5709027757167792,0.5751207902413153,3.97101378944577,26.36503424612251,30.28624835971873,,,,,,
B0007,369,impedance,24.0,2008-05-12 23:21:19,,,,,,,,,,,,,,0.054523978157317556,0.0781727897082057
B0007,370,discharge,24.0,2008-05-12 23:53:17,,3002.172000000006,3.5025243992110107,,-1.9028574663381217,,,33.270627344923426,41.90270996402953,105.0,1.5652811168780458,0.7826405584390229,2.007722684403967,,
B0007,371,impedance,24.0,2008-05-13 00:44:53,,,,,,,,,,,,,,0.0531805398246686,0.07546214094908074
B0007,372,charge,24.0,2008-05-13 01:16:51,107.0,9917.203,4.160213369745536,4.21478424347132,0.6055173410823118,0.6097359671481167,4.222118380062305,26.295278993185978,30.11536638731283,,,,,,
B0007,373,impedance,24.0,2008-05-13 04:03:26,,,,,,,,,,,,,,0.05441238770330601,0.07816806645061
B0007,374,discharge,24.0,2008-05-13 04:35:25,,2992.703,3.505155823274424,,-1.8963219640753084,,,33.115074143665915,41.48233804274523,106.0,1.559755497470126,0.779877748735063,2.190682586389996,,
B0007,375,impedance,24.0,2008-05-13 05:26:51,,,,,,,,,,,,,,0.05409518971933728,0.07684363196174843
B0007,376,charge,24.0,2008-05-13 05:58:50,108.0,10317.406,4.1627693488989195,4.214954620222875,0.57269340675655,0.5768029491341993,3.9245059523809522,26.019053861613617,29.940843049405782,,,,,,
B0007,377,impedance,24.0,2008-05-13 08:52:05,,,,,,,,,,,,,,0.05451219205855288,0.07651054614613173
B0007,378,discharge,24.0,2008-05-13 09:24:04,,2964.468,3.4983646475135717,,-1.908430732943726,,,32.90572814040102,41.641162265997195,107.0,1.549897685670499,0.7749488428352495,2.008435320437976,,
B0007,379,impedance,24.0,2008-05-13 10:15:02,,,,,,,,,,,,,,0.056164422063534065,0.07769932463139873
B0007,380,charge,24.0,2008-05-13 10:47:01,109.0,10806.109,4.165255711471095,4.214615041399025,0.5496004964633577,0.5535975071410023,3.889544533887302,25.806756459289247,29.783065327576665,,,,,,
B0007,381,impedance,24.0,2008-05-13 13:48:25,,,,,,,,,,,,,,0.052351911552094406,0.0772564945442686
B0007,382,discharge,24.0,2008-05-13 14:20:24,,2983.375,3.500140843862167,,-1.889754408573026,,,32.953112654161664,41.433877603827945,108.0,1.5438771531345021,0.7719385765672511,2.1646360641399958,,
B0007,383,impedance,24.0,2008-05-13 15:11:42,,,,,,,,,,,,,,0.05561672295492655,0.07570816049932046
B0007,384,charge,24.0,2008-05-13 15:43:41,110.0,10041.921,4.162797199607679,4.214879556531111,0.5890634205311576,0.593625307950728,4.18233790593505,26.09212236076689,29.877944013477087,,,,,,
B0007,385,impedance,24.0,2008-05-13 18:32:21,,,,,,,,,,,,,,0.055582769847162185,0.07723477152073635
B0007,386,discharge,24.0,2008-05-13 19:04:20,,2975.297,3.49909547013937,,-1.8959167588975119,,,33.2282109237263,41.8543569979417,109.0,1.5450187488690073,0.7725093744345036,2.0647427536919833,,
B0007,387,impedance,24.0,2008-05-13 19:55:29,,,,,,,,,,,,,,0.054893315578426714,0.0784417847890159
B0007,388,charge,24.0,2008-05-13 20:27:29,111.0,10719.281,4.165298218363235,4.214640660350812,0.5509421000516213,0.5550902407116693,3.915549712192569,26.277216685610473,30.19701485838157,,,,,,
B0007,389,impedance,24.0,2008-05-13 23:27:26,,,,,,,,,,,,,,0.05474089300471066,0.07901841555586095
B0007,390,discharge,24.0,2008-05-13 23:59:26,,2974.9850000000006,3.5010357611640615,,-1.889387844169526,,,33.361342590516294,41.78271326384125,110.0,1.5445940154102908,0.7722970077051454,2.170172617792397,,
B0007,391,impedance,24.0,2008-05-14 00:50:35,,,,,,,,,,,,,,0.05559975704161817,0.07623453799616979
B0007,392,charge,24.0,2008-05-14 01:22:34,112.0,10804.719,4.165982566818228,4.214580333704422,0.5447626668883798,0.5488238961038961,3.8824890909090906,26.15850923293319,30.16491960110753,,,,,,
B0007,393,impedance,24.0,2008-05-14 04:23:57,,,,,,,,,,,,,,0.055237233438058246,0.0799393133533925
B0007,394,discharge,24.0,2008-05-14 04:55:57,,2966.25,3.497212315865497,,-1.8889185963670394,,,33.12431679486816,41.62744766181303,111.0,1.5343086721758876,0.7671543360879438,2.120750718982474,,
B0007,395,impedance,24.0,2008-05-14 05:46:58,,,,,,,,,,,,,,0.05396274243560972,0.07868889028954579
B0007,396,charge,24.0,2008-05-14 06:18:57,113.0,10805.687,4.166560676451064,4.214688734910135,0.5426963486339283,0.5467847972972973,3.871905405405405,25.828357624929552,29.80917785848533,,,,,,
B0007,397,impedance,24.0,2008-05-14 09:20:22,,,,,,,,,,,,,,0.0572653476857599,0.07942312226110386
B0007,398,discharge,24.0,2008-05-14 09:52:22,,2956.359,3.496089957852059,,-1.8885071150010755,,,32.991553593266204,41.552128441464966,112.0,1.5287603942958483,0.7643801971479242,2.13627215665258,,
B0007,399,impedance,24.0,2008-05-14 10:43:12,,,,,,,,,,,,,,0.0541146320474673,0.07612960917607249
B0007,400,charge,24.0,2008-05-14 11:15:12,114.0,10011.406,4.163872052915668,4.214625841394862,0.5856467502792922,0.5900473432667979,4.217564520663481,26.095617992004808,29.89283012850155,,,,,,
B0007,401,impedance,24.0,2008-05-14 14:03:22,,,,,,,,,,,,,,0.05107064795051435,0.07876484726875482
B0007,402,discharge,24.0,2008-05-14 14:35:22,,2956.344,3.495877119417779,,-1.8888180820733198,,,33.2318318845246,41.839167194182565,113.0,1.5289260249179843,0.7644630124589922,2.0938572364769055,,
B0007,403,impedance,24.0,2008-05-14 15:26:13,,,,,,,,,,,,,,0.05245305255719061,0.07836888342427649
B0007,404,charge,24.0,2008-05-14 15:58:13,115.0,10806.625,4.166950763269816,4.214612424103626,0.5402864951047418,0.5446012210963888,3.8834806443232,26.247673777602802,30.164464056505928,,,,,,
B0007,405,impedance,24.0,2008-05-14 18:59:38,,,,,,,,,,,,,,0.05508857873132331,0.07806701171840846
B0007,406,discharge,24.0,2008-05-14 19:31:39,,2956.406,3.493116071455022,,-1.8887930414931369,,,33.5098123920945,42.23998716092915,114.0,1.529091650133123,0.7645458250665615,1.9959465760122976,,
B0007,407,impedance,24.0,2008-05-14 20:22:30,,,,,,,,,,,,,,0.053291029799270764,0.07774180078331032
B0007,408,charge,24.0,2008-05-14 20:54:30,116.0,10805.563,4.1667553061663325,4.214667908011257,0.5408526939341504,0.5449255523784767,3.874364439823239,26.33793086974434,30.30672706771009,,,,,,
B0007,409,impedance,24.0,2008-05-14 23:55:55,,,,,,,,,,,,,,0.055778574185470456,0.07824269800333249
B0007,410,discharge,24.0,2008-05-15 00:27:55,,2947.266,3.492655946458748,,-1.888168080257056,,,33.382402850667845,42.040902384977116,115.0,1.5239059324661248,0.7619529662330624,2.0305769860653866,,
B0007,411,impedance,24.0,2008-05-15 01:18:37,,,,,,,,,,,,,,0.05374267950314573,0.07767030600334027
B0007,412,charge,24.0,2008-05-15 01:50:38,117.0,10807.219,4.167406043259077,4.214569582582126,0.5393305737547829,0.5433233489339575,3.9039466978679145,26.124984681348387,30.109069799343242,,,,,,
B0007,413,impedance,24.0,2008-05-15 04:52:04,,,,,,,,,,,,,,0.058454793092531966,0.07808837738558039
B0007,414,discharge,24.0,2008-05-15 05:24:04,,2937.984,3.49208824531703,,-1.887904907597145,,,33.17829959346276,41.803429062834496,116.0,1.5186675419100615,0.7593337709550307,2.0758803797636745,,
B0007,415,impedance,24.0,2008-05-15 06:14:38,,,,,,,,,,,,,,0.05464489394226865,0.07820049396409737
B0007,416,charge,24.0,2008-05-15 06:46:38,118.0,10805.547,4.167984383816882,4.214620581299379,0.5374065640988215,0.5412987509758002,3.8968030184751496,25.852136896684545,29.88284075789973,,,,,,
B0007,417,impedance,24.0,2008-05-15 09:48:03,,,,,,,,,,,,,,0.05487289835073646,0.08114313792394433
B0007,418,discharge,24.0,2008-05-15 10:20:03,,2929.125,3.490216477408044,,-1.8877303662432205,,,33.01591345323486,41.6886924602386,117.0,1.5136482266426952,0.7568241133213476,2.0793549048242492,,
B0007,419,impedance,24.0,2008-05-15 11:10:28,,,,,,,,,,,,,,0.05828419298726298,0.07844622962445755
B0007,420,charge,24.0,2008-05-15 11:42:28,119.0,10510.453,4.1674360130407715,4.214627867929713,0.5513854072140381,0.5556153413654618,4.030479785809906,25.97324099771749,29.8612751603721,,,,,,
B0007,421,impedance,24.0,2008-05-15 14:38:58,,,,,,,,,,,,,,0.0568991758337347,0.07887220766486298
B0007,422,discharge,24.0,2008-05-15 15:10:59,,2928.454,3.4905931958620466,,-1.8878077163294114,,,33.271000362987586,41.988171601182124,118.0,1.5136050185229033,0.7568025092614517,2.0585109366080414,,
B0007,423,impedance,24.0,2008-05-15 16:01:23,,,,,,,,,,,,,,0.05428987712099985,0.07797181026914603
B0007,424,charge,24.0,2008-05-15 16:33:24,120.0,10202.781,4.166129848167657,4.214638929315727,0.5682752595293801,0.5725625069022641,4.161532302595251,26.37673825663932,30.190535444314815,,,,,,
B0007,425,impedance,24.0,2008-05-15 19:24:46,,,,,,,,,,,,,,0.05574285095910161,0.08005685613579032
B0007,426,discharge,24.0,2008-05-15 19:56:47,,2929.375,3.4911419366203664,,-1.887674933393443,,,33.61966967517867,42.33252236723314,119.0,1.5139470614867965,0.7569735307433982,2.0253107306977376,,
B0007,427,impedance,24.0,2008-05-15 20:47:12,,,,,,,,,,,,,,0.056765631832907296,0.0783665633777987
B0007,428,charge,24.0,2008-05-15 21:19:13,121.0,10140.858999999997,4.165590685660384,4.2146547086355275,0.5718096460403833,0.5757691837867851,4.153440866185452,26.649421931226808,30.51470759808182,,,,,,
B0007,429,impedance,24.0,2008-05-16 00:09:33,,,,,,,,,,,,,,0.05446434802277253,0.07791983537472322
B0007,430,discharge,24.0,2008-05-16 16:54:59,,2946.031,3.49283645226053,,-1.901022727285377,,,33.29697162630193,41.63553796804361,120.0,1.5339599193158786,0.7669799596579393,2.0069579017420067,,
B0007,431,charge,24.0,2008-05-16 18:43:58,122.0,10340.672,4.165235787565802,4.214695718376011,0.5705163411451948,0.5746382001087549,4.09368569874932,26.383044651599388,30.118986881967757,,,,,,
B0007,432,discharge,24.0,2008-05-16 21:37:39,,2955.438,3.5025157522808223,,-1.8951144121477894,,,33.393130865360554,41.470498076928735,121.0,1.5391372798653098,0.7695686399326549,2.19792648712031,,
B0007,433,impedance,24.0,2008-05-16 22:28:31,,,,,,,,,,,,,,0.05968120820514389,0.07951493628212278
B0007,434,charge,24.0,2008-05-16 23:00:32,123.0,10700.062999999995,4.165908079107956,4.214668177679377,0.5479456472951081,0.5517292311729206,3.922540278142219,26.395185471876317,30.279995940987064,,,,,,
B0007,435,impedance,24.0,2008-05-17 02:00:12,,,,,,,,,,,,,,0.05604258367132115,0.07991327205972212
B0007,436,discharge,24.0,2008-05-17 02:32:13,,2937.625,3.492953565598811,,-1.8941478117057606,,,33.13820710362847,41.54038193238441,122.0,1.5236247972838737,0.7618123986419368,2.0299415196572554,,
B0007,437,impedance,24.0,2008-05-17 03:22:47,,,,,,,,,,,,,,0.057541452922451095,0.08149127802203272
B0007,438,charge,24.0,2008-05-17 03:54:49,124.0,10628.938,4.166720223625047,4.214593660188518,0.5484980695147647,0.5521908778424115,3.9610023796932836,25.994181141235586,29.884417292240713,,,,,,
B0007,439,impedance,24.0,2008-05-17 06:53:18,,,,,,,,,,,,,,0.05719697967170129,0.08185319457580625
B0007,440,discharge,24.0,2008-05-17 07:25:19,,2929.078,3.4917462636517236,,-1.8875042014728922,,,32.84069778843796,41.13947017697289,123.0,1.5135813035589147,0.7567906517794574,2.1171503915767786,,
B0007,441,impedance,24.0,2008-05-17 08:15:45,,,,,,,,,,,,,,0.056906824959249674,0.0800043038139232
B0007,442,charge,24.0,2008-05-17 08:47:46,125.0,10807.109,4.168345111839039,4.214655341587215,0.535915350798397,0.5396730158730159,3.916415820973198,25.74488779237481,29.63090988603296,,,,,,
B0007,443,impedance,24.0,2008-05-17 11:49:14,,,,,,,,,,,,,,0.05533954029001459,0.08086669055606474
B0007,444,discharge,24.0,2008-05-17 12:21:15,,2918.375,3.490432264232956,,-1.8871434043422721,,,32.75739655594484,41.09041922644824,124.0,1.5077850749847914,0.7538925374923957,2.1309899052747716,,
B0007,445,impedance,24.0,2008-05-17 13:11:30,,,,,,,,,,,,,,0.05670268214391647,0.08127758920341213
B0007,446,charge,24.0,2008-05-17 13:43:32,126.0,10722.515,4.168592130149556,4.214784966178019,0.5379933087567587,0.5417258724744163,3.9516801364471266,25.71873647224021,29.598129752060995,,,,,,
B0007,447,impedance,24.0,2008-05-17 16:43:35,,,,,,,,,,,,,,0.057050602535577005,0.08153840356165401
B0007,448,discharge,24.0,2008-05-17 17:15:37,,2919.812,3.488861416967918,,-1.8807630082774924,,,32.77234087259374,41.10034021580957,125.0,1.5031960676037333,0.7515980338018666,2.1294318317485654,,
B0007,449,impedance,24.0,2008-05-17 18:05:53,,,,,,,,,,,,,,0.05753505401536875,0.07713077542429995
B0007,450,charge,24.0,2008-05-17 18:37:55,127.0,10772.969,4.169233311039406,4.214636124334508,0.5329945667470827,0.5367131524008351,3.9290788100208767,25.673994611790967,29.564284108505642,,,,,,
B0007,451,impedance,24.0,2008-05-17 21:38:49,,,,,,,,,,,,,,0.0577616170406075,0.0820660023586674
B0007,452,discharge,24.0,2008-05-17 22:10:51,,2900.422,3.4891932104785104,,-1.886419275237733,,,32.720417557744895,41.03075447325996,126.0,1.4978220596995881,0.7489110298497941,2.164511453629433,,
B0007,453,impedance,24.0,2008-05-17 23:00:48,,,,,,,,,,,,,,0.057686948907810176,0.08022088362573354
B0007,454,charge,24.0,2008-05-17 23:32:50,128.0,10745.718999999997,4.169409262891975,4.21459392347149,0.5327984749938566,0.5364706544502618,3.9117628272251306,25.676415041989998,29.569686993063936,,,,,,
B0007,455,impedance,24.0,2008-05-18 02:33:17,,,,,,,,,,,,,,0.057585488535843915,0.08293347770359485
B0007,456,discharge,24.0,2008-05-18 03:05:19,,2901.375,3.4878785713375917,,-1.8800039366336023,,,32.710022803073514,40.99688397371006,127.0,1.492848534633516,0.746424267316758,2.1743012710834013,,
B0007,457,impedance,24.0,2008-05-18 03:55:17,,,,,,,,,,,,,,0.05770347788466892,0.08126925834885164
B0007,458,charge,24.0,2008-05-18 04:27:19,129.0,10807.094,4.169972718454648,4.214655620893534,0.5280307381775012,0.5316318146316065,3.890901588128091,25.56512774573633,29.477071860791316,,,,,,
B0007,459,impedance,24.0,2008-05-18 07:28:48,,,,,,,,,,,,,,0.05670666348649182,0.08268806521788226
B0007,460,discharge,24.0,2008-05-18 08:00:50,,2901.187,3.486430546073901,,-1.8733366537372407,,,32.62076759783716,40.88481342461614,128.0,1.492414389867026,0.746207194933513,2.1928976284966537,,
B0007,461,impedance,24.0,2008-05-18 08:50:48,,,,,,,,,,,,,,0.05723155595298293,0.0826950250965445
B0007,462,charge,24.0,2008-05-18 09:22:51,130.0,10113.641,4.168125294398354,4.214617519145497,0.5636670026872931,0.5673488981868898,4.164616457461645,25.559920462706533,29.374914905673503,,,,,,
B0007,463,impedance,24.0,2008-05-18 12:12:46,,,,,,,,,,,,,,0.05871571908588068,0.08294174003043774
B0007,464,discharge,24.0,2008-05-18 12:44:48,,2891.64,3.4812572775226682,,-1.879702248133121,,,32.57651826255201,41.09400879501426,129.0,1.487482776538081,0.7437413882690405,2.0298495899147295,,
B0007,465,impedance,24.0,2008-05-18 13:34:37,,,,,,,,,,,,,,0.05786085013264919,0.08079562408415836
B0007,466,charge,24.0,2008-05-18 14:06:39,131.0,10585.812,4.170055075501605,4.214819217519119,0.5369712503220357,0.5406045986177566,3.9958878256246675,25.488875323515025,29.358312360503618,,,,,,
B0007,467,impedance,24.0,2008-05-18 17:04:27,,,,,,,,,,,,,,0.057109751399146834,0.08239034528661737
B0007,468,discharge,24.0,2008-05-18 17:36:29,,2882.906,3.4823550791204023,,-1.8790751470067306,,,32.58396494906228,41.01377835587309,130.0,1.482535148640411,0.7412675743202055,2.0959492247836815,,
B0007,469,impedance,24.0,2008-05-18 18:26:10,,,,,,,,,,,,,,0.057511140154939196,0.08182855408185172
B0007,470,charge,24.0,2008-05-18 18:58:12,132.0,10806.562,4.170980328996168,4.214598142669415,0.5244500117849293,0.5281326817826427,3.9112838154808447,25.487686966812053,29.383571730227782,,,,,,
B0007,471,impedance,24.0,2008-05-18 21:59:40,,,,,,,,,,,,,,0.05701776890792207,0.0816566640960627
B0007,472,discharge,24.0,2008-05-18 22:31:45,,2883.265,3.4835074286280525,,-1.8728728303565048,,,32.623742674615976,40.90635248178393,131.0,1.4827874322228984,0.7413937161114492,2.177723491219515,,
B0007,473,impedance,24.0,2008-05-18 23:21:28,,,,,,,,,,,,,,0.05818081028754896,0.08248706088939217
B0007,474,charge,24.0,2008-05-18 23:53:33,133.0,10805.281000000003,4.171423760789058,4.2146348248502346,0.5228745271775046,0.5265150234741784,3.927075899843505,25.448935623731767,29.380641256719517,,,,,,
B0007,475,impedance,24.0,2008-05-19 02:55:02,,,,,,,,,,,,,,0.05771468674207234,0.08397428323884612
B0007,476,discharge,24.0,2008-05-19 03:27:07,,2882.969,3.478976541530706,,-1.8726786421400121,,,32.58599202496769,41.06596192416311,132.0,1.476971179775059,0.7384855898875295,2.056251340337525,,
B0007,477,impedance,24.0,2008-05-19 04:16:50,,,,,,,,,,,,,,0.057554341890008825,0.08219829115379546
B0007,478,charge,24.0,2008-05-19 04:48:55,134.0,10733.391,4.1713108733450905,4.214579375370762,0.5258455798836628,0.5294017069327731,3.9293466386554625,25.401218153058803,29.307071169348962,,,,,,
B0007,479,impedance,24.0,2008-05-19 07:49:12,,,,,,,,,,,,,,0.0568683507839505,0.08373541370295104
B0007,480,discharge,24.0,2008-05-19 15:34:33,,2891.656,3.483501191305966,,-1.872734820116884,,,32.864544723781215,40.84520330629611,133.0,1.4819015554137276,0.7409507777068638,2.1512510632923165,,
B0007,481,charge,24.0,2008-05-19 17:58:12,135.0,10805.547,4.1721850943029075,4.214632397666789,0.5265611001877474,0.5300108213820078,3.9759747066492825,25.892291164391303,29.669057228550887,,,,,,
B0007,482,discharge,24.0,2008-05-19 20:59:48,,2901.25,3.4899701994096612,,-1.8800362373714223,,,33.079651096902374,41.12807910254104,134.0,1.4981366198874824,0.7490683099437412,2.1693699073642034,,
B0007,483,charge,24.0,2008-05-19 22:08:37,136.0,10751.266000000003,4.168170344859338,4.214691285585271,0.5310122697991213,0.5344813023012552,3.897048117154811,26.195166662980835,30.05088773324804,,,,,,
B0007,484,discharge,24.0,2008-05-20 01:16:42,,2891.703,3.484801138956006,,-1.8730214281226414,,,32.932141650182686,41.094988453128494,135.0,1.4820775214392872,0.7410387607196436,2.116759239247948,,
B0007,485,impedance,24.0,2008-05-20 02:06:32,,,,,,,,,,,,,,0.06009510252454094,0.07958025942701291
B0007,486,charge,24.0,2008-05-20 02:38:35,137.0,10805.625,4.170885773793107,4.2146912830068315,0.5247779670071384,0.528069775924961,3.919915320479416,25.775432615050974,29.64944323132459,,,,,,
B0007,487,impedance,24.0,2008-05-20 05:40:03,,,,,,,,,,,,,,0.0546567857524269,0.08196905646669346
B0007,488,discharge,24.0,2008-05-20 06:12:06,,2883.016,3.47835437960934,,-1.8725486136074456,,,32.755748003791545,41.11877573165318,136.0,1.4771155312812152,0.7385577656406076,2.009424225590032,,
B0007,489,impedance,24.0,2008-05-20 07:01:47,,,,,,,,,,,,,,0.05600939306983416,0.08238368438591265
B0007,490,charge,24.0,2008-05-20 07:33:50,138.0,10806.672,4.171489343593048,4.2145829400294605,0.5227942136156173,0.5259681533646323,3.912153364632237,25.502094661985332,29.390818858325176,,,,,,
B0007,491,impedance,24.0,2008-05-20 10:35:19,,,,,,,,,,,,,,0.05855396288691582,0.0817127037862085
B0007,492,discharge,24.0,2008-05-20 11:07:23,,2873.453,3.475694933923807,,-1.8724613181992062,,,32.52965474617847,40.980034990626955,137.0,1.4720772783056488,0.7360386391528244,2.0034792344341588,,
B0007,493,impedance,24.0,2008-05-20 11:56:55,,,,,,,,,,,,,,0.05716927145517217,0.08220383699971687
B0007,494,charge,24.0,2008-05-20 12:28:58,139.0,10502.453,4.1709391437180825,4.2146670379589235,0.536327403771149,0.5397632483221477,4.0270963758389255,25.633883413252562,29.386940749297114,,,,,,
B0007,495,impedance,24.0,2008-05-20 15:25:23,,,,,,,,,,,,,,0.058279853382820955,0.08282201995515953
B0007,496,discharge,24.0,2008-05-20 15:57:27,,2874.031,3.481431873453954,,-1.8659419458758726,,,32.848065199041,41.017509953482886,138.0,1.472248013656454,0.736124006828227,2.172988732474185,,
B0007,497,impedance,24.0,2008-05-20 16:46:59,,,,,,,,,,,,,,0.06391487439073515,0.08730430672192088
B0007,498,charge,24.0,2008-05-20 17:19:03,140.0,10689.219,4.1715299959864875,4.2147482589232705,0.5251077757889828,0.5286513577643027,3.9627882942262063,25.938494846858667,29.732600284223718,,,,,,
B0007,499,impedance,24.0,2008-05-20 20:18:35,,,,,,,,,,,,,,0.06554333401316845,0.08712630369162297
B0007,500,discharge,24.0,2008-05-20 20:50:39,,2874.234,3.4796060336232353,,-1.865786095147701,,,33.072327061961936,41.299420742573055,139.0,1.4670106672274665,0.7335053336137333,2.087464676179042,,
B0007,501,impedance,24.0,2008-05-20 21:40:11,,,,,,,,,,,,,,0.06305909149270444,0.08573561975109256
B0007,502,charge,24.0,2008-05-20 22:12:15,141.0,10436.453999999998,4.170738157771229,4.214695275380121,0.5382171193720412,0.5415650540540541,4.053897837837838,25.940545343617295,29.774982060233484,,,,,,
B0007,503,impedance,24.0,2008-05-21 01:07:35,,,,,,,,,,,,,,0.06343709105065118,0.08961239735080084
B0007,504,discharge,24.0,2008-05-21 01:39:38,,2864.984,3.4782258967329596,,-1.8654605849037513,,,32.85096451719535,41.105738037939375,140.0,1.4617672495335379,0.7308836247667689,2.110564313669325,,
B0007,505,impedance,24.0,2008-05-21 02:29:02,,,,,,,,,,,,,,0.06464924767693998,0.08956183369238867
B0007,506,charge,24.0,2008-05-21 03:01:06,142.0,10193.25,4.170530612676785,4.214624712705536,0.5490657293897764,0.5524054031587697,4.1324860072042116,25.680165940793994,29.490551964069194,,,,,,
B0007,507,impedance,24.0,2008-05-21 05:52:23,,,,,,,,,,,,,,0.064090710272644,0.08923128682926011
B0007,508,discharge,24.0,2008-05-21 06:24:27,,2855.093,3.4743233868367187,,-1.865134613881632,,,32.572302329954546,40.87704013237699,141.0,1.4566952670489708,0.7283476335244854,2.0724687293779813,,
B0007,509,impedance,24.0,2008-05-21 07:13:41,,,,,,,,,,,,,,0.06341897509984018,0.08798070573782549
B0007,510,charge,24.0,2008-05-21 07:45:45,143.0,10733.703,4.172971180189329,4.214658540157633,0.5190213642521984,0.5224123784494087,3.9607403416557156,25.300800520190858,29.190163881380066,,,,,,
B0007,511,impedance,24.0,2008-05-21 10:46:01,,,,,,,,,,,,,,0.0649449108692077,0.0882787478820197
B0007,512,discharge,24.0,2008-05-21 11:18:06,,2855.625,3.4737305453330443,,-1.858515986418667,,,32.450684441760906,40.730219862268235,142.0,1.451354972758956,0.725677486379478,2.1253826973270513,,
B0007,513,impedance,24.0,2008-05-21 12:07:20,,,,,,,,,,,,,,0.06404659499126542,0.08969255599053269
B0007,514,charge,24.0,2008-05-21 12:39:25,144.0,10647.812,4.173136529821085,4.214670640009291,0.5212247354397453,0.5249211446740859,3.997099894011659,25.391998291850797,29.208672053167405,,,,,,
B0007,515,impedance,24.0,2008-05-21 15:38:16,,,,,,,,,,,,,,0.06309122315038551,0.09066468210852158
B0007,516,discharge,24.0,2008-05-21 16:10:21,,2855.594,3.47481272321405,,-1.8588972649148483,,,32.7394359440147,41.03226257370644,143.0,1.451615926257375,0.7258079631286875,2.1147331324879475,,
B0007,517,impedance,24.0,2008-05-21 16:59:36,,,,,,,,,,,,,,0.06435127573332249,0.08733673232133125
B0007,518,charge,24.0,2008-05-21 17:31:40,145.0,10621.235,4.172745325894311,4.21472448455011,0.5227837242747636,0.5262198990435706,3.9843974495217855,25.6831340414972,29.453610291006044,,,,,,
B0007,519,impedance,24.0,2008-05-21 20:30:05,,,,,,,,,,,,,,0.0635675339735441,0.09036756488030863
B0007,520,discharge,24.0,2008-05-21 21:02:09,,2847.437,3.476096426841386,,-1.8581969672334215,,,32.775898242252914,40.89527781087817,144.0,1.4468161332173683,0.7234080666086842,2.1738445330859366,,
B0007,521,impedance,24.0,2008-05-21 21:51:16,,,,,,,,,,,,,,0.06591948382872609,0.08850648431782984
B0007,522,charge,24.0,2008-05-21 22:23:21,146.0,9969.577999999994,4.171047565221992,4.214610406565265,0.555883023393749,0.5592959183673469,4.24169954648526,25.622119348419083,29.4002159239623,,,,,,
B0007,523,impedance,24.0,2008-05-22 01:10:54,,,,,,,,,,,,,,0.06354297240865986,0.08993700983227765
B0007,524,discharge,24.0,2008-05-22 01:42:59,,2847.36,3.4686822529487804,,-1.8581200056254086,,,32.5817324044051,41.02491521192672,145.0,1.4467570607768785,0.7233785303884392,1.9947266977360072,,
B0007,525,impedance,24.0,2008-05-22 02:32:06,,,,,,,,,,,,,,0.0649977419450826,0.08918839817199381
B0007,526,charge,24.0,2008-05-22 03:04:11,147.0,10501.094,4.1731997912013625,4.214597262406814,0.5270829202942389,0.5304537799300512,4.048363196125908,25.24459175658463,29.113406673153683,,,,,,
B0007,527,impedance,24.0,2008-05-22 06:00:35,,,,,,,,,,,,,,0.06362757826786986,0.09244959245559134
B0007,528,discharge,24.0,2008-05-22 06:32:40,,2837.328,3.4661964701943586,,-1.8577209868352302,,,32.35021153014993,40.815968345794715,146.0,1.4413797481446793,0.7206898740723396,2.0033802121225017,,
B0007,529,impedance,24.0,2008-05-22 07:21:37,,,,,,,,,,,,,,0.0659153562053605,0.08881959919920622
B0007,530,charge,24.0,2008-05-22 07:53:42,148.0,10570.735,4.174045930624699,4.214627427143576,0.5218736168128816,0.5252585404971932,4.053703822507351,25.02365948571139,28.907801618466582,,,,,,
B0007,531,impedance,24.0,2008-05-22 10:51:17,,,,,,,,,,,,,,0.06590148740383334,0.09003267092142803
B0007,532,discharge,24.0,2008-05-22 11:23:22,,2837.281,3.468183423895935,,-1.8512458354075154,,,32.28754240914786,40.65138669632271,147.0,1.4362456252208178,0.7181228126104089,2.116470909151213,,
B0007,533,impedance,24.0,2008-05-22 12:12:19,,,,,,,,,,,,,,0.06514267045890823,0.08999845498726056
B0007,534,charge,24.0,2008-05-22 12:44:24,149.0,10804.765,4.174892211293496,4.214620092853143,0.5078516215351652,0.5115061144499609,3.9397350405016978,25.179508727208052,28.99403425065165,,,,,,
B0007,535,impedance,24.0,2008-05-22 15:45:53,,,,,,,,,,,,,,0.06434871776064219,0.09283376873093901
B0007,536,discharge,24.0,2008-05-22 16:17:58,,2838.515,3.4678606629897453,,-1.8514531972432,,,32.603239183227075,40.965385542419945,148.0,1.4368154153924828,0.7184077076962414,2.051877342511651,,
B0007,537,impedance,24.0,2008-05-22 17:06:57,,,,,,,,,,,,,,0.06518183738180343,0.09083905346760647
B0007,538,charge,24.0,2008-05-22 17:39:02,150.0,10037.5,4.172379158512296,4.214647181101116,0.5483523895533353,0.5519279030439684,4.240138105975197,25.490818359886532,29.23623523004328,,,,,,
B0007,539,impedance,24.0,2008-05-22 20:27:44,,,,,,,,,,,,,,0.06476902315692028,0.09121990458691583
B0007,540,discharge,24.0,2008-05-22 20:59:50,,2828.328,3.4662499547181245,,-1.8574211435317929,,,32.61208344144242,41.11319128215138,149.0,1.4362945145860047,0.7181472572930023,2.003221375307111,,
B0007,541,impedance,24.0,2008-05-22 21:48:39,,,,,,,,,,,,,,0.063543167392366,0.08852778068820681
B0007,542,charge,24.0,2008-05-22 22:20:44,151.0,10555.125,4.173774108358943,4.2146361817942335,0.5191813677586598,0.5228322718758363,3.95199464811346,25.427226509947285,29.260162178612,,,,,,
B0007,543,impedance,24.0,2008-05-23 11:41:10,,,,,,,,,,,,,,0.06353069093235883,0.09116725503746168
B0007,544,discharge,24.0,2008-05-23 12:13:16,,2838.265,3.462469269360201,,-1.857823928669184,,,32.26742656599958,40.78738321989129,150.0,1.4418575315878015,0.7209287657939007,1.9865974995249178,,
B0007,545,impedance,24.0,2008-05-23 13:02:15,,,,,,,,,,,,,,0.06422481176747886,0.087404820535234
B0007,546,charge,24.0,2008-05-23 17:12:57,152.0,10807.328,4.176667622988601,4.214834925217452,0.5108276673272917,0.514403559277676,4.034916252289976,25.255921086783268,28.954663869279074,,,,,,
B0007,547,discharge,24.0,2008-05-23 20:14:29,,2864.547,3.480518309485383,,-1.8658259561850365,,,32.637733704417855,40.73001188190229,151.0,1.4672063484781797,0.7336031742390898,2.1908121182442706,,
B0007,548,impedance,24.0,2008-05-23 21:03:54,,,,,,,,,,,,,,0.06415912257007907,0.09032883849831895
B0007,549,charge,24.0,2008-05-23 21:36:00,153.0,10790.062999999995,4.1723894854090275,4.2148256201936745,0.5186373641011148,0.5222827324973877,3.952506269592476,25.59348621208872,29.42943562413917,,,,,,
B0007,550,impedance,24.0,2008-05-24 00:37:15,,,,,,,,,,,,,,0.06643642479689273,0.08671624569408547
B0007,551,discharge,24.0,2008-05-24 01:09:21,,2846.39,3.4723137993738336,,-1.8647784241320742,,,32.665258715232376,40.990354594470126,152.0,1.4518640367848885,0.7259320183924443,2.033261415031626,,
B0007,552,impedance,24.0,2008-05-24 01:58:28,,,,,,,,,,,,,,0.0634542700643541,0.08768736146246846
B0007,553,charge,24.0,2008-05-24 02:30:34,154.0,10574.641,4.172439615550392,4.2146713937986995,0.5253361030002095,0.5288769066666668,4.010535733333333,25.51897802342435,29.365754863674997,,,,,,
B0007,554,impedance,24.0,2008-05-24 05:28:14,,,,,,,,,,,,,,0.06329811599005293,0.0883740485896972
B0007,555,discharge,24.0,2008-05-24 06:00:20,,2837.969,3.474362108592906,,-1.8578958465335809,,,32.502652632323915,40.62521315513875,153.0,1.4471379752748499,0.7235689876374249,2.19135439601875,,
B0007,556,impedance,24.0,2008-05-24 06:49:19,,,,,,,,,,,,,,0.06291934396330487,0.08582394976894858
B0007,557,charge,24.0,2008-05-24 07:21:25,155.0,10074.109,4.171666582599625,4.2146109514153425,0.5482928652501677,0.5518778557395454,4.202766488913836,25.42437424452934,29.18156159876141,,,,,,
B0007,558,impedance,24.0,2008-05-24 10:10:44,,,,,,,,,,,,,,0.06145601214896925,0.08889557028653669
B0007,559,discharge,24.0,2008-05-24 10:42:50,,2838.156,3.4722823212388754,,-1.8511947629213035,,,32.446842086875606,40.58944296824891,154.0,1.441790586562399,0.7208952932811995,2.1840705012733683,,
B0007,560,impedance,24.0,2008-05-24 11:31:49,,,,,,,,,,,,,,0.06237849213168391,0.08721191866822824
B0007,561,charge,24.0,2008-05-24 12:03:55,156.0,10423.047,4.173308388953154,4.214633074793416,0.5270265711463848,0.5305420054200543,4.050185094850948,25.283850691977545,29.11061940894592,,,,,,
B0007,562,impedance,24.0,2008-05-24 14:59:04,,,,,,,,,,,,,,0.06382375412452716,0.09017378045499043
B0007,563,discharge,24.0,2008-05-24 15:31:10,,2829.843,3.4701761898320465,,-1.8509042611451945,,,32.39361892904713,40.584393586876246,155.0,1.431630947911111,0.7158154739555554,2.1664368343684446,,
B0007,564,impedance,24.0,2008-05-24 16:20:01,,,,,,,,,,,,,,0.06275733239183592,0.08974609994235133
B0007,565,charge,24.0,2008-05-24 16:52:07,157.0,10534.046,4.174003023265578,4.21461935257323,0.5195386971891812,0.5230444504021449,4.006664075067024,25.219518229828754,29.06555232624057,,,,,,
B0007,566,impedance,24.0,2008-05-24 19:49:07,,,,,,,,,,,,,,0.06454679946231442,0.09024797990776603
B0007,567,discharge,24.0,2008-05-24 20:21:13,,2829.625,3.4635011119445216,,-1.850858274670624,,,32.417221778010834,40.884444140401214,156.0,1.4318084249673686,0.7159042124836843,1.987193667465448,,
B0007,568,impedance,24.0,2008-05-24 21:10:04,,,,,,,,,,,,,,0.06393487478280767,0.08892224605524425
B0007,569,charge,24.0,2008-05-24 21:42:10,158.0,10266.812000000005,4.173398722303291,4.214701956762942,0.5339761745910121,0.5375617801047121,4.141658032515845,25.266231486558603,29.04585339751556,,,,,,
B0007,570,impedance,24.0,2008-05-25 00:34:43,,,,,,,,,,,,,,0.06249691986052604,0.09115545784670619
B0007,571,discharge,24.0,2008-05-25 01:06:49,,2819.437,3.467453100453348,,-1.8504182940365097,,,32.40094040453025,40.65159637790841,157.0,1.4262562585106868,0.7131281292553434,2.1314172797434523,,
B0007,572,impedance,24.0,2008-05-25 01:55:30,,,,,,,,,,,,,,0.06265091616586904,0.08803688863240228
B0007,573,charge,24.0,2008-05-25 02:27:37,159.0,10568.109,4.1746908334356565,4.214669612650231,0.5157693405738868,0.5192486363636364,4.015840106951871,25.207190052999604,29.05618290210888,,,,,,
B0007,574,impedance,24.0,2008-05-25 05:25:11,,,,,,,,,,,,,,0.06334787344507525,0.09172637881195314
B0007,575,discharge,24.0,2008-05-25 05:57:17,,2819.579,3.4675864728547845,,-1.8436892876926974,,,32.36314241861482,40.53138082339522,158.0,1.4260877528924913,0.7130438764462457,2.188995882590831,,
B0007,576,impedance,24.0,2008-05-25 06:45:59,,,,,,,,,,,,,,0.06579302475690738,0.0902509933428324
B0007,577,charge,24.0,2008-05-25 07:18:06,160.0,10798.344,4.175753535378941,4.214658147798891,0.502595244074321,0.5060860878661088,3.932604341004183,25.097670267805956,28.98532286604206,,,,,,
B0007,578,impedance,24.0,2008-05-25 10:19:30,,,,,,,,,,,,,,0.06729379539953537,0.08877642239876088
B0007,579,discharge,24.0,2008-05-25 10:51:37,,2810.672,3.462182535852444,,-1.8498733070449755,,,32.382600705235255,40.821433488540606,159.0,1.4212633510031694,0.7106316755015847,2.0322464946417114,,
B0007,580,impedance,24.0,2008-05-25 11:40:09,,,,,,,,,,,,,,0.06430967319687048,0.09093892772715068
B0007,581,charge,24.0,2008-05-25 12:12:16,161.0,10279.047,4.1743362834626305,4.214699356594217,0.5288550946247553,0.5324748486516235,4.141124656026417,25.242481368878632,29.02814341192068,,,,,,
B0007,582,impedance,24.0,2008-05-25 15:05:01,,,,,,,,,,,,,,0.06579546046710036,0.08913718734703446
B0007,583,discharge,24.0,2008-05-25 15:37:08,,2811.485,3.465962999117946,,-1.8432877207292044,,,32.4323818014572,40.643362943412974,160.0,1.4163272748795108,0.7081636374397554,2.1695130053947387,,
B0007,584,impedance,24.0,2008-05-25 16:25:42,,,,,,,,,,,,,,0.0643176054267762,0.08965051639295069
B0007,585,charge,24.0,2008-05-25 16:57:49,162.0,10299.39,4.17450274333016,4.214609201644698,0.5256499143017735,0.5293056868131868,4.079418131868132,25.27607020296545,29.06882936597328,,,,,,
B0007,586,impedance,24.0,2008-05-25 19:50:54,,,,,,,,,,,,,,0.06706903713310808,0.08931746529758988
B0007,587,discharge,24.0,2008-05-25 20:23:04,,2802.422,3.4601727514874407,,-1.8494580225090995,,,32.48861829940489,40.97063567014205,161.0,1.4165781829175994,0.7082890914587997,1.9917978280585305,,
B0007,588,impedance,24.0,2008-05-25 21:11:31,,,,,,,,,,,,,,0.06264775576524217,0.09062764033755996
B0007,589,charge,24.0,2008-05-25 21:43:40,163.0,10543.077999999994,4.1753130763360495,4.214693374791232,0.5138542905268656,0.5173827428878154,4.02808319914117,25.27314773582078,29.11731427294074,,,,,,
B0007,590,impedance,24.0,2008-05-26 00:40:52,,,,,,,,,,,,,,0.06490942889368799,0.09075727480252856
B0007,591,discharge,24.0,2008-05-26 01:13:02,,2801.625,3.464226115253961,,-1.8426221358637018,,,32.524062377970175,40.74888323397497,162.0,1.4108401729425177,0.7054200864712589,2.1534486462617073,,
B0007,592,impedance,24.0,2008-05-26 02:01:29,,,,,,,,,,,,,,0.06409904375539072,0.09048892075072754
B0007,593,charge,24.0,2008-05-26 02:33:39,164.0,10430.109,4.175376272483667,4.214784840094762,0.5175996258024357,0.5207969335142469,4.056995386702849,25.26421894976394,29.085224991378187,,,,,,
B0007,594,impedance,24.0,2008-05-26 05:28:58,,,,,,,,,,,,,,0.06468467106868281,0.0912602372721357
B0007,595,discharge,24.0,2008-05-26 06:01:08,,2802.031,3.458799193390812,,-1.8427098003104345,,,32.482615965621896,40.93461596721165,163.0,1.4109949628347804,0.7054974814173902,2.0101572712330453,,
B0007,596,impedance,24.0,2008-05-26 06:49:35,,,,,,,,,,,,,,0.06263768180094363,0.0889708433613751
B0007,597,charge,24.0,2008-05-26 07:21:44,165.0,10154.094,4.174846886014505,4.214615943529673,0.5309148992955582,0.5341888703394546,4.179815804117974,25.247717236760785,29.021049593818244,,,,,,
B0007,598,impedance,24.0,2008-05-26 10:12:28,,,,,,,,,,,,,,0.06476607440681181,0.09331506762885133
B0007,599,discharge,24.0,2008-05-26 10:44:38,,2793.39,3.4620805499710854,,-1.842239518040086,,,32.46389583182878,40.74175890345818,164.0,1.4061714290398801,0.7030857145199401,2.132718741006573,,
B0007,600,impedance,24.0,2008-05-26 11:32:56,,,,,,,,,,,,,,0.06461075599348456,0.09019465992992068
B0007,601,charge,24.0,2008-05-26 12:05:07,166.0,10316.906,4.175435464201437,4.21467109940894,0.5213157566666435,0.525027587153445,4.107986000548998,25.27414999815343,29.067548735124177,,,,,,
B0007,602,impedance,24.0,2008-05-26 14:58:33,,,,,,,,,,,,,,0.06468646287403104,0.09357177480301318
B0007,603,discharge,24.0,2008-05-26 15:30:43,,2793.39,3.4578782949034514,,-1.842252843487983,,,32.55681404542561,41.00964443691023,165.0,1.4063358479692922,0.7031679239846461,2.0114763339798887,,
B0007,604,impedance,24.0,2008-05-26 16:19:02,,,,,,,,,,,,,,0.06492066764951249,0.08955496020574386
B0007,605,charge,24.0,2008-05-26 16:51:13,167.0,10571.39,4.176132306765161,4.214631549235227,0.5081558344285678,0.5117377408993575,3.9983364561027837,25.294181907809836,29.14009489190413,,,,,,
B0007,606,impedance,24.0,2008-05-26 19:48:54,,,,,,,,,,,,,,0.06492526583837316,0.0913267326241943
B0007,607,discharge,24.0,2008-05-26 20:21:04,,2792.485,3.461590937144894,,-1.8356063485512333,,,32.576296430484255,40.80558697887537,166.0,1.4004552399066514,0.7002276199533257,2.1610456063312298,,
B0007,608,impedance,24.0,2008-05-26 21:09:22,,,,,,,,,,,,,,0.06466353603836943,0.0919880772013069
B0007,609,charge,24.0,2008-05-26 21:41:33,168.0,9892.375,4.174585399778781,4.214675827038261,0.5417902519385153,0.545494673539519,4.298297823596792,25.431335735111634,29.16287926072855,,,,,,
B0007,610,impedance,24.0,2008-05-27 00:27:55,,,,,,,,,,,,,,0.06242528216023714,0.08981214323944718
B0007,611,discharge,24.0,2008-05-27 15:52:41,,2802.016,3.462906230864041,,-1.8561013515700384,,,32.81804879809979,40.92586026351328,167.0,1.4217865046055154,0.7108932523027577,2.0143553387267827,,
B0007,612,charge,24.0,2008-05-27 17:53:59,169.0,10212.234,4.175137102791437,4.214613343848103,0.5350541433344616,0.5391432297447281,4.280021642619312,25.138343976613978,28.656686168389818,,,,,,
B0007,613,discharge,24.0,2008-05-27 20:45:42,,2820.39,3.4753580425264796,,-1.8574370794605966,,,32.92941193334214,40.57390100608222,168.0,1.4324552720625434,0.7162276360312717,2.1732119934933296,,
B0007,614,impedance,24.0,2008-05-27 21:34:28,,,,,,,,,,,,,,0.0671426900201505,0.09331350931281934
B0007,615,charge,24.0,2008-05-28 11:09:42,170.0,12.656000000000002,2.989473572959445,4.987179956544669,-0.0023016184066445254,-0.00047999999999999996,2.8449999999999998,23.08792153043887,23.09308259938123,,,,,,
B0018,0,charge,24.0,2008-07-07 12:26:45,1.0,8122.844,4.1923731076313056,4.202872264991999,0.35926206726302334,0.35635830965909093,3.963832741477273,24.42229248876264,26.713023146449622,,,,,,
B0018,1,impedance,24.0,2008-07-07 14:43:14,,,,,,,,,,,,,,0.06515815158455215,0.09555369570022001
B0018,2,discharge,24.0,2008-07-07 15:15:28,,3434.891,3.5275462263272543,,-1.9541761960216968,,,31.773285281389256,38.10180309676608,1.0,1.8550045207910817,0.9275022603955408,2.4721608434600437,,
B0018,3,impedance,24.0,2008-07-07 16:14:05,,,,,,,,,,,,,,0.06319812376707153,0.10229511275627602
B0018,4,charge,24.0,2008-07-07 18:20:14,2.0,10804.766,4.1353123326190016,4.2018954565543405,0.6687881024579866,0.6641903627217369,4.18177892507281,25.545536174167466,28.630657651876884,,,,,,
B0018,5,impedance,24.0,2008-07-07 21:21:23,,,,,,,,,,,,,,0.06269644718508349,0.09161902925465781
B0018,6,discharge,24.0,2008-07-07 21:53:06,,3425.485,3.534835576186522,,-1.9474374301153292,,,31.924891594728642,38.14987995994155,2.0,1.8431955317089987,0.9215977658544994,2.4114381994148304,,
B0018,7,impedance,24.0,2008-07-07 22:51:31,,,,,,,,,,,,,,0.0626070139256824,0.0946846935443713
B0018,8,charge,24.0,2008-07-07 23:23:14,3.0,10806.391000000003,4.13250763071698,4.201918359663014,0.6672256387910199,0.6622150013539129,4.349490928784187,25.446466159720142,28.510311181520592,,,,,,
B0018,9,impedance,24.0,2008-07-08 02:24:25,,,,,,,,,,,,,,0.06137843058604763,0.09188288246238666
B0018,10,discharge,24.0,2008-07-08 02:56:08,,3410.375,3.538246596159443,,-1.9520511323479741,,,31.31691283374216,37.5266914843442,3.0,1.8396018424355423,0.9198009212177711,2.394395968141027,,
B0018,11,impedance,24.0,2008-07-08 03:54:18,,,,,,,,,,,,,,0.06199882418368678,0.0960700817119328
B0018,12,charge,24.0,2008-07-08 04:26:02,4.0,10805.953,4.133445731492554,4.20209280278357,0.6623135819582646,0.6572444506104329,4.337816592674806,24.873840724794903,27.94743032564124,,,,,,
B0018,13,impedance,24.0,2008-07-08 07:27:12,,,,,,,,,,,,,,0.06133724861449716,0.09141202809622342
B0018,14,discharge,24.0,2008-07-08 07:58:55,,3404.719,3.537697945111872,,-1.9460914562122762,,,30.821190751176527,37.06279237079503,4.0,1.8306736044962053,0.9153368022481027,2.3999481734774424,,
B0018,15,impedance,24.0,2008-07-08 08:57:01,,,,,,,,,,,,,,0.06143403300566526,0.09201876447685577
B0018,16,charge,24.0,2008-07-08 15:56:37,5.0,10806.594,4.1374064082813184,4.202264581050834,0.6563527891676801,0.6520348936170214,4.20081304964539,25.184745587136256,28.182349581908053,,,,,,
B0018,17,discharge,24.0,2008-07-08 18:57:48,,3417.641,3.542667604586918,,-1.9412796601390512,,,31.95346971511436,38.2110354381278,5.0,1.8327002069419656,0.9163501034709828,2.3851461229395867,,
B0018,18,charge,24.0,2008-07-08 19:56:07,6.0,10804.844,4.126282741083326,4.201938151381219,0.655687018025238,0.6510503576537914,4.144296995708155,26.83090280704791,36.186651345077465,,,,,,
B0018,19,discharge,24.0,2008-07-08 22:57:17,,3411.766,3.5451037330477333,,-1.9400338819083036,,,32.02311236185272,38.17496505957075,6.0,1.8285288846046388,0.9142644423023194,2.3716770708389117,,
B0018,20,charge,24.0,2008-07-08 23:55:29,7.0,10806.235,4.125914878070091,4.202031413758956,0.6555184338881249,0.6507374743627308,4.126888368004688,26.612686159872126,36.13935430758997,,,,,,
B0018,21,discharge,24.0,2008-07-09 02:56:41,,3399.516,3.5475142438631493,,-1.9335667184847714,,,31.634533158077694,37.64038685475582,7.0,1.8212011895697924,0.9106005947848962,2.4964491577040793,,
B0018,22,charge,24.0,2008-07-09 03:54:41,8.0,10807.531,4.12773554662663,4.202110790305647,0.6491876776502405,0.6443670735337899,4.147832092884787,26.181469651247287,35.46420583269735,,,,,,
B0018,23,discharge,24.0,2008-07-09 06:55:54,,3388.75,3.544812433691423,,-1.9332161326561408,,,31.288194921595714,37.37602884738843,8.0,1.8151700106433282,0.9075850053216641,2.4374506721131883,,
B0018,24,charge,24.0,2008-07-09 07:53:44,9.0,10807.063,4.128434329208657,4.202314658583246,0.6466394953952761,0.6420003035822708,4.157290831815422,25.91755929599645,35.219777661310665,,,,,,
B0018,25,impedance,24.0,2008-07-09 10:54:57,,,,,,,,,,,,,,0.06246407536667202,0.08784495845315991
B0018,26,discharge,24.0,2008-07-09 11:26:41,,3380.406,3.5434780274164095,,-1.9325959489970461,,,31.11122470608501,37.28928029078695,9.0,1.8042980520967649,0.9021490260483824,2.4152206992194847,,
B0018,27,impedance,24.0,2008-07-09 12:24:23,,,,,,,,,,,,,,0.05911226141914418,0.08989822215265768
B0018,28,charge,24.0,2008-07-10 13:33:27,10.0,10805.891,4.141068906540286,4.20201657959594,0.6445497391032851,0.6401472049689441,4.351134782608696,24.489490921475447,27.55080800546333,,,,,,
B0018,29,discharge,24.0,2008-07-10 16:34:39,,3404.141,3.543133206790044,,-1.9387520938161948,,,31.13166983979621,37.52377766578506,10.0,1.8231002302844226,0.9115501151422113,2.377432309524995,,
B0018,30,charge,24.0,2008-07-10 17:32:45,11.0,10806.031,4.127449273791294,4.201840621952644,0.6497749904286239,0.6452292254625275,4.1814506114769525,26.146821020863474,35.44332890427652,,,,,,
B0018,31,discharge,24.0,2008-07-10 20:33:58,,3396.141,3.545155146280937,,-1.9319248326301843,,,31.51305775907457,37.72420412562674,11.0,1.8121253520255494,0.9060626760127747,2.3887487262583647,,
B0018,32,charge,24.0,2008-07-10 21:31:56,12.0,10642.983999999997,4.127805560491026,4.202606356465971,0.6529789882431835,0.6481289490651192,4.1702211476466795,26.252986903576208,35.51794239177923,,,,,,
B0018,33,discharge,24.0,2008-07-11 00:30:25,,3384.094,3.545032366549762,,-1.9249594896453863,,,31.31102568785445,37.41366095304306,12.0,1.8046916382117766,0.9023458191058883,2.432289857016922,,
B0018,34,charge,24.0,2008-07-11 01:28:11,13.0,10771.188,4.129295381175681,4.202230505968771,0.6430771660396947,0.6381768134715027,4.092879857512953,25.853699304554265,35.081542638352914,,,,,,
B0018,35,discharge,24.0,2008-07-11 04:28:49,,3370.656,3.5440892170496827,,-1.9179528942264992,,,30.893964711700164,36.94724908852665,13.0,1.790844349786295,0.8954221748931475,2.497495633221204,,
B0018,36,charge,24.0,2008-07-11 05:26:22,14.0,10794.406,4.131571550845158,4.202035375774965,0.6354654320889426,0.6306075409836065,4.138197704918033,25.419542407670075,34.460585087793035,,,,,,
B0018,37,impedance,24.0,2008-07-11 08:27:23,,,,,,,,,,,,,,0.06105488892245489,0.08795484250803035
B0018,38,discharge,24.0,2008-07-11 08:59:08,,3357.797,3.541317108618481,,-1.917373033348097,,,30.540598970902945,36.707091312059944,14.0,1.783470722841926,0.891735361420963,2.478768686108376,,
B0018,39,impedance,24.0,2008-07-11 09:56:29,,,,,,,,,,,,,,0.06100929812130678,0.08710663504547878
B0018,40,charge,24.0,2008-07-11 11:25:49,15.0,10808.672,4.141471254743751,4.202278101475768,0.6324149220851409,0.6278701602136182,4.450456942590121,24.304660185191814,27.33771267675062,,,,,,
B0018,41,discharge,24.0,2008-07-11 14:27:05,,3363.015,3.541197979542517,,-1.9180652422275581,,,30.82566018736547,37.13061214416645,15.0,1.7809386125310702,0.8904693062655351,2.3858494078680206,,
B0018,42,charge,24.0,2008-07-11 15:24:31,16.0,10788.828,4.131913945158341,4.202071863838541,0.6325644684630086,0.6283527420446852,4.15708192281652,25.891404452355065,34.69043264785862,,,,,,
B0018,43,discharge,24.0,2008-07-11 18:25:27,,3357.734,3.541255460524434,,-1.9106033469326071,,,31.451400678644536,37.686600065941576,16.0,1.771209039672698,0.885604519836349,2.372854084449551,,
B0018,44,charge,24.0,2008-07-11 19:22:48,17.0,10689.594,4.131707612044202,4.20206920947581,0.6361800205718287,0.6314561828888119,4.229750952545896,26.338798726333607,35.105681007040275,,,,,,
B0018,45,discharge,24.0,2008-07-11 22:22:05,,3344.187,3.5427478949705886,,-1.909404549449075,,,31.518847747922937,37.633580732302406,17.0,1.7686303996707076,0.8843151998353538,2.4086912736769084,,
B0018,46,charge,24.0,2008-07-11 23:19:12,18.0,10670.672000000006,4.133021975382763,4.202872821213387,0.6290293540423335,0.6240958856345886,4.105016039051605,26.07003491744081,35.05533549707359,,,,,,
B0018,47,discharge,24.0,2008-07-12 02:18:11,,3339.969,3.541251093602656,,-1.8960567702455413,,,31.11237289077096,37.15252578645951,18.0,1.7536304801917124,0.8768152400958562,2.496331992137246,,
B0018,48,charge,24.0,2008-07-12 03:15:14,19.0,10656.266,4.1343818763972555,4.201899958978779,0.6281777068983264,0.6231261549395877,4.109233830845771,25.562018261524052,34.25023256471148,,,,,,
B0018,49,impedance,24.0,2008-07-12 06:13:58,,,,,,,,,,,,,,0.06064904573360479,0.08754929973933033
B0018,50,discharge,24.0,2008-07-12 06:45:43,,3327.641,3.5350260562177453,,-1.8948411660605735,,,30.586452588663985,36.78829001793698,19.0,1.7462197416415093,0.8731098708207546,2.4199896352919668,,
B0018,51,impedance,24.0,2008-07-12 07:42:35,,,,,,,,,,,,,,0.06219481868267621,0.08570971190558405
B0018,52,charge,24.0,2008-07-12 08:14:20,20.0,10808.235,4.142878003359763,4.202011186724678,0.6174634056408143,0.6124248575498574,4.332297364672365,24.239098701090988,27.30484922551561,,,,,,
B0018,53,discharge,24.0,2008-07-12 11:15:36,,3312.844,3.5326627624319777,,-1.90021436299665,,,30.242913021104116,36.541146197392216,20.0,1.7376647337053737,0.8688323668526868,2.3587321881999297,,
B0018,54,charge,24.0,2008-07-12 12:12:13,21.0,10806.719,4.137110549992526,4.202046016992615,0.6140763627068988,0.6092670986321094,4.21647192224622,24.743544206187746,33.74508513415117,,,,,,
B0018,55,discharge,24.0,2008-07-12 15:13:28,,3302.031,3.5333109441755526,,-1.8936767267608487,,,30.10270376338569,36.372087786130464,21.0,1.7315166735475835,0.8657583367737918,2.4458096660548825,,
B0018,56,charge,24.0,2008-07-12 16:09:54,22.0,9702.0,4.131459570839378,4.202601924739715,0.67286823826031,0.6679570502431118,4.034577390599676,24.96960156651026,33.43044436107721,,,,,,
B0018,57,discharge,24.0,2008-07-12 18:52:45,,3305.547,3.52738705832889,,-1.8739718829459886,,,30.251184852221932,36.52608510498833,22.0,1.7085949894470602,0.8542974947235301,2.3808537751929744,,
B0018,58,charge,24.0,2008-07-12 19:49:15,23.0,10806.313,4.1385090792143435,4.201832985640351,0.6055280174297528,0.6009830570902395,3.976462615101289,24.775220976126924,33.17568639783767,,,,,,
B0018,59,discharge,24.0,2008-07-12 22:50:29,,3289.562,3.5296025965720452,,-1.8791764961687347,,,30.212407704391104,36.476252762052624,23.0,1.711469957068211,0.8557349785341055,2.436955746154759,,
B0018,60,charge,24.0,2008-07-12 23:46:44,24.0,10767.172000000006,4.139720048721875,4.2021779631347185,0.6057851132004338,0.6011633644859813,4.202105794392524,24.743273709867076,33.257530217998394,,,,,,
B0018,61,impedance,24.0,2008-07-13 02:47:19,,,,,,,,,,,,,,0.06106479153135479,0.08848482071807108
B0018,62,discharge,24.0,2008-07-13 03:19:05,,3283.797,3.5289707694229833,,-1.8780560689384003,,,30.125011009636175,36.377208902376694,24.0,1.7075021373272627,0.8537510686636314,2.4671365731790713,,
B0018,63,impedance,24.0,2008-07-13 04:15:14,,,,,,,,,,,,,,0.0595969662678692,0.08684055890192541
B0018,64,charge,24.0,2008-07-14 10:07:05,25.0,10806.14,4.15094447494119,4.202782981789953,0.5960047077443698,0.5919548532731378,4.172845372460497,23.451833761379476,26.463639728406417,,,,,,
B0018,65,discharge,24.0,2008-07-14 13:08:20,,3325.235,3.5322741848919814,,-1.8993718818269214,,,30.22428629982563,36.64000948247426,25.0,1.7492382064360228,0.8746191032180114,2.4129371999368505,,
B0018,66,charge,24.0,2008-07-14 14:05:10,26.0,10645.781,4.135460690208974,4.202686300075377,0.6244897767184845,0.6204121282348396,4.194735805330243,25.23866382689419,33.774954623752556,,,,,,
B0018,67,discharge,24.0,2008-07-14 17:03:45,,3317.547,3.532438322521663,,-1.8926958551018211,,,30.976376254737342,37.38165499248184,26.0,1.7327697147429955,0.8663848573714977,2.3497771039810256,,
B0018,68,charge,24.0,2008-07-14 18:00:28,27.0,10554.906,4.135270884841989,4.202559878916513,0.6240324648325724,0.6198551181102362,4.098248031496063,25.942576564414136,34.42643355981792,,,,,,
B0018,69,discharge,24.0,2008-07-14 20:57:32,,3311.766,3.5363211310943603,,-1.8783667048362822,,,31.41570291330098,37.59824760372582,27.0,1.7222313328292376,0.8611156664146188,2.4904700018477026,,
B0018,70,charge,24.0,2008-07-14 21:54:09,28.0,10479.375,4.1367202778051375,4.202406016545651,0.6222241718546027,0.6179047619047618,4.146434173669468,26.097017175204584,34.35860472854562,,,,,,
B0018,71,discharge,24.0,2008-07-15 00:49:58,,3305.218,3.533535274219931,,-1.870834339681941,,,31.383299841535273,37.560555155163414,28.0,1.711846298984729,0.8559231494923645,2.4650908929255406,,
B0018,72,charge,24.0,2008-07-15 01:46:29,29.0,10522.063,4.138109112061955,4.202669833243475,0.6167109652931221,0.6122582728006457,4.171260694108152,25.923942041376847,34.2024080930246,,,,,,
B0018,73,impedance,24.0,2008-07-15 04:43:00,,,,,,,,,,,,,,0.06287106178477314,0.08500615970912836
B0018,74,discharge,24.0,2008-07-15 05:14:47,,3295.453,3.527012841842043,,-1.8696567234639716,,,31.167937826253635,37.52114200586718,29.0,1.699267835126687,0.8496339175633435,2.363133281953362,,
B0018,75,impedance,24.0,2008-07-15 06:11:08,,,,,,,,,,,,,,0.06095075041521759,0.08544326049182116
B0018,76,charge,24.0,2008-07-15 06:42:54,30.0,10764.344,4.146301095640153,4.20232082917396,0.6009922805391034,0.5965379696243005,4.252647482014388,24.89634801754428,27.962964696959556,,,,,,
B0018,77,discharge,24.0,2008-07-15 09:43:28,,3287.0,3.52925730014011,,-1.8623726014599724,,,30.994690437264207,37.21887096740918,30.0,1.6940366439243106,0.8470183219621553,2.4790616361836206,,
B0018,78,charge,24.0,2008-07-15 10:39:41,31.0,10556.078,4.1402542614329185,4.2022760738659315,0.6083087044217377,0.6040518305224187,4.209304401480873,25.529668879010824,33.690112246938114,,,,,,
B0018,79,discharge,24.0,2008-07-15 13:36:47,,3276.922,3.527821497534469,,-1.8547843408980225,,,31.055317978554886,37.33441415744885,31.0,1.6819027078768087,0.8409513539384044,2.491905723274248,,
B0018,80,charge,24.0,2008-07-15 14:32:50,32.0,10546.687,4.1416722429572115,4.202265282124915,0.6022255634099823,0.5982081092263136,4.214599503516756,25.707749149739985,33.65112802729902,,,,,,
B0018,81,discharge,24.0,2008-07-15 17:29:47,,3268.687,3.525692957415014,,-1.8538766950740675,,,31.373945543706103,37.7331798444306,32.0,1.6769770618433686,0.8384885309216843,2.4337177596826547,,
B0018,82,charge,24.0,2008-07-15 18:25:42,33.0,10477.203,4.140980605428134,4.20202711310134,0.603465852640349,0.5993479359730413,4.033342881213142,26.05899080017432,34.065730915484814,,,,,,
B0018,83,discharge,24.0,2008-07-15 21:21:30,,3260.594,3.5243962482347273,,-1.845735037450336,,,31.56128410753226,37.84649344841882,33.0,1.6655229306478936,0.8327614653239468,2.4424506461535755,,
B0018,84,charge,24.0,2008-07-15 22:17:17,34.0,10498.592999999993,4.141769513617304,4.202272193519664,0.600247255715347,0.5959495976281237,4.011705633206268,26.018613481994876,34.043826750742646,,,,,,
B0018,85,impedance,24.0,2008-07-16 01:13:26,,,,,,,,,,,,,,0.06279037977354894,0.08611082715769634
B0018,86,discharge,24.0,2008-07-16 01:45:13,,3258.812,3.520797576383474,,-1.8382538558498933,,,31.318474723902874,37.670164941661795,34.0,1.6571924575832084,0.8285962287916042,2.4383419399858552,,
B0018,87,impedance,24.0,2008-07-16 02:40:58,,,,,,,,,,,,,,0.062054327669918884,0.0841039159798283
B0018,88,charge,24.0,2008-07-16 03:12:45,35.0,10717.0,4.1507218579886604,4.202977554282689,0.5851051385158778,0.5807578947368421,4.333488421052632,24.92442022306288,28.007672950138677,,,,,,
B0018,89,discharge,24.0,2008-07-16 06:12:34,,3243.422,3.519457281260753,,-1.8435676915974055,,,31.104012325043946,37.53185198546868,35.0,1.6482241555294048,0.8241120777647024,2.4157245398944123,,
B0018,90,charge,24.0,2008-07-16 07:08:04,36.0,10584.766,4.144684414441371,4.2026405731594165,0.5899510777575968,0.5855563683304646,4.2668067986230644,25.472278015626834,33.6468535523426,,,,,,
B0018,91,discharge,24.0,2008-07-16 10:05:40,,3236.515,3.513165600287965,,-1.83704467002657,,,30.989730398009076,37.593333753421376,36.0,1.6387701497987262,0.8193850748993631,2.323395712524894,,
B0018,92,charge,24.0,2008-07-16 11:01:05,37.0,10525.641,4.144836557616457,4.202742856853121,0.5880723395541689,0.583844308765809,4.0953959877889226,25.361434715128922,33.54043034547115,,,,,,
B0018,93,discharge,24.0,2008-07-16 13:57:42,,3230.734,3.517217159454334,,-1.8211904293154166,,,30.967851972472324,37.361410110678264,37.0,1.6276486907262062,0.8138243453631031,2.4985039496028567,,
B0018,94,charge,24.0,2008-07-16 14:53:00,38.0,10644.125,4.1469277343393625,4.2021695480544015,0.5794636821610917,0.5755469637396242,4.2020498034076015,25.44207618553034,33.06778657550314,,,,,,
B0018,95,discharge,24.0,2008-07-16 17:51:36,,3222.093,3.5120091114107965,,-1.8270453339799269,,,31.285342046153826,37.899803246715464,38.0,1.62215370227252,0.81107685113626,2.350237238739749,,
B0018,96,charge,24.0,2008-07-16 18:46:45,39.0,10452.516,4.145795316611404,4.203074123957366,0.5855175304570962,0.5815263392857144,4.0542839285714285,25.831018575864743,33.705774688469276,,,,,,
B0018,97,impedance,24.0,2008-07-16 21:42:09,,,,,,,,,,,,,,0.06126874046942329,0.08711286500552247
B0018,98,discharge,24.0,2008-07-16 22:13:57,,3220.344,3.50911052654104,,-1.819052179250902,,,31.41096207271253,38.03149707759718,39.0,1.6140066510467586,0.8070033255233793,2.3337740352348813,,
B0018,99,impedance,24.0,2008-07-16 23:09:06,,,,,,,,,,,,,,0.0627057717757101,0.08381129726407618
B0018,100,charge,24.0,2008-07-18 14:26:49,40.0,10810.453,4.156904682985364,4.202093467622683,0.5623068833422346,0.5584716898954704,4.150371951219513,23.918488508769663,26.955933357562675,,,,,,
B0018,101,discharge,24.0,2008-07-18 17:28:12,,3250.75,3.516106699716392,,-1.8693745969498121,,,30.755137125871208,37.42220155418978,40.0,1.6760516154424623,0.8380258077212311,2.317647291087635,,
B0018,102,charge,24.0,2008-07-18 18:23:50,41.0,10481.562,4.140226819419846,4.202657839852154,0.6030263821931678,0.5986568716094033,3.944697558770344,25.50617247150571,34.02194588179759,,,,,,
B0018,103,discharge,24.0,2008-07-18 21:19:44,,3239.344,3.519010068254593,,-1.839770443871628,,,30.977446633931525,37.32511174435206,41.0,1.649300642552199,0.8246503212760995,2.492394514304757,,
B0018,104,charge,24.0,2008-07-18 22:15:11,42.0,10423.218999999997,4.143482681464776,4.202129035892022,0.5993907722848522,0.5948742542450666,4.256422212023864,25.35253952946816,33.35597362804456,,,,,,
B0018,105,discharge,24.0,2008-07-19 01:10:07,,3222.25,3.5124212742229295,,-1.837963396328485,,,30.800512192698992,37.31088262198154,42.0,1.63238299185809,0.816191495929045,2.372828310153791,,
B0018,106,charge,24.0,2008-07-19 02:05:17,43.0,10475.094,4.145264748790388,4.202616376614602,0.5883272217598505,0.5839369535204786,4.153841693511276,25.10028019162854,33.32080982918044,,,,,,
B0018,107,discharge,24.0,2008-07-19 05:01:04,,3206.157,3.50815215295169,,-1.8296109578903785,,,30.616192795676138,37.232346556887364,43.0,1.6164159719025777,0.8082079859512888,2.3560703177076867,,
B0018,108,charge,24.0,2008-07-19 05:55:59,44.0,10589.359,4.147656115968421,4.202894234508199,0.5782634066358338,0.5739040404040403,4.354810835629017,24.870900772580274,33.04861913599422,,,,,,
B0018,109,impedance,24.0,2008-07-19 08:53:42,,,,,,,,,,,,,,0.060230110173563736,0.0877848925885978
B0018,110,discharge,24.0,2008-07-19 09:25:29,,3197.969,3.508648568515266,,-1.8210831511954937,,,30.399839302766903,36.94850857727268,44.0,1.6109028378249377,0.8054514189124689,2.4644431530094417,,
B0018,111,impedance,24.0,2008-07-19 10:20:17,,,,,,,,,,,,,,0.061801794410442104,0.08516278937578788
B0018,112,charge,24.0,2008-07-19 10:52:05,45.0,10781.75,4.156208672803882,4.202748231427938,0.5608170999385268,0.5566522333637192,4.153847766636281,23.95456335101015,27.096149354299882,,,,,,
B0018,113,discharge,24.0,2008-07-19 13:53:00,,3181.625,3.5051993439595477,,-1.8199201144788144,,,30.38386825126278,37.002663545357386,45.0,1.5954638693695657,0.7977319346847829,2.4195167274486726,,
B0018,114,charge,24.0,2008-07-19 14:47:30,46.0,4791.375,,,,1.1186263846928501,4.631296072507553,,,,,,,,
B0018,115,charge,24.0,2008-07-29 17:16:52,47.0,4582.969,4.196601830204791,4.239428421397782,0.12729762983461634,0.12532000000000001,3.5523687804878055,23.04165740184246,23.191779614571548,,,,,,
B0018,116,discharge,24.0,2008-07-29 18:34:27,,3302.36,3.523165280193865,,-1.8951156248467713,,,30.576239500422748,36.71025442949399,46.0,1.726707440085764,0.863353720042882,2.3422406504312434,,
B0018,117,charge,24.0,2008-07-29 19:30:58,48.0,10184.938,4.127903510848874,4.2029195082692,0.6444117113334005,0.6395,4.112452854671281,25.5157207896412,33.757969974021854,,,,,,
B0018,118,discharge,24.0,2008-07-29 22:21:53,,3285.812,3.527269876472835,,-1.8867694858233446,,,30.705906284556665,36.72807623650589,47.0,1.7165673917429753,0.8582836958714877,2.3755467142668496,,
B0018,119,charge,24.0,2008-07-29 23:18:07,49.0,10230.265,4.131161782328852,4.203139846413382,0.6355568050435054,0.6306434479756203,4.187643883326078,25.40320261606661,33.625519091278925,,,,,,
B0018,120,discharge,24.0,2008-07-30 02:09:48,,3260.016,3.526762654741574,,-1.8786631828974334,,,30.62583594950684,36.72959308355185,48.0,1.6958235570934848,0.8479117785467424,2.4146291375325917,,
B0018,121,charge,24.0,2008-07-30 03:05:37,50.0,10213.875,4.134628310174825,4.203749475441674,0.6263536234604185,0.621488116197183,4.124857834507042,25.318880573273052,33.505246143795205,,,,,,
B0018,122,discharge,24.0,2008-07-30 05:57:02,,3240.031,3.523020179476104,,-1.8704748023295987,,,30.597357068657974,36.787462351640364,49.0,1.6777783190792557,0.8388891595396278,2.3844645496129964,,
B0018,123,charge,24.0,2008-07-30 06:52:31,51.0,10311.718,4.137341499467205,4.202830115761399,0.6120164540212287,0.6074688323090429,4.013346795434591,25.191562555105925,33.452138115876444,,,,,,
B0018,124,discharge,24.0,2008-07-30 09:52:21,,3232.265,3.519792345798265,,-1.8562833971202242,,,30.528493896066262,36.75689163314213,50.0,1.6606586897774192,0.8303293448887096,2.398646371281655,,
B0018,125,impedance,24.0,2008-07-30 10:47:40,,,,,,,,,,,,,,0.06335998574164574,0.08600824718099127
B0018,126,charge,24.0,2008-07-30 16:34:24,52.0,10348.609,4.14775250632472,4.202965990964641,0.6044109662391517,0.5999649511978704,4.115303904170364,24.747111933662097,28.185142005058786,,,,,,
B0018,127,discharge,24.0,2008-07-30 19:28:07,,3232.031,3.5251014582287223,,-1.8625354754370638,,,31.203754246103966,37.350157630970955,51.0,1.6664109274827466,0.8332054637413733,2.4557130111721626,,
B0018,128,charge,24.0,2008-07-30 20:23:41,53.0,10321.062,4.138484496797234,4.202854561659717,0.6096448980979184,0.6049610040340655,4.102466606902735,25.88385482750118,33.918176877050485,,,,,,
B0018,129,discharge,24.0,2008-07-30 23:16:54,,3209.5149999999994,3.518519199837846,,-1.8606833274060013,,,31.172639449335037,37.48126030855565,52.0,1.6468336174407805,0.8234168087203902,2.323665882820083,,
B0018,130,charge,24.0,2008-07-31 00:11:53,54.0,9193.328,4.133097611804833,4.20257603975531,0.6729414499123287,0.6678652482269505,4.157550658561298,25.930672938405944,34.02461783742734,,,,,,
B0018,131,discharge,24.0,2008-07-31 02:46:18,,3196.125,3.5190801794284594,,-1.8383636766891702,,,30.96825922704022,37.125443897626305,53.0,1.6257639928779952,0.8128819964389976,2.488054079510012,,
B0018,132,charge,24.0,2008-07-31 03:41:03,55.0,9182.5,4.136354941018954,4.20220407911023,0.6660609366025043,0.6609504849412966,4.234755997958143,25.664791638383633,33.243843128574326,,,,,,
B0018,133,discharge,24.0,2008-07-31 06:15:17,,3172.562,3.5114167272902406,,-1.8436958588115397,,,30.821704306343133,37.19112571388883,54.0,1.6121577411874595,0.8060788705937297,2.3306937114568003,,
B0018,134,charge,24.0,2008-07-31 07:09:40,56.0,10354.437,4.144066243443556,4.202711819371193,0.5904825612357988,0.5859599088838269,4.269717995444191,25.283565840567434,33.44305057974552,,,,,,
B0018,135,discharge,24.0,2008-07-31 10:10:14,,3172.735,3.5108038681605738,,-1.8362729789790888,,,30.765219721637393,37.17642722353301,55.0,1.6057366823755344,0.8028683411877672,2.389399831578687,,
B0018,136,impedance,24.0,2008-07-31 11:04:34,,,,,,,,,,,,,,0.06254971088581063,0.0843178209735426
B0018,137,charge,24.0,2008-07-31 15:20:13,57.0,10520.016,4.155803748039213,4.202694699335275,0.5656941937735376,0.5614396512161541,4.228757687012391,24.284812232615863,27.72567274997729,,,,,,
B0018,138,impedance,24.0,2008-07-31 23:02:54,,,,,,,,,,,,,,0.06088396756004627,0.08522512012699898
B0018,139,charge,24.0,2008-08-01 17:14:25,58.0,1855.656,4.196366754233368,4.2995855570950186,0.04014838456076453,0.038921259842519686,3.2317217847769037,23.048627666451832,23.11320544763696,,,,,,
B0018,140,discharge,24.0,2008-08-01 17:46:33,,3238.109,3.51432611790755,,-1.864690278795044,,,30.809988428281613,37.11936678632194,56.0,1.673645314879889,0.8368226574399446,2.4864200723178747,,
B0018,141,charge,24.0,2008-08-01 18:41:59,59.0,10140.906,4.138413596843693,4.20266470401767,0.6164231864109233,0.6119360381861576,4.311395704057279,25.6746395923991,33.74743127597816,,,,,,
B0018,142,discharge,24.0,2008-08-01 21:32:12,,3191.063,3.5196664048265607,,-1.8572649157581866,,,31.039033590700278,37.2702464066457,57.0,1.6404348572349936,0.8202174286174968,2.4673631110639858,,
B0018,143,charge,24.0,2008-08-01 22:26:52,60.0,10145.0,4.1407877792139,4.203043725427581,0.6057960066492613,0.601377521613833,4.230712295869357,25.705201487299274,33.764652265151554,,,,,,
B0018,144,discharge,24.0,2008-08-02 01:17:09,,3165.828,3.512403849382274,,-1.8483454421357695,,,31.04176453157222,37.39550861947664,58.0,1.6132653317422077,0.8066326658711038,2.375173080957567,,
B0018,145,charge,24.0,2008-08-02 02:11:23,61.0,10279.453,4.1428149765501745,4.202958302431799,0.5886740473542396,0.5843349236641222,3.780731870229008,25.584315806002166,33.75519710318919,,,,,,
B0018,146,discharge,24.0,2008-08-02 05:03:55,,3140.407,3.5077862234460104,,-1.839168422289249,,,30.959784195511766,37.378956702246384,59.0,1.5920964324686278,0.7960482162343139,2.371626022111289,,
B0018,147,charge,24.0,2008-08-02 05:57:44,62.0,10325.594,4.145244704941419,4.202875007553949,0.5827049611918969,0.5782446043165468,4.169879616306955,25.501256299429965,33.5686793913933,,,,,,
B0018,148,impedance,24.0,2008-08-02 08:55:03,,,,,,,,,,,,,,0.062318942746054214,0.0859882467642574
B0018,149,discharge,24.0,2008-08-02 09:26:51,,3131.922,3.5076596102713244,,-1.8303326102702338,,,30.843513277103145,37.245718322158105,60.0,1.5866011820698824,0.7933005910349412,2.463955873060647,,
B0018,150,impedance,24.0,2008-08-02 10:24:31,,,,,,,,,,,,,,0.0619094323498869,0.08488075014924702
B0018,151,charge,24.0,2008-08-02 10:56:20,63.0,10650.234,4.155206957498753,4.202518392664299,0.5596920100270084,0.5553876114500235,4.230412013139371,24.494524405493824,28.044440770982522,,,,,,
B0018,152,discharge,24.0,2008-08-02 13:55:03,,3121.109,3.5074833565874615,,-1.829290599843924,,,30.797157400797865,37.21755583353321,61.0,1.5800766490336253,0.7900383245168127,2.475545296633258,,
B0018,153,charge,24.0,2008-08-02 14:48:33,64.0,10332.937,4.148409925319618,4.202568175672952,0.5723168002196201,0.5679480834546338,4.3329388646288205,25.3635549759085,33.212369507074,,,,,,
B0018,154,discharge,24.0,2008-08-02 17:41:59,,3105.265,3.5023865933440717,,-1.8278449003095165,,,30.984434580754094,37.56150979821064,62.0,1.5641732953289167,0.7820866476644583,2.3791563087604626,,
B0018,155,charge,24.0,2008-08-02 18:35:13,65.0,10377.406,4.148873404037818,4.202624450973894,0.5660940989726251,0.5618026251823044,4.195316480311132,25.4527637681023,33.50356450770822,,,,,,
B0018,156,discharge,24.0,2008-08-02 21:29:24,,3091.25,3.503693493885047,,-1.8188198987741453,,,30.967899275139946,37.4174791317661,63.0,1.555618272193922,0.777809136096961,2.4776158338943337,,
B0018,157,charge,24.0,2008-08-02 22:22:24,66.0,10348.781000000003,4.149853428623329,4.203141234641119,0.5632148918148852,0.5590004916420847,4.155276302851524,25.391621024053098,33.228885984233415,,,,,,
B0018,158,discharge,24.0,2008-08-03 01:16:07,,3076.703,3.4989948462048113,,-1.817194042260449,,,30.976616345195186,37.55101533655474,64.0,1.5402045278637397,0.7701022639318699,2.4205549690097223,,
B0018,159,charge,24.0,2008-08-03 02:08:53,67.0,10396.875,4.151070567445724,4.2028605868375335,0.5568809792664469,0.552552268244576,4.121233727810651,25.343311446661343,33.315055401144605,,,,,,
B0018,160,impedance,24.0,2008-08-03 05:07:23,,,,,,,,,,,,,,0.06328841535782422,0.08847320583286679
B0018,161,discharge,24.0,2008-08-03 05:39:11,,3062.328,3.495405576723954,,-1.8157980815469454,,,30.89768961926806,37.59895044072871,65.0,1.5321613015959863,0.7660806507979931,2.415388497112405,,
B0018,162,impedance,24.0,2008-08-03 06:35:43,,,,,,,,,,,,,,0.06244245641291251,0.08553075414412509
B0018,163,charge,24.0,2008-08-03 07:07:32,68.0,10796.922,4.160273572381521,4.2029202734968285,0.5337817932347213,0.5295028708133972,4.3403090909090905,24.46304825674001,28.065079096779943,,,,,,
B0018,164,discharge,24.0,2008-08-03 10:08:42,,3050.563,3.494528300232307,,-1.822108117298183,,,30.81568822237933,37.489239782169804,66.0,1.5316232403693415,0.7658116201846707,2.3974205597873093,,
B0018,165,charge,24.0,2008-08-03 11:01:03,69.0,10328.156,4.15206612121653,4.202717145969419,0.5576307086552809,0.5532561775088252,4.40399142713061,25.113825678212983,33.345546963646505,,,,,,
B0018,166,discharge,24.0,2008-08-03 13:54:25,,3034.672,3.4962554827793926,,-1.8129628028687814,,,30.726188079151118,37.37911114363861,67.0,1.5222595950771978,0.7611297975385989,2.497752653580319,,
B0018,167,charge,24.0,2008-08-03 14:46:29,70.0,10485.125,4.153426516739129,4.202230202462968,0.5402509913246047,0.5360958562156766,3.9944608087868207,25.01841375065976,33.029814104311995,,,,,,
B0018,168,discharge,24.0,2008-08-03 17:42:28,,3031.25,3.48769646191346,,-1.8044876731207795,,,30.76818712651005,37.559604168615785,68.0,1.5065267126851283,0.7532633563425641,2.3726090777895896,,
B0018,169,charge,24.0,2008-08-03 18:34:29,71.0,10265.563,4.153321611662977,4.203173880925448,0.5525697394077176,0.5482832904884319,4.24253881748072,25.083400556730766,33.03376732958465,,,,,,
B0018,170,discharge,24.0,2008-08-03 21:26:49,,3011.343,3.486547580844067,,-1.809986175960184,,,30.775415173787835,37.61805450748922,69.0,1.5014219556532926,0.7507109778266463,2.36844257542991,,
B0018,171,charge,24.0,2008-08-03 22:18:31,72.0,10387.077999999994,4.1543131912199,4.203378551338715,0.5452717162958484,0.5409773078906653,4.2463996905621455,25.063963924614146,33.20818485101739,,,,,,
B0018,172,impedance,24.0,2008-08-04 01:16:52,,,,,,,,,,,,,,0.06272459952717446,0.09004616962738907
B0018,173,discharge,24.0,2008-08-04 01:48:42,,3003.0,3.482298183882304,,-1.8090400456598725,,,30.761821976538275,37.71101994346608,70.0,1.4963534117486457,0.7481767058743228,2.331968556073514,,
B0018,174,impedance,24.0,2008-08-04 02:44:16,,,,,,,,,,,,,,0.06319723456202592,0.0872013762847039
B0018,175,charge,24.0,2008-08-04 14:09:07,73.0,10678.531,4.164986318025767,4.204052050450068,0.5246114897265297,0.5207022022022022,4.254507507507508,24.012888073721715,27.392765467825583,,,,,,
B0018,176,discharge,24.0,2008-08-04 17:08:25,,3045.187,3.491819481711868,,-1.8273691233501441,,,30.913721930762733,37.767989299214086,71.0,1.5334262000312422,0.7667131000156211,2.4057755306304176,,
B0018,177,charge,24.0,2008-08-04 18:00:55,74.0,10383.266,4.151906174644009,4.203103651800376,0.5564755824899987,0.5521738009283136,4.414453842186695,25.547225374528853,33.77922775093614,,,,,,
B0018,178,discharge,24.0,2008-08-04 20:55:13,,3028.469,3.493995853241935,,-1.8180385592622932,,,31.228215653165606,37.91919394450186,72.0,1.523845267514426,0.761922633757213,2.4720838848798987,,
B0018,179,charge,24.0,2008-08-04 21:47:14,75.0,10374.842999999993,4.152033699480291,4.203208116707701,0.5466541416943208,0.5426238961038962,3.933375064935065,25.573544371551275,33.74157842610773,,,,,,
B0018,180,discharge,24.0,2008-08-05 00:41:24,,3012.937,3.484377015629623,,-1.8085351614741645,,,31.261679783387308,37.99328509003338,73.0,1.5011920994261239,0.7505960497130619,2.342731326096539,,
B0018,181,charge,24.0,2008-08-05 01:33:10,76.0,10405.703,4.1537393739155535,4.20228120560863,0.5429939783332571,0.5388578149503398,4.17418504966022,25.48016572856392,33.60485853099364,,,,,,
B0018,182,discharge,24.0,2008-08-05 04:27:50,,2998.875,3.4859116793558376,,-1.8068041184926535,,,31.18408593575448,37.984838024989045,74.0,1.492417671450291,0.7462088357251455,2.4198650452188226,,
B0018,183,charge,24.0,2008-08-05 05:19:22,77.0,10340.515,4.155095880424382,4.2029191401455,0.5421219248320306,0.5380021152829191,4.283126388154416,25.42239082688843,33.54245670906144,,,,,,
B0018,184,discharge,24.0,2008-08-05 08:23:48,,2983.547,3.4842787539766786,,-1.8050190987020625,,,31.001432353085377,37.8288851383529,75.0,1.483323851940123,0.7416619259700615,2.438879997223475,,
B0018,185,impedance,24.0,2008-08-05 09:19:02,,,,,,,,,,,,,,0.06332864514547537,0.08797976668527188
B0018,186,charge,24.0,2008-08-05 09:50:52,78.0,10715.234,4.1639946906482415,4.202818753024203,0.5188581046767285,0.514811408016444,4.246838643371018,24.406211878601937,27.907538462518954,,,,,,
B0018,187,discharge,24.0,2008-08-05 12:50:42,,2966.86,3.482988652120672,,-1.8118563821702207,,,30.981374033120872,37.844837975501,76.0,1.4807376792294196,0.7403688396147098,2.430465824271706,,
B0018,188,charge,24.0,2008-08-05 13:41:40,79.0,10396.641,4.15586544434178,4.203694836682205,0.5332737718767983,0.5293104366347178,4.176698615548456,25.261305257060375,33.496253713087526,,,,,,
B0018,189,discharge,24.0,2008-08-05 16:36:12,,2954.797,3.483799876979844,,-1.8021525551783737,,,31.088687926688607,37.8984610468502,77.0,1.4735077809902477,0.7367538904951239,2.4907267597860656,,
B0018,190,charge,24.0,2008-08-05 17:26:58,80.0,10412.625,4.157340471847523,4.202703303959949,0.5293973275587156,0.5253372591006424,4.415717880085653,25.442110123070492,33.40840537983315,,,,,,
B0018,191,discharge,24.0,2008-08-05 20:21:46,,2945.735,3.4787540756450497,,-1.8092953592546854,,,31.336420133762665,38.27784043980244,78.0,1.46801928526661,0.734009642633305,2.3678328028644775,,
B0018,192,charge,24.0,2008-08-05 21:12:24,81.0,10393.5,4.156639963470775,4.202371235103818,0.5286337835271029,0.5245881401617251,4.239694878706199,25.475101660981416,33.89025119073222,,,,,,
B0018,193,discharge,24.0,2008-08-06 00:06:53,,2941.375,3.4752194351784507,,-1.8000309691416814,,,31.22599987103565,38.24434303919528,79.0,1.4580923557119019,0.7290461778559509,2.3532703553328904,,
B0018,194,charge,24.0,2008-08-06 00:57:26,82.0,10401.437,4.1575014571052815,4.203206788665526,0.5237040353393662,0.5196822125813451,4.131948481561822,25.307439939152406,33.67181151242727,,,,,,
B0018,195,impedance,24.0,2008-08-06 03:56:03,,,,,,,,,,,,,,0.06438276069827963,0.09108149736581252
B0018,196,discharge,24.0,2008-08-06 04:27:52,,2923.953,3.470739535801023,,-1.7981302589297092,,,31.037323488688802,38.06956259266949,80.0,1.4478660988891399,0.7239330494445699,2.362897904778893,,
B0018,197,impedance,24.0,2008-08-06 05:22:08,,,,,,,,,,,,,,0.06322621852227772,0.08762970040962542
B0018,198,charge,24.0,2008-08-06 05:53:58,83.0,10810.0,4.167061565258114,4.203846224766009,0.5023404520439991,0.4982321802935011,4.412546121593292,24.228766655243138,27.841937781961864,,,,,,
B0018,199,discharge,24.0,2008-08-06 08:55:24,,2921.031,3.474600910003521,,-1.8058248446047425,,,30.811349225731828,37.81744565252647,81.0,1.4527808777541982,0.7263904388770991,2.420200016704328,,
B0018,200,charge,24.0,2008-08-06 09:45:37,84.0,10428.437,4.158766825845978,4.203134188181427,0.5202737664624905,0.5162967812329515,4.238428805237317,24.963204935100002,33.364263464126466,,,,,,
B0018,201,discharge,24.0,2008-08-06 12:40:42,,2902.75,3.4740521567700093,,-1.795955865281378,,,30.932223179746046,37.902567770354786,82.0,1.4425356364492432,0.7212678182246216,2.472605886588914,,
B0018,202,charge,24.0,2008-08-06 13:30:36,85.0,10419.094,4.159694445762706,4.202603243160275,0.5173085338310198,0.5133691460055096,4.412223691460055,25.16228062347318,33.28018802891137,,,,,,
B0018,203,discharge,24.0,2008-08-06 16:25:32,,2897.875,3.475075728648004,,-1.7951057003644757,,,31.215527070380897,38.16628336469349,83.0,1.4392712877203313,0.7196356438601657,2.483165462226557,,
B0018,204,charge,24.0,2008-08-06 17:15:22,86.0,10352.953,4.159541006244862,4.203115915060355,0.5182779672215589,0.5142182628062361,4.391608017817372,25.473037712821245,33.54622835649592,,,,,,
B0018,205,discharge,24.0,2008-08-06 20:09:11,,2892.094,3.472424307596416,,-1.7940097981352856,,,31.400797084337558,38.36789486715962,84.0,1.4286475681888218,0.7143237840944109,2.4341986830086237,,
B0018,206,charge,24.0,2008-08-06 20:58:55,87.0,10296.766,4.159606167273364,4.2026495322294055,0.5198133477655141,0.5157826576576576,4.337534346846848,25.473217443634713,33.71876019570778,,,,,,
B0018,207,impedance,24.0,2008-08-06 23:55:49,,,,,,,,,,,,,,0.06275964602343843,0.09224881675419787
B0018,208,discharge,24.0,2008-08-07 00:27:39,,2886.921,3.471751102262539,,-1.7841592631620102,,,31.259213269721236,38.19823604401131,85.0,1.4249026750004896,0.7124513375002448,2.497859027600416,,
B0018,209,impedance,24.0,2008-08-07 01:21:18,,,,,,,,,,,,,,0.06306423201152148,0.08878755046571668
B0018,210,charge,24.0,2008-08-07 16:13:02,88.0,10289.437,4.1708279128535635,4.202812507013382,0.5122293858486008,0.5084290578887628,4.372769580022702,24.10483300906097,27.32803519924954,,,,,,
B0018,211,discharge,24.0,2008-08-07 19:05:53,,2942.531,3.4745407296058963,,-1.8136320536623207,,,31.134701292957466,38.099982807571635,86.0,1.4698115324524124,0.7349057662262062,2.3747408457948316,,
B0018,212,charge,24.0,2008-08-07 19:56:43,89.0,10371.906,4.156182084734813,4.203121346196286,0.5333881204773914,0.529218520609825,4.2428673066064375,25.452975839922793,33.83835108253136,,,,,,
B0018,213,discharge,24.0,2008-08-07 22:50:51,,2912.469,3.471720060423485,,-1.8109604460875317,,,31.246879695988095,38.214523782841354,87.0,1.4525819651050202,0.7262909825525101,2.3589340839760866,,
B0018,214,charge,24.0,2008-08-07 23:40:59,90.0,10237.156000000003,4.156874560190854,4.20322353008349,0.5325376070011771,0.5281959654178675,4.267756772334295,25.338235649853683,33.89542839693603,,,,,,
B0018,215,discharge,24.0,2008-08-08 02:32:53,,2895.594,3.471398409828823,,-1.800802328247715,,,31.027558674438325,37.939696536164234,88.0,1.442834198908794,0.721417099454397,2.4413266342198545,,
B0018,216,charge,24.0,2008-08-08 03:22:43,91.0,10366.422,4.15872128163076,4.2029308737102555,0.5193592403398337,0.515232,4.180593142857143,25.051202036186005,33.45795823700358,,,,,,
B0018,217,discharge,24.0,2008-08-08 06:16:47,,2884.406,3.4626491088970703,,-1.798647877727257,,,30.931917385258963,38.06666733482501,89.0,1.428376058807949,0.7141880294039745,2.311419659807122,,
B0018,218,charge,24.0,2008-08-08 07:06:26,92.0,10387.703,4.158825287656152,4.203192770006549,0.5130718950507359,0.5090486270022884,3.9728278032036615,24.857491491420344,33.483938310649464,,,,,,
B0018,219,discharge,24.0,2008-08-08 10:14:50,,2873.766,3.466072725920186,,-1.7804067367547436,,,30.667082236656018,37.63260475617888,90.0,1.4154547844370715,0.7077273922185358,2.4953159238201255,,
B0018,220,impedance,24.0,2008-08-08 11:08:17,,,,,,,,,,,,,,0.0654312939216661,0.08842632755307295
B0018,221,charge,24.0,2008-08-08 17:08:38,93.0,10808.578,4.172421381214697,4.203657566485503,0.4875438523395484,0.483781042128603,4.411166297117517,24.14870072035666,27.37853814906628,,,,,,
B0018,222,discharge,24.0,2008-08-08 20:10:08,,2893.375,3.4730670533412877,,-1.8167125180994765,,,31.226789107710772,38.18223603956323,91.0,1.454576670077708,0.727288335038854,2.4398479869382084,,
B0018,223,charge,24.0,2008-08-08 21:00:10,94.0,10353.906,4.157817974541077,4.202851879740705,0.5215571295742215,0.517646511627907,4.184597674418605,25.453269592318446,34.022517442059645,,,,,,
B0018,224,discharge,24.0,2008-08-08 23:54:01,,2884.9839999999967,3.4668548162926327,,-1.7981268087177564,,,31.387733116648285,38.3907466519188,92.0,1.4283179548274056,0.7141589774137028,2.376538319699514,,
B0018,225,charge,24.0,2008-08-09 00:43:42,95.0,10326.266,4.158597231211127,4.203036522259961,0.519309100724978,0.5155196021064951,4.217813341135167,25.57251082982669,33.85819366593843,,,,,,
B0018,226,discharge,24.0,2008-08-09 03:37:06,,2870.234,3.46527367520258,,-1.7964439222994821,,,31.505666838292886,38.51622654624205,93.0,1.4197026883204058,0.7098513441602029,2.3722299202290382,,
B0018,227,charge,24.0,2008-08-09 04:26:32,96.0,10329.797,4.159896562008179,4.202699143699648,0.5162432649804278,0.5122889935256033,4.411665685697469,25.65567263165318,33.96042454054935,,,,,,
B0018,228,discharge,24.0,2008-08-09 07:19:59,,2864.11,3.4638878223448684,,-1.795371462470329,,,31.5462258449116,38.56612180540248,94.0,1.4155606630306516,0.7077803315153258,2.361475505115684,,
B0018,229,charge,24.0,2008-08-09 08:09:19,97.0,10225.578,4.1608536964621665,4.202132510889835,0.5037612694722189,0.4999623557984214,4.258447480267153,25.542185816511246,33.969053050544986,,,,,,
B0018,230,impedance,24.0,2008-08-09 11:05:03,,,,,,,,,,,,,,0.0640350502034096,0.09164169330042057
B0018,231,discharge,24.0,2008-08-09 11:36:57,,2846.64,3.457807923440064,,-1.7937175263130196,,,31.389977882297476,38.5606541602861,95.0,1.405680035419228,0.702840017709614,2.317937855025735,,
B0018,232,impedance,24.0,2008-08-09 12:29:58,,,,,,,,,,,,,,0.06431683619311312,0.08680690256687046
B0018,233,charge,24.0,2008-08-09 13:01:49,98.0,10555.171,4.168853506012904,4.203800521423536,0.49859175903585873,0.49475203725261935,4.410547147846334,24.65390943265731,28.14892462736424,,,,,,
B0018,234,discharge,24.0,2008-08-09 15:59:02,,2839.532,3.459813554486507,,-1.8014517734888207,,,31.385433749863733,38.53842073636507,96.0,1.4084461071166137,0.7042230535583068,2.3372859753156225,,
B0018,235,charge,24.0,2008-08-09 16:47:55,99.0,10318.984,4.161749886105167,4.202486057204443,0.4977106715634341,0.49394103343465046,4.228612765957448,25.392539559644987,34.023234828513274,,,,,,
B0018,236,discharge,24.0,2008-08-09 19:41:13,,2832.703,3.458027727779737,,-1.7915215753378781,,,31.423707199142058,38.548873480234754,97.0,1.3968547782872414,0.6984273891436207,2.3528810264952194,,
B0018,237,charge,24.0,2008-08-09 20:30:00,100.0,10242.609,4.161033104783028,4.203445628839536,0.5094504752732828,0.5057705811138015,4.237001210653753,25.446963800887378,33.87472098316312,,,,,,
B0018,238,discharge,24.0,2008-08-09 23:22:00,,2827.077999999994,3.4613996718507845,,-1.7816941240706174,,,31.435368910968148,38.45838357496903,98.0,1.3935670371440676,0.6967835185720338,2.4646122144537173,,
B0018,239,charge,24.0,2008-08-10 00:10:42,101.0,10148.125,4.161515653822334,4.202891384704809,0.5115288627663463,0.5077273846153846,4.357137846153846,25.550044778754145,33.628019118131256,,,,,,
B0018,240,discharge,24.0,2008-08-10 03:01:08,,2821.531,3.4611285476693214,,-1.7797379985412234,,,31.542375291159843,38.54382874673793,99.0,1.3893644292809475,0.6946822146404737,2.4684655225527004,,
B0018,241,charge,24.0,2008-08-10 03:49:44,102.0,10333.687,4.162609777349233,4.203095752943368,0.5015668377758273,0.4978496058217102,4.40774105518496,25.560938902561947,33.69818797179976,,,,,,
B0018,242,impedance,24.0,2008-08-10 06:47:17,,,,,,,,,,,,,,0.06546443423939434,0.0925002319045349
B0018,243,discharge,24.0,2008-08-10 07:19:08,,2805.156,3.455556822823358,,-1.7856528650965158,,,31.52669677306915,38.650883957434026,100.0,1.3785651415666713,0.6892825707833357,2.4092923539400735,,
B0018,244,impedance,24.0,2008-08-10 08:11:28,,,,,,,,,,,,,,0.06545297065463919,0.0888408418585299
B0018,245,charge,24.0,2008-08-10 08:43:19,103.0,10501.25,4.170174003547436,4.20206279696643,0.4896671853234063,0.4859592570401438,4.379606351108448,24.66855691720926,28.153870845632895,,,,,,
B0018,246,discharge,24.0,2008-08-10 11:39:39,,2814.906,3.459598362944341,,-1.7784070647657095,,,31.435921914290372,38.45654834997334,101.0,1.384901110085747,0.6924505550428735,2.477625480372779,,
B0018,247,charge,24.0,2008-08-10 12:28:09,104.0,10317.235,4.162381635047658,4.20267699398556,0.49784316497500686,0.49419926650366747,4.010191320293399,25.378329503723524,33.56071799477596,,,,,,
B0018,248,discharge,24.0,2008-08-10 15:21:25,,2801.156,3.4506569891269216,,-1.7778412667349817,,,31.475238112886494,38.6564130442344,102.0,1.3703251814242443,0.6851625907121222,2.335608852853518,,
B0018,249,charge,24.0,2008-08-10 16:09:41,105.0,10206.859,4.162750747178852,4.203826360237285,0.5040891316871717,0.5004268823895456,4.338940261356566,25.490176768563206,33.73187121626518,,,,,,
B0018,250,discharge,24.0,2008-08-10 19:01:07,,2794.187,3.455515243082573,,-1.7764462760420034,,,31.5817445550721,38.655587491253975,103.0,1.3733464385229082,0.6866732192614541,2.441999086782534,,
B0018,251,charge,24.0,2008-08-10 19:49:16,106.0,10173.703,4.164253939009342,4.203161411020839,0.48643767097731205,0.4827272117962466,4.390831769436997,25.519272260346444,33.750738523169446,,,,,,
B0018,252,discharge,24.0,2008-08-10 22:40:10,,2785.391,3.455840338587253,,-1.7752748972563315,,,31.647958536134297,38.6997087046862,104.0,1.3679487285504814,0.6839743642752407,2.4651687831472158,,
B0018,253,charge,24.0,2008-08-10 23:28:10,107.0,10078.407000000007,4.162950595982994,4.2027125732168695,0.5045042623600782,0.5006958730158729,4.334640634920635,25.65782286764763,33.78172962289607,,,,,,
B0018,254,impedance,24.0,2008-08-11 02:21:28,,,,,,,,,,,,,,0.06605675981972527,0.09024364278181114
B0018,255,discharge,24.0,2008-08-11 02:53:19,,2779.5,3.448678293668265,,-1.7742013268724648,,,31.662032275252905,38.87481687744787,105.0,1.3567141087089647,0.6783570543544823,2.370892032033162,,
B0018,256,impedance,24.0,2008-08-11 03:45:14,,,,,,,,,,,,,,0.06550914978909368,0.08957234616173203
B0018,257,charge,24.0,2008-08-14 10:05:53,108.0,10653.719,4.173684466340272,4.202970107730749,0.47545630218872403,0.4717334948516051,4.257261659600243,23.343285627002313,26.510166321530292,,,,,,
B0018,258,discharge,24.0,2008-08-14 13:04:49,,2899.234,3.474503178644755,,-1.8196650877007408,,,30.434500875864142,37.363974526077364,106.0,1.4604310209194575,0.7302155104597288,2.461879783248223,,
B0018,259,charge,24.0,2008-08-14 13:54:59,109.0,10418.265,4.156451549681618,4.203744225498938,0.5236778780433929,0.5198700495049505,4.292503712871287,24.967082308519945,33.26311506460614,,,,,,
B0018,260,discharge,24.0,2008-08-14 16:49:56,,2894.922,3.474031881945217,,-1.8096836854216038,,,31.017997058077018,37.88258787662229,107.0,1.4500998937104097,0.7250499468552049,2.4247066368907255,,
B0018,261,charge,24.0,2008-08-14 17:39:49,110.0,10094.985,4.155486169449989,4.202335936360702,0.5353060762771973,0.5313243416827231,4.227443802183687,25.573348127075526,33.62887168983149,,,,,,
B0018,262,discharge,24.0,2008-08-14 20:29:23,,2888.25,3.474404210386772,,-1.7993287687468955,,,31.39483761465523,38.158980736604235,108.0,1.4381406901824496,0.7190703450912248,2.4447222974031386,,
B0018,263,charge,24.0,2008-08-14 21:19:09,111.0,10110.108999999997,4.1568851217769796,4.20330985503628,0.5308732730218649,0.5266580811332904,4.37974179008371,25.545704002011487,33.71904176342745,,,,,,
B0018,264,discharge,24.0,2008-08-15 00:08:59,,2873.906,3.471767043833224,,-1.7959419603883284,,,31.24511885640641,38.05243159675446,109.0,1.4283681980964316,0.7141840990482158,2.443569395327192,,
B0018,265,charge,24.0,2008-08-15 00:58:33,112.0,10105.172,4.15753550770743,4.203179984201726,0.5259894582843314,0.5217682847896441,4.276919093851133,25.35196919383656,33.54065773317013,,,,,,
B0018,266,discharge,24.0,2008-08-15 03:59:10,,2847.406,3.4685305272975935,,-1.7956017209600372,,,31.05306925187263,37.89096376444466,110.0,1.4147874517552432,0.7073937258776216,2.4666000274194886,,
B0018,267,impedance,24.0,2008-08-15 04:52:13,,,,,,,,,,,,,,0.06602461415916355,0.0893968694708912
B0018,268,charge,24.0,2008-08-15 05:24:05,113.0,10466.765,4.167562376512157,4.202562976491467,0.5031720061417144,0.4990578616352201,4.36811572327044,24.306296956106422,27.797561801513456,,,,,,
B0018,269,discharge,24.0,2008-08-15 08:19:52,,2849.281,3.4651213646662598,,-1.7929541659933774,,,30.88589263299331,37.81203585126145,111.0,1.413889163393182,0.706944581696591,2.4272514813701016,,
B0018,270,charge,24.0,2008-08-15 09:09:00,114.0,10183.125,4.159079563061728,4.204210716962248,0.5147526024796546,0.5108730569948186,4.09988860103627,25.04791563153191,33.24550252433356,,,,,,
B0018,271,discharge,24.0,2008-08-15 12:00:03,,2833.688,3.4652879859475885,,-1.784474211719448,,,31.053992379018933,37.9591954678784,112.0,1.3989331662177225,0.6994665831088612,2.4762628371779,,
B0018,272,charge,24.0,2008-08-15 12:48:53,115.0,10023.328,4.159784786829386,4.202376618036477,0.5208710707575381,0.5169920739762219,4.408478863936592,25.39894282334293,33.25183568543322,,,,,,
B0018,273,discharge,24.0,2008-08-15 15:37:16,,2826.453,3.461799526154992,,-1.793581043096934,,,31.492840068071885,38.521043498835155,113.0,1.3953322584033976,0.6976661292016988,2.3607989727330003,,
B0018,274,charge,24.0,2008-08-15 16:25:59,116.0,9974.5,4.159248824758058,4.202638726430576,0.5226117099500373,0.5188085106382979,4.356409574468086,25.887841606934128,33.985445246183865,,,,,,
B0018,275,discharge,24.0,2008-08-15 19:13:34,,2818.312,3.463260140320492,,-1.7920645354970144,,,31.93832684630049,38.878687997701746,114.0,1.390046129540245,0.6950230647701225,2.377011586588198,,
B0018,276,charge,24.0,2008-08-15 20:02:08,117.0,10062.969,4.159959586593152,4.202951503258163,0.5172904010200385,0.5131462607544672,4.412383851753806,26.10841222140624,34.35620577687582,,,,,,
B0018,277,impedance,24.0,2008-08-15 22:55:12,,,,,,,,,,,,,,0.06528925688517716,0.0913916544478255
B0018,278,discharge,24.0,2008-08-15 23:27:04,,2812.7189999999973,3.462839429201602,,-1.7809541104468565,,,31.74562722135923,38.65118899876309,115.0,1.3860271454209647,0.6930135727104824,2.4567563196678455,,
B0018,279,impedance,24.0,2008-08-16 00:19:33,,,,,,,,,,,,,,0.06297327821062598,0.08791100017078796
B0018,280,charge,24.0,2008-08-16 00:51:25,118.0,10809.453,4.170312939267002,4.203237378174695,0.47733972040418465,0.4733205207687538,4.404044017358959,24.72407785161255,28.353524179601084,,,,,,
B0018,281,discharge,24.0,2008-08-16 03:52:55,,2803.5,3.4569152237960306,,-1.7989851707207014,,,31.31018499405759,38.434235278537344,116.0,1.388215260193751,0.6941076300968755,2.3277314025979847,,
B0018,282,charge,24.0,2008-08-16 04:41:15,119.0,10501.516,4.162441369380301,4.203131632988233,0.49199244540356535,0.48787187700192186,4.402035874439462,25.23968918098469,33.9430389450899,,,,,,
B0018,283,discharge,24.0,2008-08-16 07:37:37,,2783.25,3.4574690175816127,,-1.7873231599598716,,,31.127360345471814,38.103875724329995,117.0,1.3761826562394497,0.6880913281197248,2.4537913827403948,,
B0018,284,charge,24.0,2008-08-16 08:25:37,120.0,10463.781,4.163440302309122,4.2034430204969295,0.48885966169922906,0.4847722580645162,4.401591612903226,24.983659236998836,33.446010491152634,,,,,,
B0018,285,discharge,24.0,2008-08-16 11:21:22,,2776.391,3.4502191781217797,,-1.7861666392556754,,,30.985550813719595,38.12742842632319,118.0,1.3647168898640165,0.6823584449320083,2.3475608877759067,,
B0018,286,charge,24.0,2008-08-16 12:09:15,121.0,10340.328,4.163487115140979,4.202657460212684,0.4934705451046349,0.4892060367454068,4.403746719160106,24.85258610041868,33.41426580080105,,,,,,
B0018,287,discharge,24.0,2008-08-16 15:02:56,,2766.516,3.4486728051793962,,-1.7849995504167615,,,30.899653280757406,38.03962943213698,119.0,1.3589854739373584,0.6794927369686792,2.3558347560196564,,
B0018,288,charge,24.0,2008-08-16 15:50:39,122.0,10076.125,4.162685147745989,4.203092140987594,0.5016977869427794,0.4975677506775068,4.272998644986449,24.773634709858584,33.3135615953415,,,,,,
B0018,289,impedance,24.0,2008-08-16 18:43:57,,,,,,,,,,,,,,0.06516852362411818,0.09570731197373636
B0018,290,discharge,24.0,2008-08-16 19:15:49,,2751.516,3.444632719716698,,-1.778331020505836,,,30.706123644966482,37.85657903247749,120.0,1.3462308764008801,0.6731154382004401,2.3791102362944754,,
B0018,291,impedance,24.0,2008-08-16 20:07:19,,,,,,,,,,,,,,0.0637387678424481,0.09115176519190589
B0018,292,charge,24.0,2008-08-18 11:25:33,123.0,10815.375,4.175489159278192,4.203011750737204,0.4635881608368513,0.4597711379529561,4.401092180546725,23.375868750307735,26.55517783008312,,,,,,
B0018,293,discharge,24.0,2008-08-18 14:27:16,,2848.859,3.467272639213176,,-1.809775952165901,,,30.47122187456595,37.43017193410286,121.0,1.4268427818454643,0.7134213909227322,2.444740635238248,,
B0018,294,charge,24.0,2008-08-18 15:16:36,124.0,10255.922,4.158124864947942,4.203185027597145,0.5166931148776153,0.5127954393024815,4.173003353454058,24.891081474259465,33.17368480164245,,,,,,
B0018,295,discharge,24.0,2008-08-18 18:08:54,,2840.016,3.464490491162134,,-1.7896694300229208,,,30.939221783021114,37.8264149292754,122.0,1.4064481483279663,0.7032240741639831,2.431867772331712,,
B0018,296,charge,24.0,2008-08-18 18:57:53,125.0,10173.578,4.158929190481194,4.203194635783857,0.5159693165732463,0.5118078750848608,4.278483367277665,25.20368568012635,33.247864854486515,,,,,,
B0018,297,discharge,24.0,2008-08-18 21:48:48,,2817.375,3.459667012281024,,-1.7970097248124899,,,31.111640631561894,38.08307173716899,123.0,1.3934907492075153,0.6967453746037576,2.344037291947413,,
B0018,298,charge,24.0,2008-08-18 22:37:25,126.0,10016.75,4.159012345148583,4.203408305101649,0.5200484151900658,0.5157318590186591,4.36818382861092,25.23904482462839,33.59328233807114,,,,,,
B0018,299,discharge,24.0,2008-08-19 01:25:43,,2809.234,3.462241956955771,,-1.7861513769566684,,,31.037910219908994,37.88279649093536,124.0,1.3882493512249316,0.6941246756124658,2.456436863057259,,
B0018,300,charge,24.0,2008-08-19 02:14:12,127.0,10050.266,4.159963735414856,4.203070618530517,0.5123880559166453,0.5082912353347135,4.130665286404417,25.133053833512577,33.26455936648607,,,,,,
B0018,301,discharge,24.0,2008-08-19 05:17:05,,2791.187,3.4555661695067355,,-1.784162084841115,,,30.967950840538833,37.96027066990377,125.0,1.3701878338420928,0.6850939169210464,2.395547668334432,,
B0018,302,impedance,24.0,2008-08-19 06:09:14,,,,,,,,,,,,,,0.06521856379431411,0.09034871149507483
B0018,303,charge,24.0,2008-08-19 06:41:07,128.0,10633.282,4.170360938234565,4.203447994730693,0.48320818982947716,0.4791993442622951,4.406274754098361,24.147820442416382,27.68427144564605,,,,,,
B0018,304,discharge,24.0,2008-08-19 09:39:42,,2794.016,3.458696199585801,,-1.7845257009241222,,,30.93996203578424,37.880513353762176,126.0,1.3796951665608619,0.6898475832804309,2.4536749172979215,,
B0018,305,charge,24.0,2008-08-19 10:27:54,129.0,10097.844,4.161601476435183,4.202597283988021,0.5081785189586588,0.5043277893277893,4.409525294525294,25.12735529609495,33.198514086152535,,,,,,
B0018,306,discharge,24.0,2008-08-19 13:17:33,,2774.719,3.4525282614097663,,-1.7920667435100546,,,31.295019295352862,38.43416278222213,127.0,1.3686586323935683,0.6843293161967842,2.3062728144586413,,
B0018,307,charge,24.0,2008-08-19 14:05:26,130.0,10083.016,4.160779048658415,4.20355409015183,0.5061231886509377,0.5023498257839721,4.232179094076655,25.6594793246311,33.8725684510221,,,,,,
B0018,308,discharge,24.0,2008-08-19 16:54:51,,2777.844,3.4552290080443044,,-1.782779873271704,,,31.81846533166901,38.847489737859576,128.0,1.3627371779096438,0.6813685889548219,2.3471092023857154,,
B0018,309,charge,24.0,2008-08-19 17:42:47,131.0,10090.813,4.161271941807537,4.204756237994802,0.5053888163324816,0.5016524475524475,4.408166433566434,26.045548508382414,34.158880896905515,,,,,,
B0018,310,discharge,24.0,2008-08-19 20:32:20,,2781.125,3.4619744219744675,,-1.7725212915953121,,,32.00067162597675,38.80283421497622,129.0,1.3634051133928073,0.6817025566964037,2.4884289104730986,,
B0018,311,charge,24.0,2008-08-19 21:20:19,132.0,9930.265,4.160757772430995,4.203717503977368,0.5079323659931732,0.5040035637918745,4.111652886671418,26.00215346022804,33.94236999274477,,,,,,
B0018,312,impedance,24.0,2008-08-20 00:11:12,,,,,,,,,,,,,,0.06590455963486774,0.0920096535708447
B0018,313,discharge,24.0,2008-08-20 00:43:05,,2760.906,3.452221905520614,,-1.769870119236631,,,31.73992229230571,38.72699121838442,130.0,1.3518646035305233,0.6759323017652616,2.3992178234155577,,
B0018,314,impedance,24.0,2008-08-20 01:34:44,,,,,,,,,,,,,,0.06606850271516486,0.08895885074391789
B0018,315,charge,24.0,2008-08-20 02:06:37,133.0,10440.172,4.171070568365157,4.203240633615815,0.48271582458399365,0.47876125511596185,4.406832878581174,24.827762393081734,28.313325054253593,,,,,,
B0018,316,discharge,24.0,2008-08-20 05:02:00,,2753.25,3.447650049442191,,-1.7884847819526568,,,31.52613649688221,38.67191958148309,131.0,1.3547969729652622,0.6773984864826311,2.2786338886500292,,
B0018,317,charge,24.0,2008-08-20 05:49:31,134.0,9985.172,4.161912167742629,4.202842541373347,0.5062811902823964,0.5022101501072195,4.375052894924947,25.37597644051525,34.01308891174985,,,,,,
B0018,318,discharge,24.0,2008-08-20 08:37:19,,2742.843,3.447928507599004,,-1.77774044867741,,,31.27624493654335,38.371813640118894,132.0,1.341051440640485,0.6705257203202425,2.3655846763383734,,
